customer_id,age,income,region,education,satisfaction_level,signup_date,total_purchases,total_spent,avg_order_value,last_purchase_date,purchased,product_id,price,rating,first_name,last_name,phone_verified,loyalty_tier,days_since_signup,days_since_last_purchase,customer_numeric_id,customer_id_flag_suffix,region_label,loyalty_tier_label,gender_Female,gender_Male,gender_Other,category_Apparel,category_Beauty,category_Books,category_Electronics,category_Home & Kitchen,category_Sports,category_Toys,education_ordinal,satisfaction_ordinal,income_group,income_group_encoded,age_standard,income_standard,total_spent_standard,avg_order_value_standard,price_standard,purchase_per_day,income_log,income_sqrt,days_since_signup_reciprocal,total_spent_yeojohnson,income_boxcox,income_binned_quantile,frequent_buyer
CUST0001,56.0,60318.286,East,Bachelors,High,2024-08-02,2,92.34,46.17,2024-05-10,1,P017,336.17,3.8,Casey,Johnson,True,Silver,-62,22,1,0,1,3,False,True,False,False,True,False,False,False,False,False,1,2,High,2,0.5445923470150705,0.11672756482457565,-0.905257469996703,-0.5385250708510535,0.8744613225312807,-0.03225806451612903,11.007407165741755,245.59781350818253,-0.016129034859521753,-1.7001769327864247,0.16693202416281044,Q3,0
CUST0002,69.0,50942.844,West,Bachelors,High,2021-08-17,6,403.44,67.24,2023-12-26,1,P035,130.15,3.4,Morgan,Smith,False,Platinum,1019,158,2,0,4,2,False,True,False,False,False,False,False,False,True,False,1,2,Mid,1,1.24355969864566,-0.349494104553164,-0.018811293962435166,-0.3480295038614787,-0.5823081258933824,0.005888125613346418,10.838479207013437,225.70521482677356,0.0009813542592605078,0.30745979226552284,-0.3013581084082529,Q2,1
CUST0003,46.0,87312.96,West,High School,High,2021-02-21,2,73.2,36.6,2024-03-28,1,P036,322.89,4.0,Drew,Lee,True,Platinum,1196,65,3,0,4,2,False,True,False,False,False,False,True,False,False,False,0,2,Very High,3,0.006925153453078743,1.4591178197680614,-0.9597948528616849,-0.6250482116242017,0.7805583117795112,0.0016722408026755853,11.377265637405685,295.48766471715874,0.0008361203943468195,-1.9963626718484857,1.4118651811699987,Q4,0
CUST0004,32.0,53658.86,West,Bachelors,High,2022-07-18,4,116.02,38.67333333333333,2024-01-07,1,P038,242.83,2.9,Jordan,Clark,False,Gold,684,146,4,0,4,1,True,False,False,False,False,False,False,False,True,False,1,2,Mid,1,-0.7458089175337098,-0.2144321508258995,-0.8377838427112917,-0.6063030379701096,0.21445326352750413,0.005847953216374269,10.890420514956457,231.64382141555168,0.0014619882827194696,-1.4037279237964102,-0.16331921869287772,Q2,0
CUST0005,60.0,65194.12,Central,Bachelors,High,2022-05-17,2,82.28999999999999,41.144999999999996,2023-10-19,1,P030,384.12,4.8,Casey,Smith,False,Platinum,746,226,5,0,0,2,False,True,False,False,False,False,False,False,True,False,1,2,High,2,0.7596592244398673,0.35919287654947807,-0.9338938700903846,-0.5839565005673617,1.213516244635749,0.002680965147453083,11.08513989848783,255.3313925078544,0.0013404825557576064,-1.8477967894895413,0.4020839316861237,Q3,0
CUST0006,25.0,69972.73,West,PhD,High,2022-04-03,3,374.11,124.70333333333333,2023-09-14,1,P022,414.28,2.6,Sam,Wilson,True,Silver,790,261,6,0,4,3,True,False,False,False,False,False,False,False,False,True,3,2,Very High,3,-1.122175953027104,0.596823436421232,-0.10238399194727946,0.17150112093416778,1.4267779015840443,0.0037974683544303796,11.155875164879903,264.52359063040103,0.0012658227687870535,0.1993421963528946,0.6276773491834136,Q4,0
CUST0007,38.0,23569.09,North,High School,Medium,2021-10-13,3,533.1800000000001,177.7266666666667,2024-04-15,0,P016,16.58,3.5,Casey,Wilson,True,Gold,962,47,7,0,2,1,False,False,True,False,False,True,False,False,False,False,0,1,Low,0,-0.4232086013965147,-1.7107352371862254,0.35086895958525355,0.6508893481297331,-1.3853627140770004,0.0031185031185031187,10.067733814336124,153.522278513576,0.0010395010286954156,0.7119566427856142,-1.848790771213144,Q1,0
CUST0008,56.0,102100.6,West,Bachelors,High,2021-07-29,5,281.90000000000003,70.47500000000001,2024-02-23,1,P005,228.93,4.7,Taylor,Moore,False,Silver,1038,99,8,0,4,3,False,True,False,False,False,False,False,False,False,True,1,2,Very High,3,0.5445923470150705,2.1944770921049854,-0.3651265245481146,-0.3187816083127707,0.11616622667135994,0.004816955684007707,11.533723674940841,319.5318450483457,0.0009633911275203168,-0.20085256634819323,2.045523579834347,Q4,1
CUST0009,36.0,47245.74,Central,Bachelors,Medium,2024-10-17,2,182.75,91.375,2023-04-30,1,P034,369.95,3.9,Sam,Davis,True,Bronze,-138,398,9,0,0,0,False,True,False,False,False,False,False,False,True,False,1,1,Mid,1,-0.5307420401089131,-0.5333435698629722,-0.6476438448753331,-0.1298230250150909,1.113320035121248,-0.014492753623188406,10.76313893583265,217.36085204102417,-0.00724637733669401,-0.7980411369640293,-0.4927235278632647,Q2,0
CUST0010,40.0,63902.2,West,Bachelors,Low,2024-01-22,3,326.17,108.72333333333334,2024-03-25,1,P034,369.95,3.9,Taylor,Johnson,False,Bronze,131,68,10,0,4,0,False,True,False,False,False,False,False,False,True,False,1,0,High,2,-0.3156751626841164,0.29494832156183143,-0.2389838944837076,0.027024653896037535,1.113320035121248,0.022900763358778626,11.065124717359014,252.7888446905836,0.007633587203542961,0.004401824793776326,0.34028565859304666,Q3,0
CUST0011,28.0,66530.48,East,Bachelors,Medium,2021-06-28,6,443.85,73.97500000000001,2023-10-27,1,P036,322.89,4.0,Jamie,Moore,False,Silver,1069,218,11,0,1,3,True,False,False,False,False,False,True,False,False,False,1,1,High,2,-0.9608757949585066,0.4256473423858229,0.09633267895156285,-0.28713782642081476,0.7805583117795112,0.005612722170252572,11.105430498091991,257.93503057940774,0.0009354536862913594,0.44503714795894866,0.46563804715823304,Q3,1
CUST0012,45.8,40333.89,East,Bachelors,Medium,2024-04-24,4,251.2,62.8,2024-02-02,1,P021,57.84,4.5,Casey,Wilson,True,Gold,38,120,12,0,1,1,False,True,False,False,True,False,False,False,False,False,1,1,Low,0,-0.003828190418161247,-0.8770558178282978,-0.45260289100344103,-0.38817190146155994,-1.093612847840705,0.10526315789473684,10.60497213020732,200.83299031782602,0.026315782548478276,-0.36157162187453107,-0.8625733518227751,Q1,0
CUST0013,41.0,88245.65,Central,Bachelors,Very High,2023-05-15,3,458.28999999999996,152.76333333333332,2024-03-16,1,P030,384.12,4.8,Casey,Lee,True,Bronze,383,77,13,0,0,0,False,True,False,False,False,False,False,False,True,False,1,3,Very High,3,-0.2619084433279172,1.5054985972089456,0.13747791450905167,0.4251938409022489,1.213516244635749,0.007832898172323759,11.387891013735087,297.06169392905576,0.002610965989269818,0.4913887789453886,1.4526999546482484,Q4,0
CUST0014,53.0,52833.41000000001,North,Masters,High,2021-03-07,4,266.92,66.73,2023-11-20,1,P038,242.83,2.9,Drew,Lee,False,Bronze,1182,194,14,0,2,0,False,True,False,False,False,False,False,False,True,False,2,2,Mid,1,0.38329218894647304,-0.2554801010972414,-0.40781043234944325,-0.3526404549371636,0.21445326352750413,0.00338409475465313,10.874917961972619,229.85519354584966,0.0008460236815057219,-0.27713135081459195,-0.20505448862957915,Q2,0
CUST-0015A,57.0,51157.49,North,Bachelors,Very High,2021-03-03,3,262.24,87.41333333333334,2024-01-01,1,P035,130.15,3.4,Jamie,Miller,True,Bronze,1186,152,15,1,2,0,True,False,False,False,False,False,False,False,True,False,1,3,Mid,1,0.5983590663712698,-0.33882019537157504,-0.42114559179605326,-0.16564077242327147,-0.5823081258933824,0.002529510961214165,10.842683740010909,226.18021575725848,0.0008431703132953599,-0.301777191074337,-0.2903730861967573,Q2,0
CUST0016,41.0,57493.14,South,Bachelors,High,2021-07-11,5,341.23,68.24600000000001,2023-09-27,1,P028,473.1,3.0,Alex,Garcia,True,Bronze,1056,248,16,0,3,0,False,True,False,False,False,False,False,False,True,False,1,2,High,2,-0.2619084433279172,-0.023761201929657763,-0.19607203523884717,-0.33893417683767635,1.842694700711987,0.004734848484848485,10.959438308548476,239.7772716501712,0.000946969688002181,0.06835625175944546,0.028181616721970955,Q3,1
CUST0017,20.0,68756.54,Central,Bachelors,Medium,2022-03-24,3,140.94,46.98,2024-04-20,1,P026,97.94,2.5,Avery,Johnson,False,Platinum,800,42,17,0,0,2,True,False,False,False,False,False,True,False,False,False,1,1,High,2,-1.3910095498081,0.5363447803663479,-0.7667769680511375,-0.5312017956132009,-0.8100653530254978,0.00375,11.138341682242476,262.21468303662937,0.0012499999843750003,-1.1468977443048947,0.5706948706177418,Q3,0
CUST0018,39.0,55194.37,West,Bachelors,Medium,2022-04-22,4,328.0,82.0,2024-01-20,1,P027,171.78,3.4,Alex,Johnson,True,Gold,771,133,18,0,4,1,True,False,False,False,False,False,False,False,False,True,1,1,Mid,1,-0.36944188204031553,-0.13807436038293014,-0.23376950521291784,-0.2145831550828301,-0.2879419860141536,0.005188067444876783,10.918634351935737,234.9348207482237,0.0012970168443966687,0.012317742187223427,-0.08617090153780098,Q2,0
CUST0019,19.0,70874.74,Central,Bachelors,High,2023-11-01,6,536.79,89.46499999999999,2024-05-23,1,P040,147.94,4.8,Alex,Clark,True,Gold,213,9,19,0,0,1,False,True,False,False,False,False,False,True,False,False,1,2,Very High,3,-1.4447762691642991,0.641678559837858,0.3611552684746255,-0.1470914888475584,-0.4565148607372095,0.028169014084507043,11.168683481892655,266.2231019276877,0.004694835460336363,0.7218454506766694,0.6697553601538616,Q4,1
CUST0020,41.0,24672.3,South,Bachelors,Low,2024-05-17,4,292.0,73.0,2024-03-15,1,P031,126.52,3.6,Taylor,Davis,False,Silver,15,78,20,0,3,3,True,False,False,False,False,True,False,False,False,False,1,0,Low,0,-0.2619084433279172,-1.655874846830846,-0.33634765480222556,-0.2959528799478597,-0.6079758916335122,0.26666666666666666,10.113476966284905,157.0741862942476,0.06666662222225185,-0.15151724269507438,-1.7787236335596914,Q1,0
CUST0021,61.0,41536.54,Central,High School,Very High,2021-02-24,6,465.44,77.57333333333334,2024-04-24,1,P020,209.32,3.2,Morgan,Garcia,True,Gold,1193,38,21,0,0,1,False,True,False,False,False,False,False,True,False,False,0,3,Low,0,0.8134259437960665,-0.817250478445137,0.15785107477470595,-0.25460500494237054,-0.02249627640410682,0.005029337803855826,10.63435287564764,203.80515204479008,0.0008382229602831269,0.5138399530567646,-0.796983127314783,Q1,1
CUST0022,47.0,16501.59,Central,High School,High,2024-02-24,5,401.94,80.388,2024-05-26,1,P024,473.72,3.4,Jamie,Johnson,False,Silver,98,6,22,0,0,3,True,False,False,False,True,False,False,False,False,False,0,2,Low,0,0.06069187280927792,-2.0621876431983552,-0.02308538352865632,-0.2291573769142109,1.8470787268163618,0.05102040816326531,9.711272617267188,128.45851470416432,0.010204080591420348,0.3021103064235463,-2.3232078984882114,Q1,1
C0023X,55.0,90946.15,South,High School,Medium,2022-02-12,2,118.15,59.075,2024-04-08,1,P024,473.72,3.4,Jordan,Garcia,False,Bronze,840,54,23,1,3,0,True,False,False,False,True,False,False,False,False,False,0,1,Very High,3,0.4908256276588714,1.6397889718019072,-0.8317146355272574,-0.4218499264751416,1.8470787268163618,0.002380952380952381,11.418033847556444,301.5727938657597,0.0011904761763038552,-1.3798762995002212,1.570238577860983,Q4,0
CUST0024,19.0,90711.86,North,High School,Very High,2024-08-23,4,415.9,103.975,2023-07-22,1,P012,15.62,4.1,Avery,Moore,True,Bronze,-83,315,24,0,2,0,True,False,False,False,False,True,False,False,False,False,0,3,Very High,3,-1.4447762691642991,1.628138206438684,0.016692143367641844,-0.015905410204049526,-1.3921508835289356,-0.04819277108433735,11.415454412160576,301.1840965256964,-0.012048194222674002,0.3511957425774417,1.5600813633429473,Q4,0
CUST0025,38.0,66279.09,West,Bachelors,High,2024-01-22,4,495.31999999999994,123.82999999999998,2024-01-11,1,P040,147.94,4.8,Taylor,Moore,False,Gold,131,142,25,0,4,1,False,True,False,False,False,False,False,True,False,False,1,2,High,2,-0.4232086013965147,0.4131462287887392,0.2429909389338312,0.16360524392874626,-0.4565148607372095,0.030534351145038167,11.101644829415257,257.4472567342678,0.007633587203542961,0.604324899263724,0.45371081520836926,Q3,0
CUST0026,50.0,36772.87,South,Bachelors,High,2023-05-10,3,161.24,53.74666666666667,2023-09-26,1,P017,336.17,3.8,Morgan,Lee,True,Gold,388,249,26,0,3,1,False,True,False,False,True,False,False,False,False,False,1,2,Low,0,0.22199203087787547,-1.0541381024915186,-0.7089342892549444,-0.47002381728875264,0.8744613225312807,0.007731958762886598,10.512542817601213,191.76253544423113,0.002577319521203105,-0.9670502053641926,-1.0601897088938774,Q1,0
CUST0027,29.0,98017.81,East,High School,Low,2022-03-28,1,41.93,40.63,2023-12-10,0,P039,70.18,4.9,Avery,Brown,False,Bronze,796,174,27,0,1,0,False,True,False,False,False,True,False,False,False,False,0,0,Very High,3,-0.9071090756023074,1.9914482461563097,-1.048895373352175,-0.5886126570457495,-1.0063565863439554,0.001256281407035176,11.49291467801033,313.0779615367393,0.0012562813912527463,-2.6839073518368712,1.8733822784671919,Q4,0
CUST0028,39.0,44120.54,North,PhD,Medium,2023-07-09,3,286.63,95.54333333333334,2024-05-27,1,P036,322.89,4.0,Morgan,Clark,True,Gold,328,5,28,0,2,1,False,True,False,False,False,False,True,False,False,False,3,1,Low,0,-0.36944188204031553,-0.6887534119951415,-0.35164889544929734,-0.0921367876285281,0.7805583117795112,0.009146341463414634,10.694703377563357,210.04889906876446,0.0030487803948542566,-0.17754732008541105,-0.6578737382578221,Q1,0
CUST0029,61.0,51162.27,East,High School,High,2024-04-21,6,354.28999999999996,59.048333333333325,2024-01-03,1,P016,16.58,3.5,Drew,Wilson,False,Silver,41,150,29,0,1,3,False,True,False,False,False,True,False,False,False,False,0,2,Mid,1,0.8134259437960665,-0.3385824956898294,-0.1588589620822818,-0.4220910219562233,-1.3853627140770004,0.14634146341463414,10.84277717077292,226.19078230555726,0.024390237953600496,0.1217308219649382,-0.29012860952089864,Q2,1
CUST-0030A,42.0,57871.6,North,Bachelors,Medium,2022-07-24,3,364.42,121.47333333333334,2024-01-15,1,P036,322.89,4.0,Alex,Wilson,True,Bronze,678,138,30,1,2,0,False,True,False,False,False,False,True,False,False,False,1,1,High,2,-0.20814172397171798,-0.004941155579555132,-0.1299946105450681,0.14229843078816282,0.7805583117795112,0.004424778761061947,10.96599932184618,240.56516788595974,0.0014749262319332414,0.16188769249965393,0.04688080807845321,Q3,0
CUST0031,150.0,63127.29,West,Bachelors,Low,2021-01-14,1,115.11,115.11,2024-04-01,1,P021,57.84,4.5,Sam,Miller,False,Bronze,1234,61,31,0,4,0,False,True,False,False,True,False,False,False,False,False,1,0,High,2,5.598663966497794,0.25641362273723173,-0.8403767903814657,0.08476702161507327,-1.093612847840705,0.0008103727714748784,11.052924284031404,251.25144775702287,0.0008103727649078382,-1.414041477240047,0.30304573838361065,Q3,0
CUST0032,44.0,66588.45,North,Bachelors,High,2021-11-23,4,518.52,129.63,2024-04-01,1,P034,369.95,3.9,Riley,Miller,False,Platinum,921,61,32,0,2,2,False,True,False,False,False,False,False,False,True,False,1,2,High,2,-0.10060828525931963,0.42853007262657616,0.3090968575580519,0.21604351106398764,1.113320035121248,0.004343105320304018,11.106301435572135,258.0473793705334,0.0010857763182869021,0.6711488223834273,0.46838659879865197,Q3,0
CUST0033,51.6,39551.552,Central,High School,Low,2023-05-16,4,212.26999999999998,53.067499999999995,2024-05-09,1,P036,322.89,4.0,Avery,Davis,False,Gold,382,23,33,0,0,1,True,False,False,False,False,False,True,False,False,False,0,0,Low,0,0.30801878184779424,-0.9159598959909743,-0.5635297622121008,-0.4761642178225489,0.7805583117795112,0.010471204188481676,10.585385497030654,198.87571998612603,0.0026178009785915975,-0.5938723505387925,-0.9055428845394382,Q1,0
CUST0034,45.0,52398.57,East,Bachelors,High,2022-11-28,3,263.27,87.75666666666666,2024-04-10,1,P037,77.01,4.6,Taylor,Moore,False,Platinum,551,52,34,0,1,2,False,True,False,True,False,False,False,False,False,False,1,2,Mid,1,-0.04684156590312044,-0.2771038102207389,-0.4182107169605815,-0.1625366681043464,-0.958061589097375,0.0054446460980036296,10.866653664168593,228.907339331879,0.0018148819997299093,-0.2963181945910034,-0.22711571620549906,Q2,0
CUST0035,33.0,67025.82,North,Bachelors,Very High,2022-07-24,2,279.13,139.565,2024-01-08,1,P029,197.28,2.6,Avery,Lee,False,Platinum,678,145,35,0,2,2,False,True,False,False,False,False,False,True,False,False,1,3,High,2,-0.6920421981775107,0.4502795935063114,-0.3730193432804031,0.3058666462344398,-0.10763123494712658,0.0029498525073746312,11.112848116782493,258.8934529879039,0.0014749262319332414,-0.21466963001363018,0.4891016197131889,Q3,0
CUST0036,32.0,51594.26,West,PhD,Very High,2021-11-15,3,212.31,70.77,2024-04-04,1,P031,126.52,3.6,Sam,Wilson,False,Platinum,929,58,36,0,4,2,False,True,False,False,False,True,False,False,False,False,3,3,Mid,1,-0.7458089175337098,-0.3171005112719756,-0.5634157864903349,-0.31611448955330596,-0.6079758916335122,0.0032292787944025836,10.851185086785106,227.14369901012003,0.0010764262532139263,-0.5936140160351954,-0.268061218608494,Q2,0
CUST0037,64.0,65427.46,South,Bachelors,Medium,2022-03-17,6,693.45,115.575,2024-04-02,1,P040,147.94,4.8,Jamie,Brown,True,Silver,807,60,37,0,3,3,False,True,False,False,False,False,False,True,False,False,1,1,High,2,0.974726101864664,0.37079640034415356,0.8075411827707633,0.08897112406643315,-0.4565148607372095,0.007434944237918215,11.08871261098279,255.78791996495846,0.0012391573576312595,1.1006243162434521,0.41320786480599114,Q3,1
CUST0038,68.0,63951.25,West,PhD,Very High,2022-11-21,3,204.47,68.15666666666667,2023-12-28,1,P028,473.1,3.0,Jordan,Clark,False,Gold,558,156,38,0,4,1,False,False,True,False,False,False,False,False,True,False,3,3,High,2,1.1897929792894608,0.2973874783379044,-0.5857550279564507,-0.3397418466992997,1.842694700711987,0.005376344086021506,11.065891990125351,252.88584381099707,0.0017921146632237516,-0.6451302356492781,0.3426384688878344,Q3,0
CUST0039,61.0,68731.25,South,Bachelors,Low,2021-07-29,3,176.32000000000002,88.16000000000001,2024-01-31,1,P005,228.93,4.7,Riley,Lee,True,Gold,1038,122,39,0,3,1,False,True,False,False,False,False,False,False,False,True,1,0,High,2,0.8134259437960665,0.5350871600836392,-0.6659654421492011,-0.1588900989529875,0.11616622667135994,0.002890173410404624,11.137973800375972,262.1664547572782,0.0009633911275203168,-0.8465445835367227,0.5695068858052299,Q3,0
CUST0040,69.0,48665.255999999994,North,Masters,Low,2021-07-09,4,1146.27,286.5675,2024-04-26,1,P039,70.18,4.9,Casey,Wilson,False,Bronze,1058,36,40,0,2,0,True,False,False,False,False,True,False,False,False,False,2,0,Mid,1,1.24355969864566,-0.4627539252117216,2.0978033410216055,1.6349280883979413,-1.0063565863439554,0.003780718336483932,10.792741173630596,220.60203081567494,0.0009451795751873386,1.864214260005049,-0.41875533350027344,Q2,0
CUST0041,42.2,47036.22,West,Bachelors,High,2023-02-18,5,426.08,85.216,2023-10-28,1,P038,242.83,2.9,Sam,Wilson,False,Gold,469,217,41,0,4,1,False,False,True,False,False,False,False,False,True,False,1,2,Mid,1,-0.19738838010047802,-0.5437625734862703,0.04569896455706277,-0.1855070400643929,0.21445326352750413,0.010660980810234541,10.758694482186659,216.87835300001703,0.0021321961165843045,0.3860347179763412,-0.503695049844762,Q2,1
CUST0042,54.0,63256.78,West,Masters,Medium,2021-07-18,2,161.47,80.735,2024-03-09,1,P019,162.38,4.8,Jamie,Wilson,True,Silver,1049,84,42,0,4,3,True,False,False,False,False,False,False,False,True,False,2,1,High,2,0.4370589083026722,0.2628528971701302,-0.7082789288547906,-0.22602012196663704,-0.35440947856435184,0.0019065776930409914,11.05497340297797,251.50900580297318,0.0009532888374328996,-0.9651352709144292,0.3092777719197836,Q3,0
CUST0043,68.0,66761.2,North,High School,Medium,2023-01-06,6,604.02,100.67,2024-05-19,1,P017,336.17,3.8,Morgan,Davis,True,Silver,512,13,43,0,2,3,True,False,False,False,True,False,False,False,False,False,0,1,High,2,1.1897929792894608,0.43712057890724054,0.5527199628326578,-0.04578618139059644,0.8744613225312807,0.01171875,11.108892331097394,258.38188791012425,0.001953124961853028,0.895537989886638,0.476573171589686,Q3,1
CUST0044,24.0,31759.76,West,Bachelors,High,2022-12-06,4,306.57,76.6425,2023-10-05,1,P038,242.83,2.9,Drew,Johnson,False,Bronze,543,240,44,0,4,0,True,False,False,False,False,False,False,False,True,False,1,2,Low,0,-1.1759426723833033,-1.303429870599544,-0.2948319981489974,-0.2630207440788741,0.21445326352750413,0.007366482504604052,10.3659868445458,178.21268192808276,0.0018416205922353482,-0.08306670504592815,-1.3480520164678664,Q1,0
CUST-0045A,38.0,50067.2,South,Bachelors,Medium,2024-05-21,5,495.51,99.102,2023-11-05,1,P027,171.78,3.4,Casey,Moore,True,Bronze,11,209,45,1,3,0,False,False,True,False,False,False,False,False,False,True,1,1,Mid,1,-0.4232086013965147,-0.3930381003947042,0.24353232361221935,-0.05996259567819269,-0.2879419860141536,0.45454545454545453,10.821141355007324,223.75701106334074,0.09090900826453795,0.6048838731442455,-0.3463102399287251,Q2,1
C0046X,26.0,65946.05,West,Masters,Medium,2022-06-26,7,540.03,77.14714285714285,2023-12-19,1,P034,369.95,3.9,Morgan,Moore,False,Platinum,706,165,46,1,4,2,True,False,False,False,False,False,False,False,True,False,2,1,High,2,-1.068409233670905,0.39658482669489026,0.3703873019376632,-0.2584582273632278,1.113320035121248,0.009915014164305949,11.096607426288296,256.79963006203883,0.001416430574838094,0.7306682527583888,0.4378896053165134,Q3,1
CUST0047,56.0,85767.26,East,Bachelors,Medium,2021-03-30,3,359.83000000000004,119.94333333333334,2024-02-18,1,P032,69.83,3.6,Avery,Miller,False,Silver,1159,104,47,0,1,3,True,False,False,False,False,True,False,False,False,False,1,1,Very High,3,0.5445923470150705,1.3822533013424578,-0.14307332461770478,0.12846557756110777,-1.0088314397899734,0.0025884383088869713,11.359404286965116,292.8604787266455,0.0008628127621845319,0.1438223105093375,1.3439139189697051,Q4,0
CUST0048,35.0,69848.2,Central,Masters,High,2023-07-30,4,342.37,85.5925,2024-03-31,1,P039,70.18,4.9,Drew,Lee,True,Platinum,307,62,48,0,0,2,True,False,False,False,False,True,False,False,False,False,2,2,High,2,-0.5845087594651123,0.5906308127041199,-0.19282372716851914,-0.18210307324087244,-1.0063565863439554,0.013029315960912053,11.154093911505704,264.28810037532907,0.003257328884126095,0.07309014658653193,0.6218558935760834,Q3,0
CUST0049,21.0,52968.89199999999,South,High School,High,2024-01-04,3,300.69,100.23,2023-10-09,1,P027,171.78,3.4,Riley,Johnson,False,Silver,149,236,49,0,3,3,True,False,False,False,False,False,False,False,False,True,0,2,Mid,1,-1.3372428304519008,-0.2487428566867244,-0.3115864292485844,-0.049764256828442315,-0.2879419860141536,0.020134228187919462,10.877478955646556,230.1497164890715,0.0067114089455430235,-0.11032024493442229,-0.198191624416122,Q2,0
CUST0050,42.0,47829.28,East,Masters,Medium,2021-09-13,3,505.52,168.50666666666666,2024-01-29,1,P039,70.18,4.9,Avery,Miller,True,Platinum,992,124,50,0,1,2,True,False,False,False,False,True,False,False,False,False,2,1,Mid,1,-0.20814172397171798,-0.5043253120625734,0.2720547479841352,0.5675305855457803,-1.0063565863439554,0.0030241935483870967,10.775414190723692,218.699062640881,0.0010080645059670917,0.6340549941759731,-0.4622399927741135,Q2,0
CUST0051,31.0,59503.43,North,Masters,Medium,2023-02-15,4,196.02,49.005,2024-01-17,1,P033,75.33,3.8,Avery,Davis,True,Silver,472,136,51,0,2,3,False,True,False,False,False,False,False,True,False,False,2,1,High,2,-0.7995756368899091,0.07620643263449146,-0.6098323991794966,-0.5128936075185692,-0.9699408856382616,0.00847457627118644,10.993806042543689,243.93324906621484,0.0021186440229100842,-0.7027451263227552,0.1271081026487556,Q3,0
CUST0052,67.0,69503.24,South,Masters,Medium,2021-06-11,4,335.67,83.9175,2023-09-28,1,P032,69.83,3.6,Jordan,Johnson,True,Platinum,1086,247,52,0,3,2,False,True,False,False,False,True,False,False,False,False,2,1,High,2,1.1360262599332616,0.5734766532449135,-0.21191466056430694,-0.19724688314630848,-1.0088314397899734,0.003683241252302026,11.149143036886265,263.63467146792357,0.0009208103045965902,0.045055670903620795,0.6057142733626303,Q3,0
CUST0053,26.0,13125.67,Central,Bachelors,Low,2024-02-05,4,271.92,67.98,2024-02-03,1,P013,208.99,3.3,Sam,Clark,True,Platinum,117,119,53,0,0,2,False,True,False,True,False,False,False,False,False,False,1,0,Low,0,-1.068409233670905,-2.2300652811897903,-0.39356346712870605,-0.3413391042614651,-0.024829709653209412,0.03418803418803419,9.482401317460983,114.56731645630877,0.008547007816495058,-0.2512391974465662,-2.570127271659449,Q1,0
CUST0054,43.0,82194.46,Central,Bachelors,High,2022-08-24,3,222.22,74.07333333333334,2024-05-10,1,P031,126.52,3.6,Casey,Moore,False,Platinum,647,22,54,0,0,2,False,True,False,False,False,True,False,False,False,False,1,2,Very High,3,-0.1543750046155188,1.2045852212292447,-0.5351783014228337,-0.2862487868343265,-0.6079758916335122,0.00463678516228748,11.316855348375423,286.6957620893619,0.0015455950302071867,-0.5309609211817162,1.1854810470124963,Q4,0
CUST0055,19.0,21503.62,North,PhD,Medium,2024-07-11,3,281.33,93.77666666666666,2023-09-22,1,P029,197.28,2.6,Jordan,Garcia,True,Platinum,-40,253,55,0,2,2,False,True,False,False,False,False,False,True,False,False,3,1,Low,0,-1.4447762691642991,-1.8134468609634982,-0.36675067858327876,-0.10810936325018218,-0.10763123494712658,-0.075,9.976023074752485,146.64112656413957,-0.025000006250001563,-0.20368546718451455,-1.9825778721191438,Q1,0
CUST0056,37.0,72944.92,North,High School,Medium,2024-06-20,11,1030.01,93.63727272727273,2024-05-25,1,P040,147.94,4.8,Sam,Clark,False,Platinum,-19,7,56,0,2,2,False,True,False,False,False,False,False,True,False,False,0,1,Very High,3,-0.4769753207527139,0.7446244023391935,1.7665329057090244,-0.10936963508310846,-0.4565148607372095,-0.5789473684210527,11.197473623668563,270.08317237473346,-0.05263160664821402,1.6994677675971428,0.7657495150051099,Q4,1
CUST0057,36.2,67362.97,South,Bachelors,High,2023-01-11,2,407.54,203.77,2023-10-18,1,P020,209.32,3.2,Casey,Wilson,True,Bronze,507,227,57,0,3,0,True,False,False,False,False,False,False,True,False,False,1,2,High,2,-0.5199886962376731,0.4670453775440882,-0.007128782481430608,0.8863492223410205,-0.02249627640410682,0.0039447731755424065,11.11786558423412,259.5437728014294,0.0019723865488681155,0.3219880445422085,0.5050433910783461,Q3,0
CUST0058,64.0,12887.33,West,Bachelors,High,2024-03-28,3,248.32999999999998,82.77666666666666,2023-11-23,1,P023,185.73,4.4,Sam,Brown,True,Silver,65,191,58,0,4,3,False,True,False,False,False,False,False,False,False,True,1,2,Low,0,0.974726101864664,-2.241917444818928,-0.4607806490401442,-0.20756124919632948,-0.18930139866572127,0.046153846153846156,9.464077529743156,113.52237664883519,0.015384613017751844,-0.37751488021071866,-2.5882107720767946,Q1,0
CUST0059,24.0,13796.9,North,Masters,High,2022-01-29,2,240.48000000000002,120.24000000000001,2024-03-06,1,P040,147.94,4.8,Avery,Smith,True,Silver,854,87,59,0,2,3,True,False,False,False,False,False,False,True,False,False,2,2,Low,0,-1.1759426723833033,-2.196686377972596,-0.4831483844367015,0.13114776478814022,-0.4565148607372095,0.00234192037470726,9.532271685652628,117.46020602740317,0.0011709601736421525,-0.4220115984848749,-2.5196991087755984,Q1,0
CUST-0060A,61.0,80784.67,West,High School,High,2021-05-23,3,382.99,127.66333333333334,2024-02-04,1,P010,445.76,4.4,Jordan,Wilson,True,Gold,1105,118,60,1,4,1,False,True,False,False,False,False,False,False,False,True,0,2,Very High,3,0.8134259437960665,1.1344792307839893,-0.07708138171525022,0.19826271933422204,1.649373291528751,0.0027149321266968325,11.299554877295403,284.22644141599494,0.0009049773673757705,0.23288326013800525,1.1224220590295506,Q4,0
CUST0061,25.0,76865.0,East,Bachelors,Medium,2021-04-04,5,350.76,70.152,2023-12-31,1,P001,16.27,4.9,Riley,Clark,True,Platinum,1154,153,61,0,1,2,False,True,False,False,False,False,False,False,False,True,1,1,Very High,3,-1.122175953027104,0.9395620107948044,-0.1689173195281222,-0.32170187732737127,-1.3875547271291877,0.004332755632582322,11.249818925084488,277.24537868105216,0.000866551119007356,0.10748662558793767,0.9454052127182625,Q4,1
CUST0062,64.0,50252.634,Central,Masters,Medium,2024-09-16,3,261.46999999999997,87.15666666666665,2024-04-08,1,P037,77.01,4.6,Taylor,Brown,True,Gold,-107,54,62,0,0,1,True,False,False,True,False,False,False,False,False,False,2,1,Mid,1,0.974726101864664,-0.3838168445819764,-0.4233396244400469,-0.16796131642868178,-0.958061589097375,-0.028037383177570093,10.824838141714432,224.17099277114335,-0.009345795265962175,-0.30587119093475845,-0.3367720130338241,Q2,0
CUST0063,52.0,39126.18,West,High School,Medium,2022-04-12,6,1157.32,192.88666666666666,2024-05-21,1,P039,70.18,4.9,Morgan,Clark,True,Gold,781,11,63,0,4,1,True,False,False,False,False,True,False,False,False,False,0,1,Low,0,0.32952546959027385,-0.9371127807239339,2.1292891341594347,0.787952129124605,-1.0063565863439554,0.0076824583866837385,10.574572645140057,197.8033872308561,0.0012804097147194658,1.8790537487324974,-0.9290088511569021,Q1,1
CUST0064,31.0,64226.89,Central,PhD,High,2022-08-16,6,346.31,57.718333333333334,2024-04-16,1,P003,150.9,5.0,Riley,Davis,True,Bronze,655,46,64,0,0,0,False,True,False,True,False,False,False,False,False,False,3,2,High,2,-0.7995756368899091,0.3110944951321291,-0.18159711857457825,-0.43411565907516647,-0.43558467159374276,0.00916030534351145,11.07019281901942,253.43024681359563,0.001526717533943244,0.08933925950780085,0.35585060569658356,Q3,1
CUST0065,34.0,54770.61,West,High School,High,2021-06-13,2,227.64000000000001,113.82000000000001,2024-03-26,1,P024,473.72,3.4,Avery,Smith,True,Platinum,1084,67,65,0,4,2,True,False,False,False,True,False,False,False,False,False,0,2,Mid,1,-0.6382754788213114,-0.15914708363325922,-0.5197345911235546,0.07310402771775243,1.8470787268163618,0.0018450184501845018,10.91092727300028,234.03121586660185,0.0009225092165820183,-0.49778160716843795,-0.1073993377813773,Q2,0
CUST0066,53.0,73979.11,East,Bachelors,High,2022-04-22,8,755.46,94.4325,2024-05-25,1,P026,97.94,2.5,Jordan,Garcia,False,Gold,771,7,66,0,1,1,True,False,False,False,False,False,True,False,False,False,1,2,Very High,3,0.38329218894647304,0.7960525684196583,0.9842320454383459,-0.1021799212623322,-0.8100653530254978,0.010376134889753566,11.211551552273688,271.9910108808745,0.0012970168443966687,1.2288498780940857,0.8134103901199748,Q4,1
CUST0067,67.0,63632.46,North,High School,High,2021-07-26,4,316.9,79.225,2024-05-20,1,P036,322.89,4.0,Drew,Smith,False,Gold,1041,12,67,0,2,1,False,True,False,False,False,False,True,False,False,False,0,2,High,2,1.1360262599332616,0.28153469977227197,-0.26539776800295445,-0.23967215358288094,0.7805583117795112,0.0038424591738712775,11.060894711614727,252.25475218516698,0.0009606147842400117,-0.03634112745368901,0.32733757216625026,Q3,0
CUST0068,57.0,83494.55,East,High School,Medium,2023-02-18,3,260.06,86.68666666666667,2023-12-17,1,P030,384.12,4.8,Sam,Garcia,True,Bronze,469,167,68,0,1,0,False,True,False,False,False,False,False,False,True,False,0,1,Very High,3,0.5983590663712698,1.269236053706402,-0.42735726863229473,-0.1722106242827443,1.213516244635749,0.006396588486140725,11.33254861600563,288.9542351307556,0.0021321961165843045,-0.31339705980467075,1.2433576854057977,Q4,0
C0069X,21.0,72461.4,North,PhD,High,2022-07-24,3,218.94,72.98,2024-04-13,1,P035,130.15,3.4,Taylor,Miller,True,Platinum,678,49,69,1,2,2,False,False,True,False,False,False,False,False,True,False,3,2,Very High,3,-1.3372428304519008,0.7205799357873737,-0.5445243106076374,-0.29613370155867086,-0.5823081258933824,0.004424778761061947,11.190823085622885,269.1865524130059,0.0014749262319332414,-0.551406027985407,0.7433997125864306,Q4,0
CUST0070,19.0,67973.91,North,Bachelors,Medium,2023-07-18,4,158.02,39.505,2024-03-24,1,P024,473.72,3.4,Casey,Miller,False,Platinum,319,69,70,0,2,2,True,False,False,False,True,False,False,False,False,False,1,1,High,2,-1.4447762691642991,0.4974261816373392,-0.7181093348570992,-0.5987838726538782,1.8470787268163618,0.012539184952978056,11.126893945483612,260.71806611740584,0.003134796139975043,-0.9941279765003058,0.5338726284858324,Q3,0
CUST0071,23.0,48661.76,Central,Bachelors,High,2024-07-25,3,248.52999999999997,82.84333333333332,2023-06-14,1,P029,197.28,2.6,Riley,Moore,False,Silver,-54,353,71,0,0,3,True,False,False,False,False,False,False,True,False,False,1,2,Mid,1,-1.2297093917395026,-0.46292777418397707,-0.46021077043131475,-0.2069585104936256,-0.10763123494712658,-0.05555555555555555,10.792669334827634,220.59410690224706,-0.018518521947874435,-0.3763983287564526,-0.41893673353132116,Q2,0
CUST0072,59.0,47344.22,East,High School,Medium,2023-01-18,6,376.71000000000004,62.785000000000004,2024-05-01,1,P024,473.72,3.4,Jamie,Lee,False,Platinum,500,31,72,0,1,2,True,False,False,False,True,False,False,False,False,False,0,1,Mid,1,0.7058925050836682,-0.5284463596834071,-0.09497557003249606,-0.38830751766966826,1.8470787268163618,0.012,10.765221143148805,217.58726984821516,0.001999999960000001,0.20923863924622355,-0.4875714615891535,Q2,1
CUST0073,21.0,54068.34,West,Bachelors,Medium,2021-11-30,7,559.05,79.86428571428571,2024-05-31,1,P039,70.18,4.9,Casey,Miller,False,Gold,914,1,73,0,4,1,False,True,False,False,False,True,False,False,False,False,1,1,Mid,1,-1.3372428304519008,-0.19406954294279438,0.42458275763734743,-0.23389231995159507,-1.0063565863439554,0.007658643326039387,10.89802257590244,232.5259985463991,0.0010940918917495418,0.7814904749132098,-0.14268433660188767,Q2,1
CUST0074,45.8,88136.98,East,Bachelors,Medium,2023-01-29,4,176.38,44.095,2024-04-06,1,P027,171.78,3.4,Jordan,Lee,False,Bronze,489,56,74,0,1,0,False,True,False,False,False,False,False,False,False,True,1,1,Very High,3,-0.003828190418161247,1.5000946590467472,-0.6657944785665523,-0.5572853129727131,-0.2879419860141536,0.0081799591002045,11.38665882004849,296.87872945025885,0.002044989733231294,-0.846084468038005,1.4479486145580578,Q4,0
CUST-0075A,35.0,47687.05,Central,Bachelors,Very High,2022-12-29,3,220.77,73.59,2023-10-02,1,P029,197.28,2.6,Alex,Lee,True,Platinum,520,243,75,1,0,2,False,True,False,False,False,False,False,True,False,False,1,3,Mid,1,-0.5845087594651123,-0.5113981207936811,-0.5393099213368475,-0.29061864242892993,-0.10763123494712658,0.0057692307692307696,10.772436121381011,218.3736476775529,0.0019230768860946754,-0.5399644333757763,-0.4696600250980185,Q2,0
CUST0076,43.0,59689.52,North,Bachelors,Medium,2022-03-06,4,326.43,81.6075,2024-05-10,1,P040,147.94,4.8,Riley,Lee,False,Silver,818,22,76,0,2,3,True,False,False,False,False,False,False,True,False,False,1,1,High,2,-0.1543750046155188,0.08546030999350046,-0.23824305229222928,-0.21813177919499943,-0.4565148607372095,0.004889975550122249,10.996928492801747,244.31438762381555,0.0012224938725856494,0.00552899860634882,0.13621652184522,Q3,0
CUST0077,61.0,14593.55,Central,Masters,Low,2024-10-04,3,518.94,172.98000000000002,2023-10-27,1,P039,70.18,4.9,Riley,Wilson,True,Platinum,-125,218,77,0,0,2,True,False,False,False,False,True,False,False,False,False,2,0,Low,0,0.8134259437960665,-2.157070593147755,0.310293602636594,0.6079743524972138,-1.0063565863439554,-0.024,9.588403450336008,120.80376649757241,-0.008000000640000051,0.6723327735917942,-2.460755800606529,Q1,0
CUST0078,51.0,67164.56,South,Bachelors,Medium,2022-07-01,7,658.03,94.00428571428571,2024-03-18,1,P036,322.89,4.0,Avery,Lee,False,Platinum,701,75,78,0,3,2,True,False,False,False,False,False,True,False,False,False,1,1,High,2,0.27575875023407465,0.45717885163296434,0.7066156811470609,-0.10605144110809299,0.7805583117795112,0.009985734664764621,11.114915895138228,259.16126253744017,0.0014265335031878245,1.022513324341603,0.49566457943947445,Q3,1
CUST0079,27.0,95629.57,South,Bachelors,High,2024-10-31,6,538.48,89.74666666666667,2024-04-28,1,P031,126.52,3.6,Drew,Wilson,False,Gold,-152,34,79,0,3,1,False,True,False,False,False,True,False,False,False,False,1,2,Very High,3,-1.0146425143147058,1.8726859265051734,0.3659707427192348,-0.1445449178286342,-0.6079758916335122,-0.039473684210526314,11.46824781779848,309.2403110850848,-0.006578947801246566,0.7264536216907971,1.7717317215746067,Q4,1
CUST0080,53.0,38194.51,West,High School,High,2024-08-20,3,302.69,100.89666666666666,2024-04-15,1,P036,322.89,4.0,Taylor,Lee,False,Bronze,-80,47,80,0,4,0,False,True,False,False,False,False,True,False,False,False,0,2,Low,0,0.38329218894647304,-0.9834428356385884,-0.3058876431602895,-0.04373686980140317,0.7805583117795112,-0.0375,10.55047324841937,195.43415771046782,-0.012500001562500196,-0.10099527434616848,-0.9806636510470012,Q1,0
CUST0081,31.0,112139.96,Central,Masters,High,2021-05-27,4,212.62,53.155,2023-12-16,1,P028,473.1,3.0,Avery,Wilson,True,Silver,1101,168,81,0,0,3,True,False,False,False,False,False,False,False,True,False,2,2,Very High,3,-0.7995756368899091,2.6937140538060023,-0.5625324746466491,-0.47537312327524994,1.842694700711987,0.0036330608537693005,11.627511930368682,334.87305057289996,0.0009082652051928682,-0.5916134511037489,2.460624646117352,Q4,0
CUST0082,48.0,58280.33,West,Bachelors,Medium,2024-06-01,4,346.11,86.5275,2024-02-14,1,P033,75.33,3.8,Drew,Garcia,False,Gold,0,108,82,0,4,1,False,True,False,False,False,False,False,True,False,False,1,1,High,2,0.11445859216547712,0.015384156328381044,-0.1821669971834077,-0.1736496629354499,-0.9699408856382616,0.0,10.97303708091354,241.41319350855704,99999.99999999999,0.08851857510526587,0.06703609272809179,Q3,0
CUST0083,65.0,12887.33,West,Bachelors,High,2024-07-24,2,456.71000000000004,228.35500000000002,2023-05-08,0,P036,322.89,4.0,Alex,Smith,True,Platinum,-53,390,83,0,4,2,True,False,False,False,False,False,True,False,False,False,1,2,Low,0,1.0284928212208633,-2.241917444818928,0.13297587349929893,1.10862418743066,0.7805583117795112,-0.03773584905660377,9.464077529743156,113.52237664883519,-0.01886792808828832,0.48638367675790195,-2.5882107720767946,Q1,0
CUST0084,32.0,48060.31,South,High School,Medium,2021-12-17,3,533.1,177.70000000000002,2024-05-19,1,P040,147.94,4.8,Casey,Johnson,True,Platinum,897,13,84,0,3,2,False,True,False,False,False,False,False,True,False,False,0,1,Mid,1,-0.7458089175337098,-0.49283665987141917,0.3506410081417216,0.6506482526486516,-0.4565148607372095,0.0033444816053511705,10.780232766513652,219.22661790941353,0.0011148271893553269,0.711736796493159,-0.4502008575240138,Q2,0
CUST0085,25.0,78947.89,West,PhD,High,2023-12-30,3,139.89000000000001,46.63,2024-05-18,1,P020,209.32,3.2,Sam,Lee,True,Gold,154,14,85,0,4,1,True,False,False,False,False,False,False,True,False,False,3,2,Very High,3,-1.122175953027104,1.0431398957553428,-0.7697688307474921,-0.5343661738023964,-0.02249627640410682,0.01948051948051948,11.276555960053603,280.97667162951444,0.006493506071850255,-1.1568389028374566,1.039786367705996,Q4,0
CUST0086,31.0,90987.71,South,High School,High,2022-05-17,2,237.12,118.56,2023-07-01,1,P002,400.36,3.0,Jamie,Moore,False,Bronze,746,336,86,0,3,0,False,True,False,True,False,False,False,False,False,False,0,2,Very High,3,-0.7995756368899091,1.6418556661059565,-0.4927223450650369,0.1159587494800013,1.3283494445309851,0.002680965147453083,11.418490711868106,301.6416914154938,0.0013404825557576064,-0.4414701499632672,1.5720395483778673,Q4,0
CUST0087,40.0,67925.77,North,Masters,Medium,2021-12-01,8,701.9499999999999,87.74374999999999,2024-04-19,1,P039,70.18,4.9,Taylor,Wilson,True,Bronze,913,43,87,0,2,0,True,False,False,False,False,True,False,False,False,False,2,1,High,2,-0.3156751626841164,0.4950322773111384,0.8317610236460161,-0.1626534487279953,-1.0063565863439554,0.008762322015334063,11.126185492107414,260.6257278167296,0.0010952902399201507,1.1188166801687127,0.5316036982578103,Q3,1
CUST0088,57.0,83216.7,Central,Bachelors,Low,2023-08-05,9,2107.64,234.1822222222222,2024-05-09,1,P014,492.89,3.7,Drew,Clark,False,Bronze,301,23,88,0,0,0,False,True,False,False,True,False,False,False,False,False,1,0,Very High,3,0.5983590663712698,1.2554191381053448,4.837124331873627,1.161308572869505,1.9826299855596912,0.029900332225913623,11.329215344567888,288.4730490011155,0.003322259025838571,2.826299672458856,1.2310104569185494,Q4,1
CUST0089,38.0,33799.86,West,High School,Low,2023-02-17,3,347.51,115.83666666666666,2024-04-26,1,P023,185.73,4.4,Casey,Moore,True,Bronze,470,36,89,0,4,0,True,False,False,False,False,False,False,False,False,True,0,0,Low,0,-0.4232086013965147,-1.2019798453423318,-0.17817784692160135,0.09133687347454596,-0.18930139866572127,0.006382978723404255,10.428241524934405,183.84738235830284,0.0021276595291987335,0.09425414781199834,-1.229432093961812,Q1,0
CUST-0090A,33.0,42755.29,North,Masters,Medium,2022-07-07,4,723.3199999999999,180.82999999999998,2024-01-05,0,P028,473.1,3.0,Jamie,Wilson,True,Platinum,695,148,90,1,2,2,False,True,False,False,False,False,False,False,True,False,2,1,Low,0,-0.6920421981775107,-0.7566445187950085,0.8926525529994469,0.6789468347406005,1.842694700711987,0.0057553956834532375,10.663271598044611,206.77352345017482,0.0014388489001604474,1.1636653295849617,-0.7310704265820297,Q1,0
CUST0091,62.0,24769.73,East,Bachelors,Medium,2024-08-03,4,507.13,126.7825,2024-04-17,1,P040,147.94,4.8,Avery,Davis,False,Gold,-63,45,91,0,1,1,True,False,False,False,False,False,False,True,False,False,1,1,Low,0,0.8671926631522657,-1.6510298510165187,0.2766422707852126,0.19029903422474637,-0.4565148607372095,-0.06349206349206349,10.117417993183576,157.38402078991373,-0.015873018392542602,0.6386966842942463,-1.7725795023947586,Q1,0
C0092X,35.0,44108.86,West,Masters,High,2024-02-15,4,338.68,84.67,2023-09-07,1,P033,75.33,3.8,Morgan,Garcia,False,Bronze,107,268,92,1,4,0,False,True,False,False,False,False,False,True,False,False,2,2,Low,0,-0.5845087594651123,-0.6893342346484449,-0.20333798750142318,-0.19044347003953796,-0.9699408856382616,0.037383177570093455,10.694438619210475,210.02109417865626,0.009345793519084718,0.0577139163629359,-0.6584971600039907,Q1,0
CUST0093,64.0,92329.044,North,PhD,Medium,2022-03-26,5,492.69,98.538,2024-02-23,1,P010,445.76,4.4,Avery,Garcia,True,Gold,798,99,93,0,2,1,False,True,False,False,False,False,False,False,False,True,3,1,Very High,3,0.974726101864664,1.708557478849624,0.2354970352277236,-0.06506176510306794,1.649373291528751,0.006265664160401002,11.43312487131806,303.8569466048127,0.0012531328163767818,0.5965669953720508,1.6300388038334375,Q4,1
CUST0094,41.0,58827.8,North,Masters,Medium,2022-10-27,2,146.7,73.35,2024-03-03,1,P038,242.83,2.9,Alex,Wilson,True,Silver,583,90,94,0,2,3,False,True,False,False,False,False,False,False,True,False,2,1,High,2,-0.2619084433279172,0.042608726362970514,-0.7503644641168482,-0.29278850175866417,0.21445326352750413,0.003430531732418525,10.982386809894217,242.5444289197342,0.001715265836787893,-1.093551740719542,0.09396927446881886,Q3,0
CUST0095,43.0,70621.28,East,High School,Low,2021-04-25,3,325.61,108.53666666666668,2023-12-19,1,P040,147.94,4.8,Avery,Smith,True,Gold,1133,165,95,0,1,1,False,True,False,False,False,False,False,True,False,False,0,0,Very High,3,-0.1543750046155188,0.6290745093493066,-0.24057955458843017,0.02533698552846654,-0.4565148607372095,0.00264783759929391,11.16510095443275,265.7466462629397,0.0008826125253079213,0.0019712312453780455,0.6579473227040519,Q4,0
CUST0096,42.0,38142.75,South,Masters,Low,2022-04-15,5,504.33,100.866,2024-05-13,1,P018,446.32,3.6,Avery,Smith,False,Platinum,778,19,96,0,3,2,False,True,False,False,False,False,False,False,False,True,2,0,Low,0,-0.20814172397171798,-0.9860167552049398,0.26866397026159977,-0.04401412960464693,1.6533330570423797,0.006426735218508998,10.549117196292805,195.30168970083182,0.0012853470271806295,0.6306153450018452,-0.9835439648527978,Q1,1
CUST0097,62.0,39240.55,West,Bachelors,Very High,2021-03-07,4,609.21,152.3025,2024-04-23,1,P037,77.01,4.6,Sam,Lee,True,Bronze,1182,39,97,0,4,0,True,False,False,True,False,False,False,False,False,False,1,3,Low,0,0.8671926631522657,-0.9314253931504485,0.5675083127317831,0.42102740961980817,-0.958061589097375,0.00338409475465313,10.57749141340886,198.09227647740335,0.0008460236815057219,0.9081882424115345,-0.9226923544123866,Q1,0
CUST0098,58.0,58682.98,South,Masters,Medium,2022-10-09,1,119.14,119.14,2023-07-04,1,P039,70.18,4.9,Morgan,Garcia,False,Gold,601,333,98,0,3,1,False,True,False,False,False,True,False,False,False,False,2,1,High,2,0.6521257857274689,0.03540712219761126,-0.8288937364135516,0.12120257619352541,-1.0063565863439554,0.0016638935108153079,10.979922055451079,242.24570171625336,0.0016638934831298923,-1.3689251467310086,0.08685179748427796,Q3,0
CUST0099,46.0,44152.34,North,Bachelors,High,2023-04-02,3,268.25,89.41666666666667,2023-10-15,1,P022,414.28,2.6,Morgan,Garcia,False,Bronze,426,230,99,0,2,0,True,False,False,False,False,False,False,False,False,True,1,2,Low,0,0.006925153453078743,-0.6871720626479629,-0.4040207396007272,-0.1475284744070186,1.4267779015840443,0.007042253521126761,10.695423854359827,210.1245820935761,0.002347417785271883,-0.2702004147146792,-0.6561766492867329,Q1,0
CUST0100,32.0,78433.29,South,Masters,High,2022-07-03,5,436.48,87.296,2024-05-12,1,P022,414.28,2.6,Avery,Lee,True,Silver,699,20,100,0,3,3,True,False,False,False,False,False,False,False,False,True,2,2,Very High,3,-0.7458089175337098,1.0175498839925068,0.07533265221619623,-0.1667015925400304,1.4267779015840443,0.00715307582260372,11.270016483168028,280.05944011941466,0.0014306151440541467,0.42083733883696733,1.0165358976836092,Q4,1
CUST0101,62.0,43706.46,North,Bachelors,High,2021-05-16,8,674.86,84.3575,2024-04-29,1,P006,354.83,2.6,Jamie,Davis,True,Silver,1112,33,101,0,2,3,True,False,False,False,False,False,False,True,False,False,1,2,Low,0,0.8671926631522657,-0.709344768525952,0.7545709660800624,-0.1932688077084626,1.0064063662532696,0.007194244604316547,10.685274075896643,209.06090021809433,0.000899280567452513,1.060103119974574,-0.6800044636611842,Q1,1
CUST0102,18.0,46082.99,South,Bachelors,High,2022-03-09,4,330.15,82.5375,2024-04-15,1,P034,369.95,3.9,Morgan,Brown,False,Silver,815,47,102,0,3,3,False,True,False,False,False,False,False,False,True,False,1,2,Low,0,-1.4985429885204984,-0.5911647633671255,-0.2276433101680009,-0.20972357429227975,1.113320035121248,0.0049079754601227,10.738220880162869,214.66949014706304,0.0012269938499755357,0.021565671196090156,-0.5537899736276187,Q1,0
CUST0103,42.0,62539.11,East,High School,Medium,2024-03-07,5,290.23,58.04600000000001,2024-05-13,1,P034,369.95,3.9,Drew,Smith,False,Bronze,86,19,103,0,1,0,False,True,False,False,False,False,False,False,True,False,0,1,High,2,-0.20814172397171798,0.22716462717045216,-0.3413910804903665,-0.4311531983513766,1.113320035121248,0.05813953488372093,11.043563389884605,250.07820776709033,0.011627905624662135,-0.16004757400535657,0.2746915935897991,Q3,1
CUST0104,24.0,47992.81,Central,Masters,Very High,2022-10-07,4,399.13,133.04333333333332,2024-05-10,1,P040,147.94,4.8,Jordan,Clark,True,Silver,603,22,104,0,0,3,True,False,False,False,False,False,False,True,False,False,2,3,Mid,1,-1.1759426723833033,-0.49619329763665704,-0.031092177982710627,0.24690373264242846,-0.4565148607372095,0.006633499170812604,10.778827323240854,219.07261353259105,0.001658374765201082,0.29203885745392555,-0.45371660315654916,Q2,0
CUST-0105A,26.0,32771.0,East,Bachelors,Low,2022-03-12,4,437.89,109.4725,2024-02-03,1,P031,126.52,3.6,Jamie,Miller,True,Platinum,812,119,105,1,1,2,False,False,True,False,False,True,False,False,False,False,1,0,Low,0,-1.068409233670905,-1.25314296135926,0.07935029640844402,0.033797930067672746,-0.6079758916335122,0.0049261083743842365,10.397329771261706,181.02762220169606,0.0012315270784294696,0.4254963597357298,-1.2889885082826347,Q1,0
CUST0106,41.0,35211.6,East,Bachelors,Low,2024-09-04,5,227.8,45.56,2023-10-09,1,P039,70.18,4.9,Taylor,Wilson,True,Silver,-95,236,106,0,1,3,False,True,False,False,False,True,False,False,False,False,1,0,Low,0,-0.2619084433279172,-1.1317768853616366,-0.519278688236491,-0.5440401299807944,-1.0063565863439554,-0.05263157894736842,10.4691592520812,187.6475419503277,-0.010526316897507042,-0.4968133113824757,-1.1485543830068579,Q1,1
CUST0107,18.0,64679.79,Central,Masters,High,2023-10-20,3,554.03,184.67666666666665,2024-03-23,1,P034,369.95,3.9,Taylor,Clark,True,Gold,225,70,107,0,0,1,False,True,False,False,False,False,False,False,True,False,2,2,High,2,-1.4985429885204984,0.3336162913377031,0.41027880455572735,0.7137248578866168,1.113320035121248,0.013333333333333334,11.077219527592954,254.32221688244226,0.004444444246913589,0.7682347567399468,0.3775238801416962,Q3,0
CUST0108,61.0,30543.19,Central,Bachelors,Very High,2023-03-22,1,53.5,53.5,2023-03-24,1,P006,354.83,2.6,Alex,Garcia,True,Bronze,437,435,108,0,0,0,False,True,False,False,False,False,False,True,False,False,1,3,Low,0,0.8134259437960665,-1.363927423281847,-1.0159278958313893,-0.4722539504887572,1.0064063662532696,0.002288329519450801,10.326929766480493,174.76610083194052,0.0022883294670862824,-2.38726932473235,-1.4198313783688756,Q1,0
CUST0109,25.0,80148.96,West,High School,High,2024-08-09,3,222.32,74.10666666666667,2024-04-16,1,P029,197.28,2.6,Alex,Lee,False,Platinum,-69,46,109,0,4,2,False,False,True,False,False,False,False,True,False,False,0,2,Very High,3,-1.122175953027104,1.1028666649508139,-0.534893362118419,-0.28594741748297453,-0.10763123494712658,-0.043478260869565216,11.29165465897332,283.1059165754047,-0.014492755723587786,-0.5303419976819699,1.0938836619477266,Q4,0
CUST0110,41.0,42572.81,West,Bachelors,Low,2023-07-29,7,749.98,107.14,2024-02-08,1,P024,473.72,3.4,Jamie,Garcia,False,Silver,308,114,110,0,4,3,False,True,False,False,True,False,False,False,False,False,1,0,Low,0,-0.2619084433279172,-0.7657188781935362,0.9686173715564178,0.012709609706819277,1.8470787268163618,0.022727272727272728,10.658994554464982,206.33179590164963,0.003246753141339184,1.2179202196919428,-0.7409045609474364,Q1,1
CUST0111,28.0,66091.88,East,Bachelors,High,2021-10-20,4,367.11,91.7775,2024-05-23,1,P031,126.52,3.6,Riley,Miller,False,Gold,955,9,111,0,1,1,False,True,False,False,False,True,False,False,False,False,1,2,High,2,-0.9608757949585066,0.40383665610681097,-0.12232974325631152,-0.12618399009751596,-0.6079758916335122,0.004188481675392671,11.098816304455587,257.0834105888593,0.001047120407883556,0.17237710932557984,0.44482014774600875,Q3,0
CUST0112,68.0,43652.57,East,Bachelors,Very High,2022-06-27,3,280.07,93.35666666666667,2024-02-01,1,P019,162.38,4.8,Jordan,Moore,True,Platinum,705,121,112,0,1,2,True,False,False,False,False,False,False,False,True,False,1,3,Low,0,1.1897929792894608,-0.7120246086617841,-0.3703409138189045,-0.11190661707721679,-0.35440947856435184,0.00425531914893617,10.68404034486496,208.9319745754584,0.0014184396961923447,-0.20996660720717403,-0.6828890739327267,Q1,0
CUST0113,34.0,38525.66,North,High School,High,2021-10-13,3,251.69,83.89666666666666,2024-01-31,1,P032,69.83,3.6,Alex,Garcia,True,Platinum,962,122,113,0,2,2,False,True,False,False,False,True,False,False,False,False,0,2,Low,0,-0.6382754788213114,-0.9669754194021657,-0.4512066884118088,-0.19743523899090354,-1.0088314397899734,0.0031185031185031187,10.559105748163326,196.2795455466514,0.0010395010286954156,-0.3588664929787495,-0.9622624980272264,Q1,0
CUST0114,25.0,59429.87,North,High School,High,2022-05-21,2,193.39,96.695,2024-01-04,1,P040,147.94,4.8,Riley,Davis,True,Bronze,742,149,114,0,2,0,False,True,False,False,False,False,False,True,False,False,0,2,High,2,-1.122175953027104,0.07254844338988567,-0.6173263028856044,-0.08172447653931793,-0.4565148607372095,0.0026954177897574125,10.992569067324732,243.78242348454904,0.0013477088767155138,-0.7211471883395285,0.12350535060968149,Q3,0
C0115X,52.0,73932.1,West,High School,High,2024-02-24,3,222.45,74.14999999999999,2024-02-27,1,P027,171.78,3.4,Sam,Moore,True,Gold,98,95,115,1,4,1,True,False,False,False,False,False,False,False,False,True,0,2,Very High,3,0.32952546959027385,0.7937148566960462,-0.5345229410226798,-0.2855556373262171,-0.2879419860141536,0.030612244897959183,11.210915909228921,271.9045788507432,0.010204080591420348,-0.5295377826782394,0.8112481042011215,Q4,0
CUST0116,52.0,134854.258,West,Masters,Medium,2024-01-09,3,314.61,104.87,2024-05-22,1,P036,322.89,4.0,Riley,Clark,True,Gold,144,10,116,0,4,1,True,False,False,False,False,False,True,False,False,False,2,1,Very High,3,0.32952546959027385,3.8232499127344077,-0.27192287807405197,-0.007813643120249266,0.7805583117795112,0.020833333333333332,11.811957319279735,367.22507811967307,0.0069444439621913915,-0.04657624764492448,3.362452809698359,Q4,0
CUST0117,50.0,53821.41,North,Bachelors,Medium,2022-06-23,4,274.11,68.5275,2024-05-10,1,P024,473.72,3.4,Casey,Garcia,False,Bronze,709,22,117,0,2,0,False,True,False,False,True,False,False,False,False,False,1,1,Mid,1,0.22199203087787547,-0.2063488698075376,-0.3873232963620232,-0.3363891126655091,1.8470787268163618,0.005641748942172073,10.893445202170957,231.99441803629674,0.0014104372156496868,-0.24003722128798838,-0.15512244511051282,Q2,0
CUST0118,22.0,69533.51,North,Bachelors,High,2024-04-12,5,335.73,67.146,2024-03-25,1,P012,15.62,4.1,Morgan,Clark,False,Platinum,50,68,118,0,2,2,False,True,False,False,False,True,False,False,False,False,1,2,High,2,-1.2834761110957016,0.5749819188027463,-0.2117436969816581,-0.34887936543229114,-1.3921508835289356,0.1,11.149578455076924,263.6920742077774,0.019999996000000797,0.045309021945905754,0.6071316112109684,Q3,1
CUST0119,59.0,70129.49,South,PhD,Medium,2023-05-28,4,497.61,124.4025,2024-05-14,1,P003,150.9,5.0,Taylor,Clark,True,Silver,370,18,119,0,3,3,False,True,False,True,False,False,False,False,False,False,3,1,Very High,3,0.7058925050836682,0.6046187925112871,0.24951604900492905,0.16878126253821638,-0.43558467159374276,0.010810810810810811,11.158112928530645,264.81973113799506,0.0027027026296566857,0.6110487792273945,0.6350012342913728,Q4,0
CUST-0120A,150.0,54307.15,South,High School,Very High,2024-04-10,3,410.65999999999997,136.88666666666666,2024-01-07,1,P035,130.15,3.4,Drew,Davis,True,Silver,52,146,120,1,3,3,False,True,False,False,False,False,False,False,True,False,0,3,Mid,1,5.598663966497794,-0.18219400716921696,0.0017613238163092474,0.28165161885330964,-0.5823081258933824,0.057692307692307696,10.902429586740368,233.03894524306446,0.019230765532545088,0.33295304172785256,-0.13067079124795147,Q2,0
CUST0121,58.0,47017.36,North,Bachelors,Medium,2023-03-29,4,273.68,68.42,2024-03-30,1,P029,197.28,2.6,Casey,Moore,False,Bronze,430,63,121,0,2,0,True,False,False,False,False,False,False,True,False,False,1,1,Mid,1,0.6521257857274689,-0.5447004429418613,-0.3885485353710066,-0.3373610288236192,-0.10763123494712658,0.009302325581395349,10.758293442710793,216.83486804478656,0.0023255813412655503,-0.24223013151654596,-0.50468334406677,Q2,0
CUST0122,45.0,56487.81,South,Masters,Very High,2023-01-12,1,91.19,91.19,2023-01-20,0,P032,69.83,3.6,Sam,Smith,False,Bronze,506,498,122,0,3,0,False,True,False,False,False,True,False,False,False,False,2,3,Mid,1,-0.04684156590312044,-0.07375421888560754,-0.9085342719974725,-0.13149562491509434,-1.0088314397899734,0.001976284584980237,10.941797844422082,237.67164323915463,0.0019762845459232303,-1.7162977733627582,-0.021663482548739257,Q2,0
CUST0123,24.0,51563.59,Central,PhD,Low,2022-03-26,4,542.3399999999999,135.58499999999998,2024-04-22,1,P034,369.95,3.9,Drew,Johnson,True,Platinum,798,40,123,0,0,2,False,True,False,False,False,False,False,False,True,False,3,0,Mid,1,-1.1759426723833033,-0.31862566801656617,0.3769693998696437,0.2698831456830154,1.113320035121248,0.005012531328320802,10.850590475588916,227.0761766456358,0.0012531328163767818,0.7369286031975696,-0.2696261781467561,Q2,0
CUST0124,26.0,60633.53,West,Masters,Very High,2021-10-11,3,271.82,90.60666666666667,2024-04-22,1,P023,185.73,4.4,Casey,Brown,True,Gold,964,40,124,0,4,1,False,True,False,False,False,False,False,False,False,True,2,3,High,2,-1.068409233670905,0.13240400801960747,-0.39384840643312086,-0.13676958856375362,-0.18930139866572127,0.0031120331950207467,11.012619811762097,246.2387662412237,0.0010373443875794151,-0.2517526982749202,0.18229710770011373,Q3,0
CUST0125,25.0,33503.13,West,Masters,Medium,2023-11-10,3,319.97,106.65666666666668,2023-10-17,1,P004,193.03,4.5,Morgan,Brown,False,Bronze,204,228,125,0,4,0,True,False,False,False,False,False,False,True,False,False,2,1,Low,0,-1.122175953027104,-1.2167356249583177,-0.25665013135742165,0.008339754112215955,-0.13768302679163108,0.014705882352941176,10.419423993796451,183.03860248592372,0.004901960544021542,-0.02272695179879394,-1.2465543082224253,Q1,0
CUST0126,29.0,59989.27,North,Masters,Low,2023-10-08,5,310.57,62.114,2024-04-24,1,P039,70.18,4.9,Avery,Johnson,False,Silver,237,38,126,0,2,3,True,False,False,False,False,True,False,False,False,False,2,0,High,2,-0.9071090756023074,0.10036626806950129,-0.2834344259724077,-0.39437408271238333,-1.0063565863439554,0.02109704641350211,11.001937661387135,244.92707077822166,0.004219409104666282,-0.06480269289944919,0.15087100616269206,Q3,1
CUST0127,51.0,42070.54,East,Bachelors,Low,2021-07-06,2,160.89999999999998,80.44999999999999,2024-05-16,1,P037,77.01,4.6,Avery,Johnson,True,Bronze,1061,16,127,0,1,0,True,False,False,True,False,False,False,False,False,False,1,0,Low,0,0.27575875023407465,-0.7906957441245884,-0.7099030828899546,-0.2285968299206964,-0.958061589097375,0.001885014137606032,10.647126781571833,205.11104309617266,0.0009425070599198204,-0.9698856116666044,-0.7680356102079903,Q1,0
CUST0128,50.0,71305.98,North,Masters,High,2021-04-07,4,359.71,89.9275,2023-09-04,1,P029,197.28,2.6,Sam,Clark,False,Platinum,1151,271,128,0,2,2,False,True,False,False,False,False,False,True,False,False,2,2,Very High,3,0.22199203087787547,0.6631232482805418,-0.14341525178300266,-0.1429099890975499,-0.10763123494712658,0.0034752389226759338,11.174749497824049,267.0317958595942,0.0008688097231206801,0.14334714961307532,0.6898178010978792,Q4,0
CUST0129,65.0,42895.58,South,High School,High,2021-08-13,7,440.22,62.88857142857143,2024-05-19,1,P032,69.83,3.6,Avery,Lee,True,Bronze,1023,13,129,0,3,0,True,False,False,False,False,True,False,False,False,False,0,2,Low,0,1.0284928212208633,-0.7496681823196718,0.08598938220130767,-0.38737112004225327,-1.0088314397899734,0.006842619745845552,10.666547381458559,207.11248151668698,0.0009775170969939678,0.4331648625591949,-0.7235181941115532,Q1,1
CUST0130,40.0,43208.02,East,PhD,High,2021-11-10,8,698.2199999999999,87.27749999999999,2024-04-18,1,P021,57.84,4.5,Jordan,Garcia,False,Platinum,934,44,130,0,1,2,True,False,False,False,True,False,False,False,False,False,3,2,Low,0,-0.3156751626841164,-0.7341311763438065,0.8211327875913461,-0.1668688525300309,-1.093612847840705,0.008565310492505354,10.673804548733585,207.86538913441072,0.0010706638000999593,1.1108587955735176,-0.7067241133965803,Q1,1
CUST0131,41.0,71784.66,South,Bachelors,Low,2024-07-09,7,557.33,79.61857142857143,2024-04-29,1,P005,228.93,4.7,Sam,Wilson,True,Gold,-38,33,131,0,3,1,False,True,False,False,False,False,False,False,False,True,1,0,Very High,3,-0.2619084433279172,0.6869270314726025,0.4196818016014141,-0.2361138425987038,0.11616622667135994,-0.18421052631578946,11.181440013640863,267.92659442466703,-0.026315796398893792,0.7769611746347231,0.7120464083609754,Q4,1
CUST0132,54.0,134854.258,North,Bachelors,Low,2021-11-24,3,131.14,65.57,2023-12-08,1,P036,322.89,4.0,Riley,Davis,False,Silver,920,176,132,0,2,3,False,True,False,False,False,False,True,False,False,False,1,0,Very High,3,0.4370589083026722,3.8232499127344077,-0.7947010198837824,-0.363128108364212,0.7805583117795112,0.003260869565217391,11.811957319279735,367.22507811967307,0.0010869565099243857,-1.242472232503915,3.362452809698359,Q4,0
CUST0133,52.0,95979.73,South,Bachelors,High,2024-10-25,4,537.36,134.34,2023-12-29,1,P023,185.73,4.4,Sam,Garcia,True,Bronze,-146,155,133,0,3,0,False,True,False,False,False,False,False,False,False,True,1,2,Very High,3,0.32952546959027385,1.8900986713922203,0.3627794225097897,0.2586270004100199,-0.18930139866572127,-0.0273972602739726,11.47190272113451,309.80595539789095,-0.006849315537624352,0.7234011904211011,1.7866809078534527,Q4,0
CUST0134,61.0,25672.55,Central,Masters,Medium,2023-05-15,2,147.91,73.955,2023-07-12,1,P018,446.32,3.6,Riley,Miller,False,Bronze,383,325,134,0,0,0,False,True,False,False,False,False,False,False,False,True,2,1,Low,0,0.8134259437960665,-1.6061344479467101,-0.7469166985334298,-0.287318648031626,1.6533330570423797,0.005221932114882507,10.153216558031577,160.22655834785942,0.002610965989269818,-1.082591932770266,-1.7159721831140746,Q1,0
CUST-0135A,57.0,56977.35,Central,High School,Medium,2024-05-06,4,403.74,100.935,2024-03-29,1,P040,147.94,4.8,Morgan,Garcia,False,Platinum,26,64,135,1,0,2,False,True,False,False,False,False,False,True,False,False,0,1,High,2,0.5983590663712698,-0.049410389973095575,-0.017956476049190904,-0.04339029504734834,-0.4565148607372095,0.15384615384615385,10.950426650103664,238.69928780790278,0.03846152366864474,0.30852747295205296,0.0026399512050303883,Q3,0
CUST0136,39.0,75333.69,South,Masters,Very High,2021-05-11,4,324.87,81.2175,2024-05-11,1,P037,77.01,4.6,Sam,Wilson,True,Silver,1117,21,136,0,3,3,False,True,False,True,False,False,False,False,False,False,2,3,Very High,3,-0.36944188204031553,0.8634130778127834,-0.24268810544109928,-0.22165780060581738,-0.958061589097375,0.0035810205908683975,11.229695998273714,274.4698344080821,0.0008952551397022817,-0.0012465810636885259,0.8755473837678734,Q4,0
CUST0137,44.0,44590.35,South,Masters,Very High,2023-02-28,3,411.85,137.28333333333333,2024-01-05,1,P035,130.15,3.4,Avery,Miller,False,Platinum,459,148,137,0,3,2,False,True,False,False,False,False,False,False,True,False,2,3,Low,0,-0.10060828525931963,-0.665390715869417,0.005152101538844853,0.28523791413439803,-0.5823081258933824,0.006535947712418301,10.705295173009821,211.1642725462809,0.0021786491900076432,0.3371148363259018,-0.632836785372997,Q1,0
C0138X,52.0,38609.96,Central,High School,Very High,2023-02-21,2,120.13000000000001,60.065000000000005,2024-01-01,1,P026,97.94,2.5,Sam,Lee,True,Platinum,466,152,138,1,0,2,True,False,False,False,False,False,True,False,False,False,0,3,Low,0,0.32952546959027385,-0.9627833517931355,-0.8260728372998456,-0.41289925673998834,-0.8100653530254978,0.004291845493562232,10.561291452974041,196.49417294159133,0.0021459227007312727,-1.358057670500109,-0.9575854483660001,Q1,0
CUST0139,18.0,39324.44,East,Bachelors,High,2024-05-05,5,390.6,78.12,2024-03-20,1,P039,70.18,4.9,Taylor,Clark,True,Bronze,27,73,139,0,1,0,False,True,False,False,False,True,False,False,False,False,1,2,Low,0,-1.4985429885204984,-0.9272537140078441,-0.05539750064928819,-0.24966254758019837,-1.0063565863439554,0.18518518518518517,10.579626916675073,198.30390818135683,0.03703702331962099,0.26105774273874405,-0.9180625960212082,Q1,1
CUST0140,52.0,25984.7,Central,Masters,Medium,2023-08-17,4,125.74,31.435,2024-05-07,1,P025,437.3,3.5,Jamie,Garcia,False,Bronze,289,25,140,0,0,0,False,True,False,False,False,True,False,False,False,False,2,1,Low,0,0.32952546959027385,-1.5906118630812431,-0.8100877423221785,-0.671745392616188,1.5895525482335726,0.01384083044982699,10.165301665698138,161.197704698299,0.0034602074927263847,-1.2979940758278687,-1.6965342293205852,Q1,0
CUST0141,54.0,79294.68,West,Bachelors,Medium,2023-12-20,3,163.44,54.48,2023-04-12,1,P016,16.58,3.5,Sam,Johnson,True,Gold,164,416,141,0,4,1,True,False,False,False,False,True,False,False,False,False,1,1,Very High,3,0.4370589083026722,1.0603850573939624,-0.7026656245578201,-0.46339369155900956,-1.3853627140770004,0.018292682926829267,11.280938929468162,281.59311071118196,0.00609756060380728,-0.9488360303968785,1.0554302928218515,Q4,0
CUST0142,64.0,49066.89,Central,Bachelors,High,2022-05-30,7,706.86,100.98,2024-05-21,1,P039,70.18,4.9,Jamie,Smith,True,Platinum,733,11,142,0,0,2,True,False,False,False,False,True,False,False,False,False,1,2,Mid,1,0.974726101864664,-0.4427814829568539,0.8457515434927803,-0.04298344642302318,-1.0063565863439554,0.009549795361527967,10.800960128363222,221.5104737930015,0.0013642564616063238,1.129232362489667,-0.3979402883585773,Q2,1
CUST0143,31.0,46935.51,East,Bachelors,High,2024-02-08,7,464.56,66.36571428571429,2024-01-07,1,P031,126.52,3.6,Jordan,Smith,True,Bronze,114,146,143,0,1,0,False,True,False,False,False,True,False,False,False,False,1,2,Mid,1,-0.7995756368899091,-0.5487706770320052,0.15534360889585622,-0.35593399141979576,-0.6079758916335122,0.06140350877192982,10.756551116406557,216.6460477368558,0.008771929055093943,0.5110940869780848,-0.5089737388520952,Q2,1
CUST0144,20.0,16766.23,West,Bachelors,Low,2021-01-24,7,617.99,88.28428571428572,2024-02-21,1,P036,322.89,4.0,Riley,Garcia,False,Gold,1224,101,144,0,4,1,False,True,False,False,False,False,True,False,False,False,1,0,Low,0,-1.3910095498081,-2.049027634039947,0.5925259836593976,-0.15776642180008957,0.7805583117795112,0.005718954248366013,9.72718166526485,129.48447783421764,0.0008169934573775045,0.9293625925946835,-2.3045021161682993,Q1,1
CUST0145,18.0,29193.25,North,Bachelors,Medium,2024-10-25,3,87.77,43.885,2024-03-23,1,P039,70.18,4.9,Riley,Clark,False,Platinum,-146,70,145,0,2,2,True,False,False,False,False,True,False,False,False,False,1,1,Low,0,-1.4985429885204984,-1.431057194908591,-0.9182791962084568,-0.5591839398862305,-1.0063565863439554,-0.02054794520547945,10.281727051057297,170.8603230712151,-0.006849315537624352,-1.765370407415528,-1.5004511152480735,Q1,0
CUST0146,22.0,81377.02,North,PhD,Low,2021-08-23,4,386.94,96.735,2023-11-13,1,P021,57.84,4.5,Jamie,Miller,False,Bronze,1013,201,146,0,2,0,False,True,False,False,True,False,False,False,False,False,3,0,Very High,3,-1.2834761110957016,1.1639355919727106,-0.06582627919086788,-0.08136283331769552,-1.093612847840705,0.003948667324777887,11.306860490957408,285.26657708185866,0.0009871668214494886,0.2475715550333342,1.1489557798880807,Q4,0
CUST0147,43.0,60455.9,East,High School,High,2024-10-28,4,332.65,83.1625,2023-12-31,1,P002,400.36,3.0,Drew,Brown,False,Platinum,-149,153,147,0,1,2,False,True,False,True,False,False,False,False,False,False,0,2,High,2,-0.1543750046155188,0.12357082926050826,-0.2205198275576323,-0.20407289895443048,1.3283494445309851,-0.026845637583892617,11.009685993449613,245.87781518469697,-0.006711409846403346,0.03224906110160096,0.17364220723751322,Q3,0
CUST0148,31.0,75997.01,Central,Masters,Very High,2024-01-05,3,321.61,107.20333333333333,2023-08-11,1,P004,193.03,4.5,Jamie,Johnson,True,Gold,148,295,148,0,0,1,True,False,False,False,False,False,False,True,False,False,2,3,Very High,3,-0.7995756368899091,0.8963986328118585,-0.25197712676501993,0.013282211474387996,-0.13768302679163108,0.02027027027027027,11.23846243471513,275.6755520534964,0.006756756300219169,-0.01550382250489175,0.9058575368096741,Q4,0
CUST0149,56.0,73719.86,South,Bachelors,High,2022-07-01,4,296.61,74.1525,2024-05-16,1,P025,437.3,3.5,Casey,Garcia,False,Bronze,701,16,149,0,3,0,False,True,False,False,False,True,False,False,False,False,1,2,Very High,3,0.5445923470150705,0.7831605930028003,-0.32321195286870585,-0.2855330346248656,1.5895525482335726,0.005706134094151213,11.20804107747806,271.51401437126594,0.0014265335031878245,-0.12952296073734967,0.8014809160698403,Q4,0
CUST-0150A,44.0,36988.83,East,Bachelors,Medium,2024-08-05,2,282.15999999999997,141.07999999999998,2023-11-04,1,P040,147.94,4.8,Sam,Davis,True,Gold,-65,210,150,1,1,1,False,True,False,False,False,False,False,True,False,False,1,1,Low,0,-0.10060828525931963,-1.0433988507614331,-0.36438568235663643,0.3195638832533863,-0.4565148607372095,-0.03076923076923077,10.518398288979226,192.32480339259416,-0.015384617751479654,-0.19956212996372158,-1.0480527073237902,Q1,0
CUST0151,26.0,98737.26,West,Masters,Very High,2022-11-28,2,98.56,49.28,2023-06-06,0,P014,492.89,3.7,Sam,Wilson,True,Gold,551,361,151,0,4,1,True,False,False,False,True,False,False,False,False,False,2,3,Very High,3,-1.068409233670905,2.027225031937056,-0.8875342452621058,-0.5104073103699155,1.9826299855596912,0.003629764065335753,11.50022778961991,314.2248557959729,0.0018148819997299093,-1.616063900671745,1.9038638669473242,Q4,0
CUST0152,32.0,90095.19,West,Masters,High,2021-08-17,6,522.87,87.145,2024-01-11,1,P031,126.52,3.6,Taylor,Lee,True,Bronze,1019,142,152,0,4,0,True,False,False,False,False,True,False,False,False,False,2,2,Very High,3,-0.7458089175337098,1.5974724610951399,0.3214917173000933,-0.16806679570165486,-0.6079758916335122,0.005888125613346418,11.408633156353835,300.1586080724656,0.0009813542592605078,0.6833682410184846,1.5333105737379729,Q4,1
CUST0153,45.8,44852.2,North,Bachelors,Low,2022-08-25,3,190.39,63.46333333333333,2023-06-14,1,P021,57.84,4.5,Riley,Brown,False,Platinum,646,353,153,0,2,2,True,False,False,False,True,False,False,False,False,False,1,0,Low,0,-0.003828190418161247,-0.6523694477386387,-0.6258744820180467,-0.3821746513696559,-1.093612847840705,0.0046439628482972135,10.711150213882641,211.78337989559049,0.001547987592136415,-0.742423225485726,-0.6189153496957294,Q1,0
CUST0154,43.0,54694.308,West,Bachelors,Medium,2023-06-10,3,570.02,190.00666666666666,2024-01-06,1,P035,130.15,3.4,Sam,Davis,False,Bronze,357,147,154,0,4,0,False,True,False,False,False,False,False,False,True,False,1,1,Mid,1,-0.1543750046155188,-0.16294142696308428,0.4558405993316449,0.7619138171677955,-0.5823081258933824,0.008403361344537815,10.909533207765753,233.86814233665945,0.0028011203697165163,0.8100769263561635,-0.1112267355030672,Q2,0
CUST0155,59.0,134854.258,East,Bachelors,Medium,2021-11-20,1,61.47,61.47,2023-04-09,1,P010,445.76,4.4,Jamie,Brown,False,Bronze,924,419,155,0,1,0,True,False,False,False,False,False,False,False,False,True,1,1,Very High,3,0.7058925050836682,3.8232499127344077,-0.9932182332695344,-0.4001965385805032,1.649373291528751,0.0010822510822510823,11.811957319279735,367.22507811967307,0.0010822510705384085,-2.215390149838199,3.362452809698359,Q4,0
CUST0156,30.0,59289.33,West,Bachelors,Low,2023-07-19,5,514.1600000000001,102.83200000000002,2024-01-05,1,P036,322.89,4.0,Taylor,Smith,True,Silver,318,148,156,0,4,3,False,True,False,False,False,False,True,False,False,False,1,0,High,2,-0.8533423562461082,0.06555967492282588,0.29667350388556935,-0.026239365261908034,0.7805583117795112,0.015723270440251572,10.990201502548633,243.49400403295354,0.0031446539891618244,0.658805374478473,0.11661854277347578,Q3,1
CUST0157,68.0,44781.06,North,High School,Very High,2021-01-07,5,283.15,70.7875,2024-04-11,1,P034,369.95,3.9,Jamie,Miller,False,Gold,1241,51,157,0,2,1,True,False,False,False,False,False,False,False,True,False,0,3,Low,0,1.1897929792894608,-0.6559070953033649,-0.36156478324293045,-0.3159562706438462,1.113320035121248,0.0040290088638195,10.709562891774423,211.61535861085318,0.0008058017662707352,-0.19465861911552174,-0.6226952358493308,Q1,1
CUST0158,18.0,51012.6,South,Bachelors,Medium,2022-06-24,4,250.66,62.665,2024-05-30,1,P031,126.52,3.6,Jamie,Moore,True,Platinum,708,2,158,0,3,2,True,False,False,False,False,True,False,False,False,False,1,1,Mid,1,-1.4985429885204984,-0.3460252804946168,-0.45414156324728067,-0.3893924473345354,-0.6079758916335122,0.005649717514124294,10.839847542823893,225.8596909587897,0.0014124293585815063,-0.3645584565116936,-0.2977867190184718,Q2,0
CUST0159,56.0,40084.16,North,Bachelors,Very High,2023-10-23,4,291.53999999999996,72.88499999999999,2024-02-04,1,P003,150.9,5.0,Alex,Smith,False,Bronze,222,118,159,0,2,0,True,False,False,True,False,False,False,False,False,False,1,3,Low,0,0.5445923470150705,-0.8894743830003399,-0.3376583756025335,-0.29699260421002405,-0.43558467159374276,0.018018018018018018,10.59876146998711,200.2102894458724,0.004504504301598905,-0.15372954236225647,-0.8762633554870233,Q1,0
CUST0160,66.0,71589.42,West,Masters,Medium,2022-01-01,4,234.7,78.23333333333333,2024-02-27,1,P032,69.83,3.6,Casey,Smith,False,Bronze,882,95,160,0,4,0,True,False,False,False,False,True,False,False,False,False,2,1,Very High,3,1.0822595405770625,0.6772181432165275,-0.49961787623187376,-0.24863789178560172,-1.0088314397899734,0.0045351473922902496,11.178716545114186,267.5619928166181,0.0011337868352178364,-0.4556439064512181,0.7029851599866764,Q4,0
C0161X,69.0,56145.4,East,Bachelors,Low,2023-11-06,3,499.85,166.61666666666667,2024-01-08,1,P035,130.15,3.4,Taylor,Moore,False,Silver,208,145,161,1,1,3,False,True,False,False,False,False,False,False,True,False,1,0,Mid,1,1.24355969864566,-0.09078157202923853,0.2558986894238193,0.5504429433241242,-0.5823081258933824,0.014423076923076924,10.93571784413079,236.9502057395182,0.004807692076553265,0.6175980975057753,-0.038698634205644865,Q2,0
CUST0162,49.0,72127.25,Central,Bachelors,Medium,2021-08-06,6,435.0,72.5,2024-03-10,1,P022,414.28,2.6,Avery,Brown,True,Bronze,1030,83,162,0,0,0,True,False,False,False,False,False,False,False,False,True,1,1,Very High,3,0.1682253115216763,0.7039633356502741,0.07111555051085797,-0.3004734202181391,1.4267779015840443,0.005825242718446602,11.186201063453778,268.5651690000027,0.000970873776981808,0.4159319599622838,0.7279291605307436,Q4,1
CUST0163,21.0,76999.66,North,Bachelors,High,2024-07-04,9,1163.1200000000001,129.23555555555558,2024-05-27,1,P037,77.01,4.6,Alex,Lee,False,Bronze,-33,5,163,0,2,0,True,False,False,True,False,False,False,False,False,False,1,2,Very High,3,-1.3372428304519008,0.946258378816537,2.1458156138154902,0.2124773070729897,-0.958061589097375,-0.2727272727272727,11.251569272227657,277.48812587208124,-0.030303039485769543,1.886790148664877,0.9515290886165316,Q4,1
CUST0164,47.0,15862.18,South,Bachelors,Medium,2022-09-04,5,420.89,84.178,2023-11-26,1,P015,377.41,2.9,Jamie,Clark,False,Silver,636,188,164,0,3,3,False,True,False,True,False,False,False,False,False,False,1,1,Low,0,0.06069187280927792,-2.093984202509033,0.030910614657937582,-0.19489168166549295,1.166069768570661,0.007861635220125786,9.671755979504134,125.94514679018005,0.0015723270193030343,0.36837076580397715,-2.3687648007411144,Q1,1
CUST-0165A,54.6,41130.6,East,Masters,Very High,2024-08-01,4,170.13,42.5325,2023-11-23,1,P039,70.18,4.9,Jordan,Smith,False,Bronze,-61,191,165,1,1,0,False,True,False,False,False,True,False,False,False,False,2,3,Low,0,0.4693189399163918,-0.8374370493254433,-0.6836031850924738,-0.5714120013173363,-1.0063565863439554,-0.06557377049180328,10.62453196151331,202.8068046195689,-0.01639344531040087,-0.8948097394865051,-0.81906039991863,Q1,0
CUST0166,40.0,43767.47,South,Bachelors,High,2023-11-06,6,427.95,85.59,2024-05-01,1,P034,369.95,3.9,Morgan,Johnson,False,Silver,208,31,166,0,3,3,False,True,False,False,False,False,False,False,True,False,1,2,Low,0,-0.3156751626841164,-0.7063108652658457,0.0510273295496185,-0.1821256759422238,1.113320035121248,0.028846153846153848,10.686668974125048,209.20676375299152,0.004807692076553265,0.3923502531144182,-0.6767399716652471,Q1,1
CUST0167,56.0,65455.588,South,Masters,High,2024-06-01,4,283.5,70.875,2023-10-19,1,P027,171.78,3.4,Avery,Johnson,True,Bronze,0,226,167,0,3,0,True,False,False,False,False,False,False,False,False,True,2,2,High,2,0.5445923470150705,0.37219514859690356,-0.3605674956774788,-0.31516517609654726,-0.2879419860141536,0.0,11.08914242326254,255.84289710679874,99999.99999999999,-0.1929288587270869,0.414548028519268,Q3,0
CUST0168,62.0,57682.1,West,High School,Medium,2022-02-12,4,1314.25,328.5625,2023-10-12,0,P038,242.83,2.9,Sam,Wilson,True,Silver,840,233,168,0,4,3,True,False,False,False,False,False,False,False,True,False,0,1,High,2,0.8671926631522657,-0.014364605305667421,2.576444384577492,2.01460826569871,0.21445326352750413,0.004761904761904762,10.962719515313522,240.17098076162324,0.0011904761763038552,2.07668503736598,0.037522288313345344,Q3,0
CUST0169,39.0,69626.09,West,Bachelors,Low,2021-11-10,4,391.79999999999995,97.94999999999999,2024-05-16,1,P031,126.52,3.6,Sam,Brown,False,Gold,934,16,169,0,4,1,True,False,False,False,False,True,False,False,False,False,1,0,High,2,-0.36944188204031553,0.5795857339776459,-0.05197822899631146,-0.07037792046091662,-0.6079758916335122,0.004282655246252677,11.150908994732376,263.86756147734417,0.0010706638000999593,0.26545391211513675,0.6114653995524154,Q3,0
CUST0170,60.0,21147.55,East,Bachelors,Low,2023-02-05,4,388.40000000000003,97.10000000000001,2023-11-23,1,P025,437.3,3.5,Riley,Davis,False,Silver,482,191,170,0,1,3,False,True,False,False,False,True,False,False,False,False,1,0,Low,0,0.7596592244398673,-1.8311534981348792,-0.06166616534641252,-0.07806283892039145,1.5895525482335726,0.008298755186721992,9.9593266242046,145.42197220502823,0.002074688753637163,0.2529654316505648,-2.0060084186854428,Q1,0
CUST0171,46.0,57577.88,Central,Bachelors,High,2021-11-27,7,1610.88,230.1257142857143,2024-04-02,1,P015,377.41,2.9,Casey,Brown,True,Bronze,917,60,171,0,0,0,True,False,False,True,False,False,False,False,False,False,1,2,High,2,0.006925153453078743,-0.019547254015194776,3.4216598432629466,1.1246333579021208,1.166069768570661,0.007633587786259542,10.960911112778657,239.9539122414969,0.0010905125290020445,2.3966662385020117,0.0323715763911039,Q3,1
CUST0172,53.0,72609.27,East,Masters,Low,2024-01-10,2,99.89,49.945,2024-05-16,1,P027,171.78,3.4,Avery,Lee,False,Bronze,143,16,172,0,1,0,True,False,False,False,False,False,False,False,False,True,2,0,Very High,3,0.38329218894647304,0.7279332102517553,-0.8837445525133898,-0.5043949918104439,-0.2879419860141536,0.013986013986013986,11.192861650863454,269.461073255489,0.006993006503985559,-1.59871487631211,0.7502392711426186,Q4,0
CUST0173,30.0,70515.37,Central,Masters,Medium,2023-12-23,3,330.98999999999995,110.32999999999998,2024-01-30,1,P039,70.18,4.9,Sam,Garcia,False,Platinum,161,123,173,0,0,2,True,False,False,False,False,True,False,False,False,False,2,1,Very High,3,-0.8533423562461082,0.623807820375731,-0.22524982001091712,0.041550656631201846,-1.0063565863439554,0.018633540372670808,11.163600160428002,265.5473027541421,0.006211179738436041,0.0251636397920688,0.6530096394790863,Q4,0
CUST0174,49.0,48557.512,South,High School,High,2021-01-02,4,302.61,75.6525,2024-01-28,1,P004,193.03,4.5,Jordan,Davis,True,Silver,1246,125,174,0,3,3,False,True,False,False,False,False,False,True,False,False,0,2,Mid,1,0.1682253115216763,-0.46811181527657736,-0.3061155946038212,-0.27197141381402734,-0.13768302679163108,0.0032102728731942215,10.79052478275977,220.35769103891064,0.000802568211857398,-0.10136717419789887,-0.42434766732814644,Q2,0
CUST0175,24.0,55234.01,North,Bachelors,Medium,2024-05-11,4,408.58000000000004,102.14500000000001,2024-03-22,1,P037,77.01,4.6,Jamie,Brown,True,Bronze,21,71,175,0,2,0,False,True,False,True,False,False,False,False,False,False,1,1,Mid,1,-1.1759426723833033,-0.1361031437753149,-0.004165413715517215,-0.032450587593272066,-0.958061589097375,0.19047619047619047,10.919352270350986,235.0191694309211,0.04761902494332146,0.3256516781623526,-0.08418752404689335,Q2,0
CUST0176,68.0,56108.24,East,Bachelors,High,2022-10-26,3,245.26000000000002,81.75333333333334,2023-12-31,1,P036,322.89,4.0,Jordan,Johnson,True,Platinum,584,153,176,0,1,2,True,False,False,False,False,False,True,False,False,False,1,2,Mid,1,1.1897929792894608,-0.09262946327896078,-0.4695282856856767,-0.2168132882828345,0.7805583117795112,0.005136986301369863,10.935055783830617,236.8717796614869,0.0017123287378025902,-0.3947593790612835,-0.04054916873260229,Q2,0
CUST0177,39.0,57906.10400000001,East,High School,Medium,2023-09-28,2,116.74000000000001,58.370000000000005,2023-09-22,1,P036,322.89,4.0,Jordan,Smith,True,Platinum,247,253,177,0,1,2,False,True,False,False,False,False,True,False,False,False,0,1,High,2,-0.36944188204031553,-0.0032253418098989075,-0.8357322797195054,-0.4282238882562356,0.7805583117795112,0.008097165991902834,10.966595350335275,240.63687165519752,0.004048582832041181,-1.3956205136387434,0.04858384914576909,Q3,0
CUST0178,45.0,38790.41,Central,High School,Very High,2021-02-09,4,270.99,67.7475,2024-02-28,1,P025,437.3,3.5,Sam,Smith,False,Silver,1208,94,178,0,0,3,True,False,False,False,False,True,False,False,False,False,0,3,Low,0,-0.04684156590312044,-0.9538099401673993,-0.3962134026597632,-0.343441155487145,1.5895525482335726,0.0033112582781456954,10.565954109348016,196.9528116072477,0.0008278145626836543,-0.2560215295781178,-0.947583769770415,Q1,0
CUST0179,19.0,59156.99,South,Bachelors,High,2021-08-18,2,136.67000000000002,68.33500000000001,2024-01-30,1,P030,384.12,4.8,Sam,Clark,True,Gold,1018,123,179,0,3,1,True,False,False,False,False,False,False,False,True,False,1,2,High,2,-1.4447762691642991,0.05897867578428375,-0.778943876349647,-0.33812952066956664,1.213516244635749,0.0019646365422396855,10.98796694058832,243.22210014717,0.000982318261470351,-1.1877609798668536,0.11012925650700706,Q3,0
CUST-0180A,59.0,42112.44,South,High School,Medium,2023-01-14,3,220.96,73.65333333333334,2024-03-25,1,P017,336.17,3.8,Riley,Wilson,True,Silver,504,68,180,1,3,3,True,False,False,False,True,False,False,False,False,False,0,1,Low,0,0.7058925050836682,-0.7886121423117962,-0.5387685366584595,-0.29004604066136125,0.8744613225312807,0.005952380952380952,10.648122208629244,205.2131574729067,0.0019841269447593863,-0.5387815486231103,-0.7657687512552743,Q1,0
CUST0181,62.0,67399.09,Central,High School,Low,2022-09-22,5,520.16,104.032,2024-05-06,1,P005,228.93,4.7,Taylor,Lee,True,Gold,618,26,181,0,0,1,True,False,False,False,False,False,False,False,False,True,0,0,High,2,0.8671926631522657,0.46884155170824193,0.3137698621504536,-0.015390068613237651,0.11616622667135994,0.008090614886731391,11.11840163221108,259.6133471145118,0.0016181229511630592,0.6757668283885095,0.5067499217673447,Q3,1
CUST0182,23.0,63402.09,South,High School,Very High,2022-05-06,5,365.11,73.022,2024-02-26,1,P038,242.83,2.9,Drew,Wilson,False,Silver,757,96,182,0,3,3,True,False,False,False,False,False,False,False,True,False,0,3,High,2,-1.2297093917395026,0.2700788680392666,-0.1280285293446064,-0.2957539761759673,0.21445326352750413,0.0066050198150594455,11.057267877407998,251.7977164312655,0.0013210039455613747,0.16458512260131092,0.3162668103689333,Q3,1
CUST0183,45.0,79612.66,West,Bachelors,High,2021-04-29,5,176.26,35.251999999999995,2023-11-20,1,P023,185.73,4.4,Jordan,Clark,True,Bronze,1129,194,183,0,4,0,False,True,False,False,False,False,False,False,False,True,1,2,Very High,3,-0.04684156590312044,1.0761975563064126,-0.66613640573185,-0.6372355881928751,-0.18930139866572127,0.0044286979627989375,11.2849409651497,282.15715479143887,0.0008857395847144412,-0.8470048439734844,1.0697572731670946,Q4,1
C0184X,45.0,72248.57,North,Masters,Medium,2022-05-09,5,511.52,102.304,2023-12-27,1,P033,75.33,3.8,Avery,Lee,True,Platinum,754,157,184,1,2,2,False,True,False,False,False,False,False,True,False,False,2,1,Very High,3,-0.04684156590312044,0.709996332593662,0.2891511062490198,-0.031013055787323284,-0.9699408856382616,0.006631299734748011,11.187881654399874,268.79094106758885,0.001326259929359948,0.6512840106891586,0.7335484427817556,Q4,1
CUST0185,61.0,59090.71,East,Bachelors,Very High,2024-03-07,2,212.73,106.365,2024-05-24,1,P010,445.76,4.4,Avery,Johnson,True,Gold,86,8,185,0,1,1,False,True,False,False,False,False,False,False,False,True,1,3,High,2,0.8134259437960665,0.05568270613865466,-0.5622190414117929,0.00570277228788612,1.649373291528751,0.023255813953488372,10.98684592282775,243.08580789507232,0.011627905624662135,-0.5909042227307296,0.10687764862450637,Q3,0
CUST0186,61.0,68463.65,North,PhD,Medium,2021-06-11,2,87.31,43.655,2024-03-15,1,P019,162.38,4.8,Casey,Miller,False,Silver,1086,78,186,0,2,3,False,True,False,False,False,False,False,False,True,False,3,1,High,2,0.8134259437960665,0.5217799561432291,-0.9195899170087645,-0.561263388410559,-0.35440947856435184,0.001841620626151013,11.134072832652194,261.65559424556545,0.0009208103045965902,-1.7721046248809493,0.5569287878103583,Q3,0
CUST0187,37.0,73091.84,East,Bachelors,High,2021-06-25,4,313.17,78.2925,2024-01-22,1,P032,69.83,3.6,Taylor,Johnson,True,Bronze,1072,131,187,0,1,0,True,False,False,False,False,True,False,False,False,False,1,2,Very High,3,-0.4769753207527139,0.7519304352350268,-0.2760260040576243,-0.24810296118695196,-1.0088314397899734,0.0037313432835820895,11.199485692924235,270.35502584564614,0.0009328358121936958,-0.05304776411593849,0.7725321560379802,Q4,0
CUST0188,47.0,45866.13,West,Masters,High,2023-09-23,3,250.38,83.46,2024-03-07,1,P035,130.15,3.4,Avery,Davis,True,Silver,252,86,188,0,4,3,True,False,False,False,False,False,False,False,True,False,2,2,Low,0,0.06069187280927792,-0.6019487702674142,-0.45493939329964195,-0.20138317749361423,-0.5823081258933824,0.011904761904761904,10.733504017506434,214.16379245801565,0.003968253810783579,-0.36610953491198467,-0.565228082786339,Q1,0
CUST0189,28.0,49072.04,South,Masters,Medium,2021-05-22,6,619.4200000000001,103.23666666666668,2024-05-15,1,P034,369.95,3.9,Jamie,Brown,False,Bronze,1106,17,189,0,3,0,True,False,False,False,False,False,False,False,True,False,2,1,Mid,1,-0.9608757949585066,-0.4425253839273579,0.5966006157125285,-0.022580741336495312,1.113320035121248,0.0054249547920434,10.801065079478006,221.522098220471,0.000904159123832196,0.9327847605717319,-0.3976737042827631,Q2,1
CUST0190,45.0,53257.13,Central,Bachelors,Very High,2023-12-27,5,2378.05,754.066,2024-05-24,1,P040,147.94,4.8,Taylor,Johnson,True,Silver,157,8,190,0,0,3,True,False,False,False,False,False,False,True,False,False,1,3,Mid,1,-0.04684156590312044,-0.23440936696558878,5.607628704941536,5.861619679488391,-0.4565148607372095,0.03184713375796178,10.882905747974206,230.77506364423346,0.0063694263458964106,3.0218803147352613,-0.18360766849020227,Q2,1
CUST0191,42.0,46440.45,West,Bachelors,High,2021-09-15,4,463.00000000000006,115.75000000000001,2024-04-08,1,P040,147.94,4.8,Jamie,Wilson,False,Silver,990,54,191,0,4,3,False,False,True,False,False,False,False,True,False,False,1,2,Low,0,-0.20814172397171798,-0.5733890043217635,0.15089855574698638,0.09055331316103106,-0.4565148607372095,0.00404040404040404,10.745947658407946,215.50046403662336,0.0010101009998979696,0.5062145206723627,-0.5349697938535956,Q1,0
CUST0192,56.0,73282.37,North,Masters,High,2021-09-20,2,105.28,52.64,2024-01-17,1,P023,185.73,4.4,Alex,Smith,True,Gold,985,136,192,0,2,1,True,False,False,False,False,False,False,False,False,True,2,2,Very High,3,0.5445923470150705,0.7614051047670382,-0.868386324005435,-0.4800292797536378,-0.18930139866572127,0.0020304568527918783,11.202088986281863,270.7071665102348,0.0010152284160890516,-1.5305179482377642,0.7813222324053708,Q4,0
CUST0193,50.0,43708.41,Central,High School,Medium,2024-09-13,3,269.88,89.96,2023-12-31,1,P030,384.12,4.8,Morgan,Brown,False,Gold,-104,153,193,0,0,1,True,False,False,False,False,False,False,False,True,False,0,1,Low,0,0.22199203087787547,-0.7092477989905116,-0.3993762289387669,-0.14261615397998173,1.213516244635749,-0.028846153846153848,10.685318689710895,209.06556387889424,-0.009615385539940917,-0.2617494388884583,-0.6799001037625314,Q1,0
CUST0194,18.0,77529.73,South,Bachelors,Low,2023-09-01,5,601.74,120.348,2024-04-15,1,P001,16.27,4.9,Casey,Clark,True,Platinum,274,47,194,0,3,2,True,False,False,False,False,False,False,False,False,True,1,0,Very High,3,-1.4985429885204984,0.972617682227198,0.5462233466920017,0.1321242014865205,-1.3875547271291877,0.01824817518248175,11.258429652878725,278.44160967786405,0.0036496349032979964,0.889948691530557,0.9756049679293837,Q4,1
CUST-0195A,44.0,48394.48,West,Bachelors,Medium,2024-01-31,1,175.55,175.55,2023-08-17,1,P007,154.24,3.9,Alex,Johnson,True,Bronze,122,289,195,1,4,0,False,True,False,False,False,True,False,False,False,False,1,1,Mid,1,-0.10060828525931963,-0.4762190651749812,-0.6681594747931946,0.6312099294864499,-0.4119674987088851,0.00819672131147541,10.787161699914,219.98745418773316,0.008196720639613062,-0.8524622976278069,-0.43281646371085725,Q2,0
CUST0196,69.0,63503.14,Central,Bachelors,High,2021-12-05,3,425.27,141.75666666666666,2024-02-05,1,P037,77.01,4.6,Drew,Lee,False,Bronze,909,117,196,0,0,0,False,True,False,True,False,False,False,False,False,False,1,2,High,2,1.24355969864566,0.2751038790937451,0.04339095619130334,0.32568168108583123,-0.958061589097375,0.0033003300330033004,11.058860379605955,251.99829364501656,0.0011001099988986799,0.3832911191232031,0.3211243371975556,Q3,0
CUST0197,39.0,57995.47,West,High School,Medium,2022-06-27,2,97.56,48.78,2023-08-18,1,P035,130.15,3.4,Jamie,Moore,False,Bronze,705,288,197,0,4,0,False,True,False,False,False,False,False,False,True,False,0,1,High,2,-0.36944188204031553,0.0012186476794082118,-0.8903836383062532,-0.5149278506401949,-0.5823081258933824,0.0028368794326241137,10.96813742560742,240.82248649160653,0.0014184396961923447,-1.6292509410039453,0.05299339919677879,Q3,0
CUST0198,58.0,37432.36,West,PhD,High,2023-12-17,3,147.82,49.27333333333333,2023-05-13,1,P026,97.94,2.5,Taylor,Wilson,True,Gold,167,385,198,0,4,1,True,False,False,False,False,False,True,False,False,False,3,2,Low,0,0.6521257857274689,-1.0213430056056412,-0.7471731439074031,-0.5104675842401859,-0.8100653530254978,0.017964071856287425,10.530317564435732,193.47444275665973,0.005988023593531521,-1.0834042663355976,-1.0231899883076112,Q1,0
CUST0199,20.0,54641.98,South,Bachelors,High,2024-05-27,2,112.35,56.175,2023-08-18,1,P025,437.3,3.5,Riley,Brown,True,Gold,5,288,199,0,3,1,True,False,False,False,False,True,False,False,False,False,1,2,Mid,1,-1.3910095498081,-0.16554359201463018,-0.8482411151833128,-0.4480690600427623,1.5895525482335726,0.4,10.9085760315569,233.75624055840734,0.19999960000080003,-1.4457888006952628,-0.11385245812764147,Q2,0
CUST0200,56.0,61005.58,East,Bachelors,Low,2023-05-17,9,947.5,105.27777777777777,2024-05-17,1,P039,70.18,4.9,Taylor,Johnson,False,Silver,381,15,200,0,1,3,False,True,False,False,False,True,False,False,False,False,1,0,High,2,0.5445923470150705,0.15090529810192993,1.5314294856364195,-0.004126891388710368,-1.0063565863439554,0.023622047244094488,11.01873700619048,246.99307682605195,0.002624671847121474,1.5716981213695578,0.20040137001317393,Q3,1
CUST0201,23.0,53842.73,Central,PhD,High,2022-03-10,4,349.98,87.495,2024-04-19,1,P036,322.89,4.0,Sam,Brown,True,Platinum,814,43,201,0,0,2,False,True,False,False,False,False,True,False,False,False,3,2,Mid,1,-1.2297093917395026,-0.20528866955339137,-0.1711398461025571,-0.1649024175124592,0.7805583117795112,0.004914004914004914,10.893841241265118,232.04036286818723,0.0012285012134090761,0.10432124126776154,-0.1540478884029382,Q2,0
CUST0202,25.0,30831.28,South,Bachelors,Low,2024-01-10,7,618.78,88.39714285714285,2024-04-20,1,P020,209.32,3.2,Taylor,Miller,True,Silver,143,42,202,0,3,3,True,False,False,False,False,False,False,True,False,False,1,0,Low,0,-1.122175953027104,-1.3496012932998116,0.5947770041642739,-0.15674607128194082,-0.02249627640410682,0.04895104895104895,10.336317472086705,175.58838230361368,0.006993006503985559,0.9312540695270775,-1.402760384027011,Q1,1
CUST0203,44.0,53320.724,West,PhD,Very High,2022-02-16,7,737.05,105.29285714285713,2024-04-17,1,P006,354.83,2.6,Sam,Wilson,True,Platinum,836,45,203,0,4,2,False,True,False,False,False,False,False,True,False,False,3,3,Mid,1,-0.10060828525931963,-0.23124696663903244,0.9317747194955913,-0.003990557634527395,1.0064063662532696,0.008373205741626795,10.884099106853213,230.91280605457985,0.0011961722344955474,1.1918346750514273,-0.18039307155563575,Q2,1
CUST0204,26.0,56578.59,South,Bachelors,Medium,2022-10-01,3,255.26,85.08666666666666,2024-03-07,1,P025,437.3,3.5,Alex,Miller,False,Silver,609,86,204,0,3,3,False,True,False,False,False,True,False,False,False,False,1,1,Mid,1,-1.068409233670905,-0.06923991405111433,-0.4410343552442024,-0.18667635314763853,1.5895525482335726,0.0049261083743842365,10.943403598452491,237.86254434021342,0.0016420360978319196,-0.339303794985678,-0.01715210221730162,Q2,0
CUST0205,54.0,40702.55,East,High School,Medium,2023-03-29,6,658.0,109.66666666666667,2024-03-24,1,P039,70.18,4.9,Avery,Wilson,False,Platinum,430,69,205,0,1,2,True,False,False,False,False,True,False,False,False,False,0,1,Low,0,0.4370589083026722,-0.8587231055537405,0.7065301993557365,0.035553406539298,-1.0063565863439554,0.013953488372093023,10.614070591214155,201.74872985969455,0.0023255813412655503,1.0224455251400981,-0.8424082160720708,Q1,1
CUST0206,50.0,84173.82,Central,Masters,Medium,2024-10-07,4,405.72,101.43,2024-03-24,1,P039,70.18,4.9,Casey,Lee,False,Silver,-128,69,206,0,0,3,False,True,False,False,False,True,False,False,False,False,2,1,Very High,3,0.22199203087787547,1.3030147697774117,-0.012314677821778924,-0.038914960179771675,-1.0063565863439554,-0.03125,11.34065110562485,290.1272479447596,-0.00781250061035161,0.3155557467267256,1.2734937078810962,Q4,0
C0207X,68.0,66113.02,North,Bachelors,Medium,2024-08-23,7,495.17,70.73857142857143,2024-02-20,1,P026,97.94,2.5,Casey,Garcia,False,Gold,-83,102,207,1,2,1,False,True,False,False,False,False,True,False,False,False,1,1,High,2,1.1897929792894608,0.40488790532691654,0.2425635299772093,-0.3163986377988663,-0.8100653530254978,-0.08433734939759036,11.099136106223575,257.12452236222043,-0.012048194222674002,0.6038834633849494,0.44582445651028396,Q3,1
CUST0208,59.0,33396.94,North,Bachelors,High,2023-02-04,7,744.27,106.32428571428571,2024-05-19,1,P036,322.89,4.0,Jordan,Smith,True,Bronze,483,13,208,0,2,0,True,False,False,False,False,False,True,False,False,False,1,2,Low,0,0.7058925050836682,-1.222016237762623,0.9523473372743358,0.005334671151591925,0.7805583117795112,0.014492753623188406,10.416249500416003,182.74829684568883,0.0020703933318759146,1.206452574593493,-1.2526923889140351,Q1,1
CUST0209,54.6,36199.09,Central,PhD,High,2023-06-17,4,209.51999999999998,52.379999999999995,2024-04-25,1,P039,70.18,4.9,Morgan,Lee,False,Platinum,350,37,209,0,0,2,True,False,False,False,False,True,False,False,False,False,3,2,Low,0,0.4693189399163918,-1.0826710153350476,-0.5713655930835062,-0.4823799606941831,-1.0063565863439554,0.011428571428571429,10.496816883998617,190.2605844624682,0.0028571427755102064,-0.6117418816671248,-1.0925364954775614,Q1,0
CUST-0210A,41.0,50996.9,East,Masters,High,2023-11-26,4,544.05,136.0125,2024-04-07,1,P006,354.83,2.6,Jamie,Miller,False,Gold,188,55,210,1,1,1,True,False,False,False,False,False,False,True,False,False,2,2,Mid,1,-0.2619084433279172,-0.34680600957482755,0.38184186197513587,0.2737482076141044,1.0064063662532696,0.02127659574468085,10.8395397343881,225.82493219305968,0.005319148653236774,0.7415469514072692,-0.29859040979820767,Q2,0
CUST0211,32.0,60351.53,West,Bachelors,Low,2023-07-14,4,281.29,70.3225,2024-04-08,1,P028,473.1,3.0,Taylor,Garcia,True,Silver,323,54,211,0,4,3,False,True,False,False,False,False,False,False,True,False,1,0,High,2,-0.7458089175337098,0.11838072135594697,-0.36686465430504456,-0.32016037309520595,1.842694700711987,0.01238390092879257,11.007958147767932,245.66548394106974,0.003095975136347519,-0.20388446708963637,0.16855343515883636,Q3,0
CUST0212,49.0,66210.4,Central,Masters,Medium,2021-09-05,1,41.93,33.19,2024-02-09,1,P034,369.95,3.9,Avery,Lee,True,Silver,1000,113,212,0,0,3,False,True,False,False,False,False,False,False,True,False,2,1,High,2,0.1682253115216763,0.40973041474289923,-1.048895373352175,-0.6558782962675074,1.113320035121248,0.001,11.100607932537512,257.3138161856063,0.00099999999,-2.6839073518368712,0.45044954436959467,Q3,0
CUST0213,49.0,72103.21,Central,Bachelors,Low,2022-05-23,1,221.67,221.67,2023-08-21,1,P037,77.01,4.6,Sam,Miller,True,Platinum,740,285,213,0,0,2,False,True,False,True,False,False,False,False,False,False,1,0,Very High,3,0.1682253115216763,0.7027678753261809,-0.5367454675971148,1.0481845640170238,-0.958061589097375,0.0013513513513513514,11.185867712691785,268.52040890777744,0.001351351333089847,-0.5343696206031976,0.7268153562859753,Q4,0
CUST0214,41.0,64712.3,South,Bachelors,High,2022-04-06,6,400.97,66.82833333333333,2024-05-20,1,P038,242.83,2.9,Taylor,Clark,False,Platinum,787,12,214,0,3,2,True,False,False,False,False,False,False,False,True,False,1,2,High,2,-0.2619084433279172,0.33523294754137556,-0.02584929478147925,-0.3517514153506754,0.21445326352750413,0.007623888182973317,11.077722023505773,254.38612383540107,0.0012706480143500887,0.29864109448854287,0.3790779437832865,Q3,1
CUST0215,58.0,79241.43,West,Masters,Very High,2021-05-12,10,1019.23,101.923,2024-05-21,1,P030,384.12,4.8,Morgan,Smith,True,Platinum,1116,11,215,0,4,2,True,False,False,False,False,False,False,False,True,False,2,3,Very High,3,0.6521257857274689,1.0577370431569415,1.7358164486931151,-0.03445770747327621,1.213516244635749,0.008960573476702509,11.280267166672422,281.4985435131059,0.0008960573396410633,1.6833268452756907,1.053029432617436,Q4,1
CUST0216,69.0,57282.28,North,High School,Medium,2022-11-24,3,425.79,141.93,2024-02-27,1,P040,147.94,4.8,Taylor,Brown,False,Platinum,555,95,216,0,2,2,False,True,False,False,False,False,False,True,False,False,0,1,High,2,1.24355969864566,-0.034246841028592025,0.044872640574260124,0.3272488017128615,-0.4565148607372095,0.005405405405405406,10.95576406256492,239.33716802870381,0.0018018017693369052,0.38505299888591954,0.017747940851355525,Q3,0
CUST0217,66.0,55959.398,East,Masters,Medium,2021-02-13,1,168.91,168.91,2023-10-26,1,P014,492.89,3.7,Avery,Brown,True,Silver,1204,219,217,0,1,3,True,False,False,False,True,False,False,False,False,False,2,1,Mid,1,1.0822595405770625,-0.10003107332716117,-0.6870794446063336,0.5711771546971391,1.9826299855596912,0.0008305647840531562,10.932399540977142,236.55738838598975,0.0008305647771547776,-0.9045137800917249,-0.04796490756431243,Q2,0
CUST0218,66.0,54939.68,South,Masters,High,2024-04-19,9,837.93,93.10333333333332,2024-02-27,1,P021,57.84,4.5,Avery,Smith,False,Bronze,43,95,218,0,3,0,False,True,False,False,True,False,False,False,False,False,2,2,Mid,1,1.0822595405770625,-0.15073957627075896,1.2192214897891847,-0.11419702414749179,-1.093612847840705,0.20930232558139536,10.914009336711365,234.39215003920248,0.0232558085451608,1.3850012469082125,-0.0989240538836487,Q2,1
CUST0219,69.0,53758.35,East,Masters,High,2024-02-09,4,258.35,64.5875,2024-01-31,1,P033,75.33,3.8,Alex,Wilson,True,Bronze,113,122,219,0,1,0,False,True,False,False,False,False,False,True,False,False,2,2,Mid,1,1.24355969864566,-0.20948471539977342,-0.43222973073778675,-0.3720109699953109,-0.9699408856382616,0.035398230088495575,10.892272884350128,231.8584697611886,0.00884955673897728,-0.3225751092100113,-0.15830147175371861,Q2,0
CUST0220,29.0,12887.33,North,Bachelors,High,2022-04-17,3,395.38,131.79333333333332,2023-11-16,1,P012,15.62,4.1,Riley,Moore,False,Platinum,776,198,220,0,2,2,False,True,False,False,False,True,False,False,False,False,1,2,Low,0,-0.9071090756023074,-2.241917444818928,-0.04177740189826352,0.2356023819667299,-1.3921508835289356,0.003865979381443299,9.464077529743156,113.52237664883519,0.0012886597772079926,0.27849526609639336,-2.5882107720767946,Q1,0
CUST0221,56.0,44895.4,North,Masters,Very High,2024-04-20,4,2378.05,594.5125,2024-03-22,1,P029,197.28,2.6,Sam,Wilson,False,Silver,42,71,221,0,2,3,False,True,False,False,False,False,False,True,False,False,2,3,Low,0,0.5445923470150705,-0.6502211995688862,5.607628704941536,4.419083635460336,-0.10763123494712658,0.09523809523809523,10.712112892342185,211.88534635505118,0.023809518140590916,3.0218803147352613,-0.6166208438867878,Q1,0
CUST0222,19.0,60655.67,Central,Bachelors,Medium,2022-03-28,5,504.98,100.99600000000001,2024-05-17,1,P037,77.01,4.6,Sam,Moore,True,Bronze,796,15,222,0,0,0,True,False,False,True,False,False,False,False,False,False,1,1,High,2,-1.4447762691642991,0.13350498520660548,0.2705160757402957,-0.04283878913437419,-0.958061589097375,0.00628140703517588,11.01298488359329,246.2837185036802,0.0012562813912527463,0.6324950781854317,0.1833753519899871,Q3,1
CUST0223,20.0,47364.12,North,Masters,Medium,2021-01-15,4,386.39,96.5975,2024-01-04,1,P037,77.01,4.6,Riley,Brown,False,Gold,1233,149,223,0,2,1,True,False,False,True,False,False,False,False,False,False,2,1,Mid,1,-1.3910095498081,-0.527456773142248,-0.067393445365149,-0.08260598189202238,-0.958061589097375,0.0032441200324412004,10.765641371822735,217.63299382216843,0.0008110300015326034,0.2455347143606888,-0.4865307508624076,Q2,0
CUST0224,66.0,43368.23,East,High School,High,2021-05-26,4,394.65,98.6625,2024-04-04,1,P035,130.15,3.4,Morgan,Brown,True,Bronze,1102,58,224,0,1,0,False,True,False,False,False,False,False,False,True,False,0,2,Low,0,1.0822595405770625,-0.7261642587679726,-0.0438574588204912,-0.06393615057576839,-0.5823081258933824,0.003629764065335753,10.677505482463827,208.25040216047603,0.0009074410080994464,0.2758449191161745,-0.698126174864991,Q1,0
CUST-0225A,41.4,71404.77,West,High School,High,2024-07-16,4,390.94,97.735,2024-04-10,1,P016,16.58,3.5,Alex,Wilson,True,Gold,-45,52,225,1,4,1,True,False,False,False,False,True,False,False,False,False,0,2,Very High,3,-0.24040175558543758,0.6680358741298437,-0.054428707014278134,-0.07232175277713668,-1.3853627140770004,-0.08888888888888889,11.176133957387465,267.2167098068532,-0.022222227160494927,0.26230459572517906,0.6944088523055589,Q4,0
CUST0226,66.0,38502.18,West,High School,Medium,2021-05-01,4,461.41,115.3525,2024-03-09,1,P014,492.89,3.7,Jordan,Wilson,True,Bronze,1127,84,226,0,4,0,False,True,False,False,True,False,False,False,False,False,0,1,Low,0,1.0822595405770625,-0.9681430320647997,0.14636802080679184,0.08695948364615884,1.9826299855596912,0.00354924578527063,10.558496114267495,196.21972377923683,0.0008873114384444416,0.5012253778491942,-0.9635657168350144,Q1,0
CUST0227,34.0,67809.21,Central,Bachelors,High,2022-04-14,5,568.04,113.60799999999999,2024-01-17,1,P033,75.33,3.8,Jamie,Wilson,True,Silver,779,136,227,0,0,3,True,False,False,False,False,False,False,True,False,False,1,2,High,2,-0.6382754788213114,0.4892359854901589,0.45019880110423294,0.0711873186431538,-0.9699408856382616,0.006418485237483954,11.124468052561458,260.40201612122746,0.0012836970310180099,0.8049553142103741,0.5261080836618799,Q3,1
CUST0228,66.0,31010.6,East,Bachelors,High,2021-05-19,4,651.1800000000001,162.79500000000002,2024-03-24,1,P027,171.78,3.4,Riley,Lee,True,Gold,1109,69,228,0,1,1,True,False,False,False,False,False,False,False,False,True,1,2,Low,0,1.0822595405770625,-1.3406840742766641,0.6870973387946512,0.515890947191622,-0.2879419860141536,0.0036068530207394047,10.342116607022724,176.09826802101148,0.0009017132470539833,1.0069574450388357,-1.392157837940249,Q1,0
CUST0229,19.0,104693.71,East,Masters,High,2021-03-06,2,141.2,70.6,2024-01-26,1,P026,97.94,2.5,Jamie,Smith,True,Bronze,1183,127,229,0,1,0,False,True,False,False,False,False,True,False,False,False,2,2,Very High,3,-1.4447762691642991,2.323427180333371,-0.7660361258596592,-0.317651473245201,-0.8100653530254978,0.0016906170752324597,11.55880387027177,323.5640740255321,0.0008453085304707648,-1.1444466989282294,2.153825973062506,Q4,0
C0230X,41.2,66895.648,North,Bachelors,High,2022-11-08,4,137.23000000000002,34.307500000000005,2024-04-24,1,P018,446.32,3.6,Riley,Davis,True,Bronze,571,38,230,1,2,0,True,False,False,False,False,False,False,False,False,True,1,2,High,2,-0.2511550994566772,0.4438064045999919,-0.7773482162449243,-0.6457748887634328,1.6533330570423797,0.0070052539404553416,11.110904140227259,258.6419300886846,0.0017513134544428469,-1.1823351941933347,0.48294040286113615,Q3,0
CUST0231,45.0,49181.22,East,Bachelors,Medium,2021-05-26,4,1702.32,425.58,2023-10-13,1,P030,384.12,4.8,Morgan,Miller,True,Gold,1102,232,231,0,1,1,False,True,False,False,False,False,False,False,True,False,1,1,Mid,1,-0.04684156590312044,-0.4370960845020442,3.682208343219788,2.891751297042378,1.213516244635749,0.003629764065335753,10.803287455052326,221.7683926983284,0.0009074410080994464,2.4842607554629774,-0.3920240159940225,Q2,0
CUST0232,40.0,75575.19,South,High School,High,2023-11-19,2,179.19,89.595,2023-11-11,1,P035,130.15,3.4,Avery,Moore,True,Silver,195,203,232,0,3,3,False,True,False,False,False,False,False,False,True,False,0,2,Very High,3,-0.3156751626841164,0.8754223818173011,-0.657787684112498,-0.14591614837728567,-0.5823081258933824,0.010256410256410256,11.232896565471426,274.90942144641025,0.005128204865220263,-0.8246963639487118,0.8865914960055354,Q4,0
CUST0233,54.0,47463.31,North,Bachelors,High,2022-05-03,5,681.0,136.2,2023-12-19,1,P022,414.28,2.6,Sam,Clark,True,Gold,760,165,233,0,2,1,False,True,False,False,False,False,False,False,False,True,1,2,Mid,1,0.4370589083026722,-0.5225242561061898,0.7720662393711275,0.2754434102154592,1.4267779015840443,0.006578947368421052,10.767733339182952,217.8607582838176,0.0013157894563711914,1.0736001889620261,-0.4813452857900699,Q2,1
CUST0234,49.0,81188.7,South,Bachelors,High,2022-07-25,3,289.12,96.37333333333333,2024-05-24,1,P030,384.12,4.8,Alex,Moore,True,Gold,677,8,234,0,3,1,True,False,False,False,False,False,False,False,True,False,1,2,Very High,3,0.1682253115216763,1.154570821247531,-0.3445539067693702,-0.08463269077986428,1.213516244635749,0.004431314623338257,11.304543670813331,284.93630867265756,0.001477104852627698,-0.16542175811914922,1.1405262243221879,Q4,0
CUST0235,50.0,61688.69,Central,High School,High,2024-10-02,6,688.02,114.67,2024-05-06,1,P011,191.14,2.9,Alex,Johnson,False,Gold,-123,26,235,0,0,1,True,False,False,False,False,False,True,False,False,False,0,2,High,2,0.22199203087787547,0.1848749695658063,0.7920689785410425,0.08078894617722739,-0.1510472354001285,-0.04878048780487805,11.02987209706543,248.37207975132793,-0.008130081961795281,1.0888938004603397,0.2335595413556326,Q3,1
CUST0236,18.0,58477.278000000006,West,High School,High,2023-09-22,5,265.81,53.162,2024-06-01,1,P005,228.93,4.7,Jamie,Clark,False,Gold,253,0,236,0,4,1,False,True,False,False,False,False,False,False,False,True,0,2,High,2,-1.4985429885204984,0.025177979951908222,-0.41097325862844697,-0.47530983571146607,0.11616622667135994,0.019762845849802372,10.976410648025688,241.82075593298438,0.00395256901373245,-0.28294037737015365,0.07673344767232325,Q3,1
CUST0237,36.0,50949.89,Central,High School,Low,2022-03-15,6,537.02,89.50333333333333,2024-04-17,1,P009,304.56,3.3,Casey,Lee,True,Bronze,809,45,237,0,0,0,True,False,False,False,True,False,False,False,False,False,0,0,Mid,1,-0.5307420401089131,-0.34914372129843996,0.36181062887477944,-0.1467449140935036,0.6509467013066248,0.007416563658838072,10.838617506604292,225.720823142217,0.0012360939278603965,0.7224733899301664,-0.300997301198144,Q2,1
CUST0238,19.0,76736.66,West,High School,High,2024-01-10,4,200.35,50.0875,2024-04-27,1,P010,445.76,4.4,Drew,Brown,False,Gold,143,35,238,0,4,1,True,False,False,False,False,False,False,False,False,True,0,2,Very High,3,-1.4447762691642991,0.9331799235238323,-0.5974945272983382,-0.5031066378334142,1.649373291528751,0.027972027972027972,11.248147870763713,277.01382636973193,0.006993006503985559,-0.6729405346414592,0.9395658728215661,Q4,0
CUST0239,61.0,59148.77,Central,Bachelors,High,2021-09-28,3,248.45,82.81666666666666,2024-03-22,1,P038,242.83,2.9,Taylor,Moore,False,Platinum,977,71,239,0,0,2,True,False,False,False,False,False,False,False,True,False,1,2,High,2,0.8134259437960665,0.05856991189642805,-0.4604387218748465,-0.20719960597470707,0.21445326352750413,0.0030706243602865915,10.9878279809797,243.2052014246406,0.001023541442952493,-0.37684484934449025,0.10972605134248815,Q3,0
CUST-0240A,43.0,62781.56,East,High School,High,2024-03-15,6,454.78000000000003,75.79666666666667,2024-01-12,1,P016,16.58,3.5,Avery,Brown,True,Silver,78,141,240,1,1,3,True,False,False,False,False,True,False,False,False,False,0,2,High,2,-0.1543750046155188,0.2392211727435176,0.12747654492409435,-0.27066799136943015,-1.3853627140770004,0.07692307692307693,11.04743260688219,250.56248721626307,0.01282051117685754,0.48024798352025616,0.28638854115569196,Q3,1
CUST0241,41.0,64738.03,South,Masters,High,2024-03-26,5,496.32,99.264,2024-02-26,1,P016,16.58,3.5,Casey,Davis,True,Gold,67,96,241,0,3,1,True,False,False,False,False,True,False,False,False,False,2,2,High,2,-0.2619084433279172,0.33651244812951714,0.2458403319779788,-0.05849794063062223,-1.3853627140770004,0.07462686567164178,11.07811954435903,254.4366915364213,0.014925370906661057,0.607264635578716,0.3803077461867886,Q3,1
CUST0242,39.4,57392.85,West,Masters,High,2023-08-27,7,810.51,115.78714285714285,2024-05-24,1,P001,16.27,4.9,Drew,Miller,False,Bronze,279,8,242,0,4,0,False,True,False,False,False,False,False,False,False,True,2,2,High,2,-0.3479351942978359,-0.028748419729297918,1.1410911325186621,0.09088912472396594,-1.3875547271291877,0.025089605734767026,10.957692433710308,239.5680487878131,0.0035842292622140053,1.3347332139801333,0.02322049048569511,Q3,1
CUST0243,49.0,64357.7,North,Bachelors,Medium,2022-05-13,4,249.13,62.2825,2024-04-20,1,P033,75.33,3.8,Sam,Davis,False,Platinum,750,42,243,0,2,2,False,True,False,False,False,False,False,True,False,False,1,1,High,2,0.1682253115216763,0.31759941048132556,-0.4585011346048262,-0.39285066064129914,-0.9699408856382616,0.005333333333333333,11.072227402021026,253.68819444349396,0.0013333333155555558,-0.37305366532273915,0.36211495155598633,Q3,0
CUST0244,21.0,60189.666000000005,South,PhD,High,2023-08-27,4,620.22,155.055,2023-12-26,1,P035,130.15,3.4,Jamie,Moore,True,Bronze,279,158,244,0,3,0,False,False,True,False,False,False,False,False,True,False,3,2,High,2,-1.3372428304519008,0.1103315537228737,0.5988801301478464,0.4459129838076964,-0.5823081258933824,0.014336917562724014,11.005272569441557,245.33582290403496,0.0035842292622140053,0.9346960589142838,0.1606564098782204,Q3,0
CUST0245,31.8,54103.44,North,Bachelors,Low,2023-04-14,1,41.93,2.81,2023-12-26,1,P016,16.58,3.5,Jamie,Moore,True,Gold,414,158,245,0,2,1,False,True,False,False,False,True,False,False,False,False,1,0,Mid,1,-0.7565622614049496,-0.1923240913048704,-1.048895373352175,-0.930546323089685,-1.3853627140770004,0.0024154589371980675,10.89867153170729,232.60146173229438,0.0024154588788536505,-2.6839073518368712,-0.140917644084235,Q2,0
CUST0246,34.0,34855.93,South,Bachelors,Medium,2022-01-25,3,293.75,97.91666666666667,2024-05-04,1,P039,70.18,4.9,Jamie,Clark,False,Bronze,858,28,246,0,3,0,False,False,True,False,False,True,False,False,False,False,1,1,Low,0,-0.6382754788213114,-1.1494636313462612,-0.33136121697496757,-0.07067928981226844,-1.0063565863439554,0.0034965034965034965,10.459007248644003,186.69742901282814,0.001165501151917236,-0.14313032462983555,-1.1688410878063633,Q1,0
CUST0247,55.0,60359.68,South,PhD,High,2021-07-13,7,658.3,94.04285714285713,2024-04-01,1,P018,446.32,3.6,Taylor,Wilson,False,Bronze,1054,61,247,0,3,0,True,False,False,False,False,False,False,False,False,True,3,2,High,2,0.4908256276588714,0.11878600428612021,0.7073850172689806,-0.1057027137158144,1.6533330570423797,0.006641366223908918,11.008093178557226,245.68207097792057,0.0009487665944139792,1.0231233879154797,0.16895089618886944,Q3,1
CUST0248,41.0,24048.26,Central,High School,High,2021-07-18,5,397.96999999999997,79.594,2024-03-13,1,P037,77.01,4.6,Riley,Lee,False,Bronze,1049,80,248,0,0,0,False,True,False,True,False,False,False,False,False,False,0,2,Low,0,-0.2619084433279172,-1.686907087290388,-0.03439747391392173,-0.23633599486341472,-0.958061589097375,0.004766444232602479,10.087859505829755,155.07501410607705,0.0009532888374328996,0.2878620387105452,-1.818244175484071,Q1,1
CUST0249,22.0,60104.05,West,PhD,Medium,2024-09-11,5,361.2,72.24,2024-05-10,1,P001,16.27,4.9,Sam,Lee,False,Bronze,-102,22,249,0,4,0,False,True,False,False,False,False,False,False,False,True,3,1,High,2,-1.2834761110957016,0.10607404410941278,-0.13916965614722293,-0.30282410115868447,-1.3875547271291877,-0.049019607843137254,11.003849143615556,245.16127345076345,-0.009803922529796326,0.14923666359543628,0.1564769016462982,Q3,1
CUST0250,69.0,49948.91,West,High School,Low,2023-06-02,2,119.22,59.61,2023-08-23,0,P027,171.78,3.4,Jordan,Wilson,False,Silver,365,283,250,0,4,3,False,True,False,False,False,False,False,False,False,True,0,0,Mid,1,1.24355969864566,-0.39892042159840746,-0.8286657849700199,-0.41701294838594266,-0.2879419860141536,0.005479452054794521,10.818775982273275,223.49252783929936,0.0027397259523362755,-1.3680438769697496,-0.3524000741189774,Q2,0
CUST0251,51.0,61742.53,South,Bachelors,High,2022-12-27,4,321.39,80.3475,2024-04-01,1,P027,171.78,3.4,Drew,Smith,False,Platinum,522,61,251,0,3,2,True,False,False,False,False,False,False,False,False,True,1,2,High,2,0.27575875023407465,0.18755232330329363,-0.2526039932347324,-0.22952354067610362,-0.2879419860141536,0.007662835249042145,11.03074447167276,248.48044188627804,0.0019157087755611348,-0.016470791299411886,0.23616842809603192,Q3,0
CUST0252,23.0,36121.09,East,High School,Low,2023-05-18,2,221.13,110.565,2024-05-09,1,P034,369.95,3.9,Drew,Lee,False,Gold,380,23,252,0,1,1,False,True,False,False,False,False,False,False,True,False,0,0,Low,0,-1.2297093917395026,-1.0865497967526558,-0.5382841398409545,0.043675310558233295,1.113320035121248,0.005263157894736842,10.494659868536898,190.05549189644586,0.0026315788781163456,-0.5377239766771564,-1.0969450963033238,Q1,0
C0253X,39.0,16851.57,East,Masters,Medium,2023-04-22,2,90.03,45.015,2023-05-02,1,P021,57.84,4.5,Riley,Wilson,True,Bronze,406,396,253,1,1,0,False,True,False,False,True,False,False,False,False,False,2,1,Low,0,-0.36944188204031553,-2.0447838493453485,-0.9118395679286834,-0.548967518875399,-1.093612847840705,0.0049261083743842365,9.732258446405364,129.813597130655,0.0024630541265257605,-1.7327495477901105,-2.2984881260921806,Q1,0
CUST0254,28.0,48684.42,North,Bachelors,Low,2023-08-15,6,569.5699999999999,94.92833333333333,2024-04-18,1,P038,242.83,2.9,Morgan,Brown,False,Bronze,291,44,254,0,2,0,False,True,False,False,False,False,False,False,True,False,1,0,Mid,1,-0.9608757949585066,-0.4618009384541952,0.45455837246177844,-0.09769705216097188,0.21445326352750413,0.020618556701030927,10.793134880262777,220.64546222390342,0.0034364259987482476,0.8089143767338168,-0.4177610208101286,Q2,1
CUST-0255A,65.0,36173.57,North,Masters,Medium,2021-04-21,1,1873.0,1873.0,2024-03-16,1,P002,400.36,3.0,Taylor,Moore,True,Gold,1137,77,255,1,2,1,False,True,False,True,False,False,False,False,False,False,2,1,Low,0,1.0284928212208633,-1.0839400730501418,4.168542747994873,15.977992093058063,1.3283494445309851,0.0008795074758135445,10.496111664766978,190.193506724073,0.0008795074680782105,2.6366519309269236,-1.0939785978689047,Q1,0
CUST0256,33.0,22949.98,Central,Bachelors,Medium,2024-10-11,7,557.41,79.63,2024-04-15,1,P001,16.27,4.9,Riley,Clark,False,Gold,-132,47,256,0,0,1,True,False,False,False,False,False,False,False,False,True,1,1,Low,0,-0.6920421981775107,-1.7415223187689874,0.41990975304494566,-0.2360105159639546,-1.3875547271291877,-0.05303030303030303,10.041115916102061,151.49250806558058,-0.007575758149678648,0.7771721275640916,-1.8885246869378653,Q1,1
CUST0257,52.8,68823.7,South,Bachelors,Medium,2024-08-31,2,262.48,131.24,2023-06-09,1,P030,384.12,4.8,Jamie,Clark,True,Platinum,-91,358,257,0,3,2,False,True,False,False,False,False,False,False,True,False,1,1,High,2,0.37253884507523305,0.5396845106228426,-0.42046173746545784,0.2305996507342875,1.213516244635749,-0.02197802197802198,11.139317971120088,262.3427147835442,-0.010989012196594747,-0.3005034175871605,0.5738490666822756,Q3,0
CUST0258,26.0,83822.29,North,High School,Medium,2024-08-16,2,41.93,29.27,2024-04-14,1,P038,242.83,2.9,Jamie,Garcia,True,Silver,-76,48,258,0,2,3,True,False,False,False,False,False,False,False,True,False,0,1,Very High,3,-1.068409233670905,1.2855338975757211,-1.048895373352175,-0.691319331986498,0.21445326352750413,-0.02631578947368421,11.336466171484242,289.520793726461,-0.013157896468144272,-2.6839073518368712,1.2579067505001273,Q4,0
CUST0259,23.0,47703.835999999996,North,Bachelors,Very High,2021-07-21,6,547.9100000000001,91.31833333333334,2024-04-24,1,P021,57.84,4.5,Morgan,Lee,True,Gold,1046,38,259,0,2,1,False,True,False,False,True,False,False,False,False,False,1,3,Mid,1,-1.2297093917395026,-0.5105633871414254,0.39284051912554535,-0.13033535291238918,-1.093612847840705,0.0057361376673040155,10.772788055385256,218.41207842058552,0.0009560229354108707,0.7519226104059371,-0.4687839807282473,Q2,1
CUST0260,33.0,53636.13,South,PhD,High,2021-05-05,3,150.12,50.04,2024-03-14,1,P029,197.28,2.6,Taylor,Wilson,False,Gold,1123,79,260,0,3,1,False,True,False,False,False,False,False,True,False,False,3,2,Mid,1,-0.6920421981775107,-0.21556246751336422,-0.7406195399058639,-0.5035360891590908,-0.10763123494712658,0.0026714158504007124,10.88999683111705,231.59475382659252,0.000890471942204168,-1.0627866787730496,-0.16446597494230197,Q2,0
CUST0261,46.0,49459.86,Central,Bachelors,High,2023-04-05,3,321.27,107.08999999999999,2023-10-14,1,P017,336.17,3.8,Alex,Lee,False,Gold,423,231,261,0,0,1,False,True,False,False,True,False,False,False,False,False,1,2,Mid,1,0.006925153453078743,-0.4232398838071422,-0.2529459204000301,0.012257555679791232,0.8744613225312807,0.0070921985815602835,10.808936928712352,222.39572837624377,0.00236406613796534,-0.016998487730366146,-0.37762169879570495,Q2,0
CUST0262,20.0,43139.83,North,Masters,Low,2022-11-26,3,248.8,82.93333333333334,2024-05-12,1,P039,70.18,4.9,Jamie,Lee,True,Silver,553,20,262,0,2,3,False,True,False,False,False,True,False,False,False,False,2,0,Low,0,-1.3910095498081,-0.7375221264062,-0.4594414343093948,-0.20614481324497513,-1.0063565863439554,0.0054249547920434,10.672225159442814,207.7012999477856,0.0018083182313143177,-0.37489230489209285,-0.7103864284198477,Q1,0
CUST0263,48.6,66947.27,Central,Masters,Medium,2021-08-12,7,509.46999999999997,72.78142857142856,2024-05-07,1,P017,336.17,3.8,Drew,Garcia,False,Silver,1024,25,263,0,0,3,False,False,True,False,True,False,False,False,False,False,2,1,High,2,0.1467186237791967,0.44637346170691217,0.28330985050851754,-0.2979290018374391,0.8744613225312807,0.0068359375,11.111675510606217,258.74170518105507,0.000976562490463257,0.6454186431600588,0.48538415467761453,Q3,1
CUST0264,53.0,73182.55,West,Bachelors,High,2022-05-25,1,136.79,136.79,2024-03-27,1,P026,97.94,2.5,Jordan,Lee,False,Bronze,738,66,264,0,4,0,True,False,False,False,False,False,True,False,False,False,1,2,Very High,3,0.38329218894647304,0.7564412591118379,-0.7786019491843492,0.28077764773438896,-0.8100653530254978,0.0013550135501355014,11.2007259479186,270.5227347192838,0.0013550135317748845,-1.1865965843382542,0.7767178717470637,Q4,0
CUST0265,36.0,54583.92,Central,Bachelors,Low,2022-01-28,6,711.17,118.52833333333332,2024-05-21,1,P005,228.93,4.7,Alex,Davis,True,Silver,855,11,265,0,0,3,False,True,False,False,False,False,False,False,False,True,1,0,Mid,1,-0.5307420401089131,-0.16843079777240394,0.8580324275130556,0.11567244859621681,0.11616622667135994,0.007017543859649123,10.907512933109192,233.63201835364947,0.0011695906295954312,1.1383199774731811,-0.11676664952797447,Q2,1
CUST0266,43.0,55805.8,East,High School,Medium,2022-01-25,8,730.52,91.315,2024-05-15,1,P040,147.94,4.8,Jamie,Garcia,False,Silver,858,17,266,0,1,3,True,False,False,False,False,False,False,True,False,False,0,1,Mid,1,-0.1543750046155188,-0.10766918958590195,0.9131681829173086,-0.13036548984752447,-0.4565148607372095,0.009324009324009324,10.929651004743896,236.23251258029663,0.001165501151917236,1.1784986897126681,-0.0556235617320759,Q2,1
CUST0267,20.0,78121.59,East,High School,High,2024-01-04,3,196.44,65.48,2024-05-01,1,P035,130.15,3.4,Taylor,Moore,True,Bronze,149,31,267,0,1,0,False,True,False,False,False,False,False,False,True,False,0,2,Very High,3,-1.3910095498081,1.0020496767121416,-0.6086356541009547,-0.36394180561286216,-0.5823081258933824,0.020134228187919462,11.266034538562893,279.5023971274665,0.0067114089455430235,-0.6998275881316486,1.0024314227650442,Q4,0
CUST0268,36.0,67402.65,Central,High School,High,2023-07-08,3,275.27,91.75666666666666,2023-08-28,1,P031,126.52,3.6,Casey,Davis,False,Gold,329,278,268,0,0,1,False,True,False,False,False,True,False,False,False,False,0,2,High,2,-0.5307420401089131,0.4690185832703788,-0.38401800043081225,-0.12637234594211103,-0.6079758916335122,0.00911854103343465,11.118454449736777,259.62020337408256,0.003039513585425119,-0.23413733683063187,0.5069181037773409,Q3,0
CUST0269,37.0,70078.55,East,Bachelors,Low,2021-10-15,3,510.72,170.24,2023-12-21,1,P002,400.36,3.0,Jamie,Moore,True,Silver,960,163,269,0,1,3,False,False,True,True,False,False,False,False,False,False,1,0,Very High,3,-0.4769753207527139,0.6020856498777876,0.286871591813702,0.5832017918160824,1.3283494445309851,0.003125,11.15738630435678,264.723535032305,0.0010416666558159724,0.6489976893365744,0.6326218162300802,Q4,0
CUST-0270A,49.0,79623.74,West,Bachelors,Medium,2023-05-15,3,492.71,164.23666666666665,2024-05-03,1,P038,242.83,2.9,Drew,Garcia,False,Bronze,383,29,270,1,4,0,True,False,False,False,False,False,False,False,True,False,1,1,Very High,3,0.1682253115216763,1.0767485421795806,0.2355540230886065,0.528925171637594,0.21445326352750413,0.007832898172323759,11.285080127563011,282.17678855639423,0.002610965989269818,0.5966261358515021,1.0702561987872596,Q4,0
CUST0271,24.0,79387.21,South,Bachelors,High,2022-01-11,2,327.77,163.885,2024-02-03,1,P018,446.32,3.6,Riley,Wilson,True,Silver,872,119,271,0,3,3,False,False,True,False,False,False,False,False,False,True,1,2,Very High,3,-1.1759426723833033,1.064986386170518,-0.2344248656130718,0.5257457249808308,1.6533330570423797,0.0022935779816513763,11.282105147544707,281.75736015231263,0.0011467889776744383,0.011325100497655595,1.059601049773553,Q4,0
CUST0272,69.0,73515.57,East,Bachelors,Low,2022-07-25,4,274.47,68.6175,2023-12-03,1,P012,15.62,4.1,Jamie,Davis,False,Bronze,677,181,272,0,1,0,False,True,False,False,False,True,False,False,False,False,1,0,Very High,3,1.24355969864566,0.7730016666463495,-0.38629751486613007,-0.33557541541685876,-1.3921508835289356,0.005908419497784343,11.20526610196953,271.1375481190313,0.001477104852627698,-0.23820374863847302,0.7920719322102013,Q4,0
CUST0273,58.0,57608.87,East,Bachelors,High,2023-08-06,4,328.39,82.0975,2024-03-03,1,P023,185.73,4.4,Drew,Moore,False,Gold,300,90,273,0,1,1,False,True,False,False,False,False,False,False,False,True,1,2,High,2,0.6521257857274689,-0.01800618432119863,-0.23265824192570037,-0.21370164973012565,-0.18930139866572127,0.013333333333333334,10.961449186171201,240.0184784553056,0.0033333332222222263,0.013999441955736781,0.03390342988406084,Q3,0
CUST0274,54.6,48115.31,Central,Bachelors,High,2022-05-27,4,200.44,50.11,2024-05-13,1,P032,69.83,3.6,Jamie,Garcia,True,Silver,736,19,274,0,0,3,False,True,False,False,False,True,False,False,False,False,1,2,Mid,1,0.4693189399163918,-0.49010162169233645,-0.5972380819243649,-0.5029032135212517,-1.0088314397899734,0.005434782608695652,10.78137648385653,219.35202301323778,0.0013586956337133746,-0.6723273913070243,-0.4473372271309841,Q2,0
CUST0275,57.0,56862.6,West,Masters,Very High,2021-06-04,3,2378.05,874.8533333333334,2024-05-02,1,P038,242.83,2.9,Avery,Wilson,False,Bronze,1093,30,275,0,4,0,False,True,False,False,False,False,False,False,True,False,2,3,Mid,1,0.5983590663712698,-0.05511667417399998,5.607628704941536,6.953667688434385,0.21445326352750413,0.0027447392497712718,10.948410696602119,238.45880147312658,0.0009149130748864312,3.0218803147352613,-0.003051450763894418,Q2,0
C0276X,56.0,45380.68,South,High School,Medium,2023-06-27,3,258.48,86.16000000000001,2023-06-07,1,P026,97.94,2.5,Jamie,Smith,False,Bronze,340,360,276,1,3,0,True,False,False,False,False,False,True,False,False,False,0,1,Low,0,0.5445923470150705,-0.626089211795336,-0.4318593096420476,-0.1769722600341052,-0.8100653530254978,0.008823529411764706,10.722863778362553,213.02741607595956,0.0029411763840830477,-0.3218753874179704,-0.5908893912055904,Q1,0
CUST0277,35.0,19855.24,Central,High School,High,2024-02-02,2,154.62,77.31,2023-12-19,1,P020,209.32,3.2,Morgan,Smith,False,Silver,120,165,277,0,0,3,False,True,False,False,False,False,False,True,False,False,0,2,Low,0,-0.5845087594651123,-1.8954174470296135,-0.7277972712072005,-0.25698582281805105,-0.02249627640410682,0.016666666666666666,9.896273594397933,140.908622873123,0.008333332638888946,-1.0232790794893265,-2.092022158304321,Q1,0
CUST0278,57.0,49969.02,Central,Masters,High,2021-07-20,4,171.42000000000002,42.855000000000004,2023-07-05,1,P040,147.94,4.8,Jamie,Davis,False,Gold,1047,332,278,0,0,1,True,False,False,False,False,False,False,True,False,False,2,2,Mid,1,0.5983590663712698,-0.39792039218420133,-0.6799274680655235,-0.5684962528430061,-0.4565148607372095,0.0038204393505253103,10.819178504578314,223.53751363026296,0.0009551098285089797,-0.884618701592725,-0.351364473509725,Q2,0
CUST0279,18.0,61435.47,West,Bachelors,Medium,2021-04-14,2,197.65,98.825,2023-05-23,1,P020,209.32,3.2,Alex,Clark,True,Silver,1144,375,279,0,4,3,True,False,False,False,False,False,False,True,False,False,1,1,High,2,-1.4985429885204984,0.17228285378930938,-0.6051878885175362,-0.0624669749879275,-0.02249627640410682,0.0017482517482517483,11.025758911743901,247.86179616875208,0.0008741258664849138,-0.6914544794177969,0.22128063201839276,Q3,0
CUST0280,28.0,44429.15,South,Bachelors,Low,2024-08-28,3,282.34000000000003,94.11333333333334,2024-05-16,1,P037,77.01,4.6,Avery,Moore,False,Gold,-88,16,280,0,3,1,False,True,False,True,False,False,False,False,False,False,1,0,Low,0,-0.9608757949585066,-0.6734068641324739,-0.36387279160868974,-0.10506553280152718,-0.958061589097375,-0.03409090909090909,10.701673572021488,210.78223359666725,-0.011363637654958824,-0.19866939684065008,-0.6414188004329127,Q1,0
CUST0281,45.0,51529.96,North,Bachelors,High,2024-01-13,2,163.82,81.91,2024-02-09,1,P040,147.94,4.8,Taylor,Smith,False,Platinum,140,113,281,0,2,2,True,False,False,False,False,False,False,True,False,False,1,2,Mid,1,-0.04684156590312044,-0.3202980195431579,-0.7015828552010441,-0.21539685233148043,-0.4565148607372095,0.014285714285714285,10.849938071073051,227.0021145275964,0.007142856632653098,-0.9457129389309846,-0.2713424820217818,Q2,0
CUST0282,57.2,52227.34,South,Bachelors,Medium,2021-01-31,5,338.45,67.69,2023-12-21,1,P022,414.28,2.6,Sam,Moore,False,Silver,1217,163,282,0,3,3,True,False,False,False,False,False,False,False,False,True,1,1,Mid,1,0.6091124102425097,-0.28561872999172694,-0.20399334790157714,-0.34396101761822717,1.4267779015840443,0.004108463434675432,10.863380538424792,228.5330173082218,0.0008216926801832977,0.0567503665849787,-0.23581737441621364,Q2,1
CUST0283,67.0,79423.42,West,High School,Medium,2021-07-11,1,103.36,103.36,2024-01-26,0,P023,185.73,4.4,Jamie,Davis,True,Bronze,1056,127,283,0,4,0,False,True,False,False,False,False,False,False,False,True,0,1,Very High,3,1.1360262599332616,1.066787035851692,-0.8738571586501981,-0.02146567473649317,-0.18930139866572127,0.000946969696969697,11.28256115662443,281.82161024307555,0.000946969688002181,-1.5544337682073581,1.0612328215386502,Q4,0
CUST0284,40.0,48530.13,Central,High School,Low,2022-04-30,5,155.53,38.8825,2024-05-08,1,P027,171.78,3.4,Casey,Miller,False,Platinum,763,24,284,0,0,2,True,False,False,False,False,False,False,False,False,True,0,0,Mid,1,-0.3156751626841164,-0.46947346646602567,-0.7252043235370264,-0.6044119452903761,-0.2879419860141536,0.00655307994757536,10.789960726694428,220.29555147573905,0.0013106159723379296,-1.015419212899447,-0.4257694691582354,Q2,1
CUST-0285A,48.0,79419.4,Central,Bachelors,High,2021-12-07,1,158.14,158.14,2023-04-25,0,P015,377.41,2.9,Casey,Miller,False,Bronze,907,403,285,1,0,0,True,False,False,True,False,False,False,False,False,False,1,2,Very High,3,0.11445859216547712,1.0665871294247842,-0.7177674076918016,0.47380471727532025,1.166069768570661,0.0011025358324145535,11.28251054118729,281.814477981526,0.001102535820258701,-0.9931097488584738,1.061051674351725,Q4,0
CUST0286,47.0,12887.33,North,Bachelors,High,2023-04-13,6,664.5,110.75,2024-03-10,1,P040,147.94,4.8,Morgan,Davis,False,Gold,415,83,286,0,2,1,False,True,False,False,False,False,False,True,False,False,1,2,Low,0,0.06069187280927792,-2.241917444818928,0.7250512541426948,0.045347910458236704,-0.4565148607372095,0.014457831325301205,9.464077529743156,113.52237664883519,0.0024096384961532894,1.0370686545930174,-2.5882107720767946,Q1,1
CUST0287,59.0,79261.4,East,Masters,High,2023-09-22,3,160.7,53.56666666666666,2023-10-25,1,P011,191.14,2.9,Jamie,Moore,False,Silver,253,220,287,0,1,3,True,False,False,False,False,False,True,False,False,False,2,2,Very High,3,0.7058925050836682,1.058730110655783,-0.7104729614987841,-0.4716512117860533,-0.1510472354001285,0.011857707509881422,11.280519146376834,281.53401215483717,0.00395256901373245,-0.9715560878469898,1.0539298659823437,Q4,0
CUST0288,52.0,78353.31,West,Masters,Medium,2023-09-13,2,117.18,58.59,2024-05-05,1,P036,322.89,4.0,Jamie,Miller,True,Platinum,262,27,288,0,4,2,False,False,True,False,False,False,True,False,False,False,2,1,Very High,3,0.32952546959027385,1.0135726412004518,-0.8344785467800805,-0.42623485053731264,0.7805583117795112,0.007633587786259542,11.268996255843627,279.91661258310484,0.0038167937474506207,-1.3906886729278556,1.0129183317904153,Q4,0
CUST0289,54.6,71240.58,North,Bachelors,Medium,2022-03-14,7,873.46,124.78,2024-03-15,1,P039,70.18,4.9,Morgan,Lee,True,Platinum,810,78,289,0,2,2,False,True,False,False,False,True,False,False,False,False,1,1,Very High,3,0.4693189399163918,0.6598710392457783,1.3204604246477434,0.1721942704422773,-1.0063565863439554,0.008641975308641974,11.173831915709034,266.9093104408312,0.001234567885992989,1.4479095896319791,0.6867774701464083,Q4,1
CUST0290,33.0,18785.48,East,Masters,High,2023-04-02,3,383.09000000000003,127.69666666666667,2024-02-17,1,P008,463.82,2.8,Riley,Lee,True,Bronze,426,105,290,0,1,0,True,False,False,False,True,False,False,False,False,False,2,2,Low,0,-0.6920421981775107,-1.9486144368924418,-0.07679644241083541,0.198564088685574,1.7770757293432806,0.007042253521126761,9.840892741170231,137.06013278849542,0.002347417785271883,0.23325684740726285,-2.1644493709131405,Q1,0
CUST0291,43.0,73339.97,North,Bachelors,Medium,2021-05-01,7,667.16,95.30857142857143,2024-05-01,1,P025,437.3,3.5,Jordan,Brown,False,Platinum,1127,31,291,0,2,2,False,True,False,False,False,True,False,False,False,False,1,1,Very High,3,-0.1543750046155188,0.7642694356600415,0.7326306396401269,-0.09425928891733554,1.5895525482335726,0.006211180124223602,11.20287466760821,270.81353363523027,0.0008873114384444416,1.0430145870399088,0.7839783047476675,Q4,1
CUST0292,39.0,54097.85,South,Bachelors,Medium,2021-12-04,7,426.65,60.949999999999996,2024-04-19,1,P035,130.15,3.4,Drew,Davis,False,Platinum,910,43,292,0,3,2,True,False,False,False,False,False,False,False,True,False,1,1,Mid,1,-0.36944188204031553,-0.19260207063979917,0.04732311859222679,-0.4048979004615938,-0.5823081258933824,0.007692307692307693,10.898568207677034,232.58944516035115,0.001098901086825263,0.3879624967811355,-0.14119898412441462,Q2,1
CUST0293,69.0,12887.33,East,Masters,High,2023-02-16,7,526.49,75.21285714285715,2024-03-29,1,P011,191.14,2.9,Sam,Smith,False,Gold,471,64,293,0,1,1,True,False,False,False,False,False,True,False,False,False,2,2,Low,0,1.24355969864566,-2.241917444818928,0.331806520119907,-0.2759462602945373,-0.1510472354001285,0.014861995753715499,9.464077529743156,113.52237664883519,0.0021231422054534565,0.6934652575947627,-2.5882107720767946,Q1,1
CUST0294,66.0,78367.2,Central,Bachelors,Very High,2021-01-05,6,212.26999999999998,35.37833333333333,2024-04-18,1,P038,242.83,2.9,Riley,Lee,True,Platinum,1243,44,294,0,0,2,False,True,False,False,False,False,False,False,True,False,1,3,Very High,3,1.0822595405770625,1.0142633626605873,-0.5635297622121008,-0.6360933983512511,0.21445326352750413,0.004827031375703942,11.269173511810704,279.94142244405344,0.0008045052228117037,-0.5938723505387925,1.0135466650054836,Q4,1
CUST0295,19.0,80995.12,North,Bachelors,High,2023-03-11,2,224.46,112.23,2023-11-02,1,P037,77.01,4.6,Avery,Lee,False,Silver,448,212,295,0,2,3,False,True,False,True,False,False,False,False,False,False,1,2,Very High,3,-1.4447762691642991,1.1449444814164975,-0.5287956610039435,0.05872870965826383,-0.958061589097375,0.004464285714285714,11.302156531272708,284.59641599992085,0.0022321428073182412,-0.5171584903692,1.131855350573815,Q4,0
CUST0296,18.0,20718.78,East,High School,High,2022-06-28,1,51.6,51.6,2023-08-05,1,P007,154.24,3.9,Riley,Garcia,True,Platinum,704,301,296,0,1,2,True,False,False,False,False,True,False,False,False,False,0,2,Low,0,-1.4985429885204984,-1.8524753584993394,-1.0213417426152693,-0.48943200351581895,-0.4119674987088851,0.0014204545454545455,9.938844078556432,143.94019591483124,0.0014204545252776346,-2.4316904770403425,-2.034374224660335,Q1,0
CUST0297,65.0,134854.258,East,Bachelors,Very High,2023-07-21,1,141.88,141.88,2023-02-14,1,P007,154.24,3.9,Alex,Garcia,True,Gold,316,473,297,0,1,1,False,True,False,False,False,True,False,False,False,False,1,3,Very High,3,1.0284928212208633,3.8232499127344077,-0.7640985385896388,0.3267967476858335,-0.4119674987088851,0.0031645569620253164,11.811957319279735,367.22507811967307,0.0031645568618811123,-1.1380559399231873,3.362452809698359,Q4,0
CUST0298,29.0,79994.64,Central,Masters,Medium,2022-08-08,6,549.8,91.63333333333333,2024-03-05,1,P026,97.94,2.5,Jamie,Moore,True,Platinum,663,88,298,0,0,2,True,False,False,False,False,False,True,False,False,False,2,1,Very High,3,-0.9071090756023074,1.0951926450999763,0.3982258719789836,-0.1274874125421133,-0.8100653530254978,0.00904977375565611,11.289727412170839,282.83323708503565,0.0015082956031931282,0.756978176422377,1.086946085169332,Q4,1
C0299X,22.0,58250.42,West,Masters,High,2023-05-17,4,505.86,126.465,2024-05-22,1,P031,126.52,3.6,Taylor,Smith,True,Bronze,381,10,299,1,4,0,False,True,False,False,False,True,False,False,False,False,2,2,High,2,-1.2834761110957016,0.013896792838628795,0.2730235416191454,0.187428491153119,-0.6079758916335122,0.010498687664041995,10.97252374881322,241.35123782570497,0.002624671847121474,0.6350363695572816,0.06556255491149646,Q3,0
CUST-0300A,54.0,70049.1,South,Masters,Very High,2024-02-13,3,248.14999999999998,82.71666666666665,2023-12-25,1,P032,69.83,3.6,Jordan,Garcia,False,Platinum,109,159,300,1,3,2,True,False,False,False,False,True,False,False,False,False,2,3,Very High,3,0.4370589083026722,0.6006211612528061,-0.46129353978809073,-0.20810371402876304,-1.0088314397899734,0.027522935779816515,11.156965979315883,264.6679051188489,0.009174311084925588,-0.3785204895263908,0.6312459733630413,Q4,0
CUST0301,49.0,12887.33,Central,Masters,Medium,2024-09-17,1,59.79,59.79,2023-12-31,0,P029,197.28,2.6,Sam,Garcia,False,Silver,-108,153,301,0,0,3,True,False,False,False,False,False,False,True,False,False,2,1,Low,0,0.1682253115216763,-2.241917444818928,-0.998005213583702,-0.41538555388864207,-0.10763123494712658,-0.009259259259259259,9.464077529743156,113.52237664883519,-0.00925926011659816,-2.249850513399742,-2.5882107720767946,Q1,0
CUST0302,26.0,68131.77,South,Bachelors,High,2023-09-24,4,290.82,72.705,2024-02-26,1,P034,369.95,3.9,Jamie,Brown,False,Bronze,251,96,302,0,3,0,True,False,False,False,False,False,False,False,True,False,1,2,High,2,-1.068409233670905,0.5052762384909756,-0.3397099385943196,-0.2986199987073246,1.113320035121248,0.01593625498007968,11.129213580507635,261.02063136848017,0.003984063586292288,-0.15719878115055902,0.5413096280712781,Q3,0
CUST0303,58.0,51074.13,West,Bachelors,High,2021-11-14,3,313.07,104.35666666666667,2023-12-25,1,P026,97.94,2.5,Morgan,Wilson,True,Bronze,930,159,303,0,4,0,False,True,False,False,False,False,True,False,False,False,1,2,Mid,1,0.6521257857274689,-0.34296551869172665,-0.2763109433620391,-0.012454731131069492,-0.8100653530254978,0.0032258064516129032,10.841052964959138,225.99586279399009,0.0010752688056422709,-0.05349819959075172,-0.2946376541235864,Q2,0
CUST0304,52.0,72925.44,East,High School,High,2022-01-24,3,426.66,142.22,2024-03-24,1,P034,369.95,3.9,Avery,Davis,True,Platinum,859,69,304,0,1,2,True,False,False,False,False,False,False,False,True,False,0,2,Very High,3,0.32952546959027385,0.7436557015441295,0.0473516125226684,0.32987071506962357,1.113320035121248,0.0034924330616996507,11.197206540855673,270.04710700172296,0.001164144340347563,0.3879962961097462,0.7648499150577803,Q4,0
CUST0305,36.0,86785.146,South,Bachelors,High,2022-08-31,5,408.29999999999995,81.66,2023-10-12,1,P024,473.72,3.4,Avery,Miller,True,Gold,640,233,305,0,3,1,True,False,False,False,True,False,False,False,False,False,1,2,Very High,3,-0.5307420401089131,1.4328707026507086,-0.004963243767878743,-0.21765712246662014,1.8470787268163618,0.0078125,11.371202279614751,294.5931872939359,0.001562499975585938,0.32466616782094787,1.3887009444897553,Q4,1
CUST0306,65.0,54642.13,North,Bachelors,Very High,2022-03-22,5,453.64,90.728,2024-03-10,1,P039,70.18,4.9,Jamie,Johnson,False,Bronze,802,83,306,0,2,0,False,True,False,False,False,True,False,False,False,False,1,3,Mid,1,1.0284928212208633,-0.16553613281959662,0.12422823685376616,-0.13567260412483254,-1.0063565863439554,0.006234413965087282,10.908578776645,233.75656140523628,0.0012468827774702897,0.47661242087792693,-0.11384493036944969,Q2,1
CUST0307,33.0,66536.27,North,PhD,High,2021-04-30,4,552.9,138.225,2024-03-10,1,P014,492.89,3.7,Morgan,Lee,True,Bronze,1128,83,307,0,2,0,False,True,False,False,True,False,False,False,False,False,3,2,High,2,-0.6920421981775107,0.4259352673141304,0.40705899041584076,0.2937515983100909,1.9826299855596912,0.0035460992907801418,11.105517520777687,257.94625409181657,0.0008865248148357729,0.7652355171822401,0.46591260142095337,Q3,0
CUST0308,20.0,51905.56,Central,Bachelors,Low,2024-04-01,4,453.25,113.3125,2024-01-24,1,P020,209.32,3.2,Jordan,Davis,False,Silver,61,129,308,0,0,3,False,True,False,False,False,False,False,True,False,False,1,0,Mid,1,-1.3910095498081,-0.3016201951783676,0.12311697356654869,0.06851567934341875,-0.02249627640410682,0.06557377049180328,10.85720045808371,227.8279175167082,0.016393439935501648,0.4753667276029804,-0.2521920271341113,Q2,0
CUST0309,45.2,54563.01,West,Bachelors,Very High,2024-01-16,5,595.0899999999999,119.01799999999999,2023-12-30,1,P023,185.73,4.4,Casey,Lee,False,Gold,137,154,309,0,4,1,True,False,False,False,False,False,False,False,False,True,1,3,Mid,1,-0.03608822203188045,-0.1694706095601241,0.527274882948421,0.12009956436757711,-0.18930139866572127,0.0364963503649635,10.907129786884015,233.587264207619,0.007299269540199303,0.8735334371785384,-0.11781639864847666,Q2,1
CUST0310,41.0,134854.258,Central,Bachelors,Medium,2021-05-05,1,110.88,110.88,2023-09-14,1,P024,473.72,3.4,Casey,Miller,True,Gold,1123,261,310,0,0,1,True,False,False,False,True,False,False,False,False,False,1,1,Very High,3,-0.2619084433279172,3.8232499127344077,-0.8524297229582094,0.04652325092850931,1.8470787268163618,0.0008904719501335708,11.811957319279735,367.22507811967307,0.000890471942204168,-1.4629925698194133,3.362452809698359,Q4,0
CUST0311,50.0,26102.64,Central,Bachelors,Medium,2022-10-05,2,371.12,185.56,2024-01-09,1,P039,70.18,4.9,Alex,Garcia,False,Bronze,605,144,311,0,0,0,False,True,False,False,False,True,False,False,False,False,1,1,Low,0,0.22199203087787547,-1.584746946665952,-0.11090367714928032,0.7217111456974439,-1.0063565863439554,0.003305785123966942,10.169830047188173,161.56311460231262,0.0016528925346629333,0.18788204551076232,-1.689207493238219,Q1,0
CUST0312,41.0,65221.36,Central,Masters,Medium,2021-04-28,2,261.84000000000003,130.92000000000002,2023-09-29,1,P018,446.32,3.6,Drew,Brown,True,Silver,1130,246,312,0,0,3,True,False,False,False,False,False,False,False,False,True,2,1,High,2,-0.2619084433279172,0.3605474663676273,-0.4222853490137122,0.22770650496130876,1.6533330570423797,0.0017699115044247787,11.085557633907898,255.38472937902924,0.0008849557443809227,-0.3039025509561125,0.40338312470627385,Q3,0
CUST0313,69.0,40491.45,North,High School,Medium,2021-04-13,4,446.41,111.6025,2024-02-26,1,P039,70.18,4.9,Sam,Clark,True,Silver,1145,96,313,0,2,3,False,True,False,False,False,True,False,False,False,False,0,1,Low,0,1.24355969864566,-0.8692206793647292,0.10362712514458029,0.053055431619063176,-1.0063565863439554,0.0034934497816593887,10.608870815963222,201.2248742079368,0.0008733624377872276,0.45335578932498033,-0.8539485949265848,Q1,0
CUST0314,28.0,51385.75,North,Bachelors,Medium,2024-04-11,4,307.5,76.875,2024-01-02,1,P037,77.01,4.6,Drew,Davis,True,Gold,51,151,314,0,2,1,False,True,False,True,False,False,False,False,False,False,1,1,Mid,1,-0.9608757949585066,-0.32746928964871275,-0.2921820626179403,-0.2609186928531942,-0.958061589097375,0.0784313725490196,10.847135636110572,226.68425176884256,0.01960783929258053,-0.07880067989827134,-0.2787058866434895,Q2,0
CUST-0315A,66.0,60165.53,Central,Masters,Very High,2023-09-04,6,623.01,103.835,2024-03-01,1,P031,126.52,3.6,Morgan,Garcia,True,Gold,271,92,315,1,0,1,False,False,True,False,False,True,False,False,False,False,2,3,High,2,1.0822595405770625,0.10913131951395813,0.6068299367410176,-0.01717116147972777,-0.6079758916335122,0.02214022140221402,11.00487149661624,245.2866282535597,0.0036900367642052857,0.9413438321159208,0.1594783384176426,Q3,1
CUST0316,25.0,17466.08,North,Bachelors,High,2023-10-27,4,280.65,70.1625,2024-03-28,1,P023,185.73,4.4,Sam,Moore,True,Gold,218,65,316,0,2,1,True,False,False,False,False,False,False,False,False,True,1,2,Low,0,-1.122175953027104,-2.0142255164102916,-0.36868826585329906,-0.3216069459816955,-0.18930139866572127,0.01834862385321101,9.768073245483171,132.15929781895787,0.004587155752882764,-0.20707204021886483,-2.2554383735517405,Q1,0
CUST0317,53.0,21495.72,West,High School,High,2023-12-24,6,587.3299999999999,97.88833333333332,2024-05-05,1,P038,242.83,2.9,Jordan,Smith,False,Gold,160,27,317,0,4,1,True,False,False,False,False,False,False,False,True,False,0,2,Low,0,0.38329218894647304,-1.8138397119019478,0.5051635929258369,-0.07093545376091775,0.21445326352750413,0.0375,9.975655644338042,146.614187580875,0.006249999609375024,0.8541612934236378,-1.98309649955912,Q1,1
CUST0318,55.0,49604.71,Central,Bachelors,Low,2021-11-19,6,616.84,102.80666666666667,2024-04-01,1,P012,15.62,4.1,Casey,Wilson,False,Gold,925,61,318,0,0,1,False,True,False,False,False,True,False,False,False,False,1,0,Mid,1,0.4908256276588714,-0.41603678780277625,0.589249181658628,-0.026468405968935675,-1.3921508835289356,0.006486486486486486,10.81186122705485,222.72114852433748,0.0010810810693937182,0.9266051567296374,-0.3701439395406695,Q2,1
CUST0319,57.0,63182.14,North,Masters,High,2021-04-27,2,388.86,194.43,2023-07-14,1,P021,57.84,4.5,Jordan,Johnson,False,Silver,1131,323,319,0,2,3,True,False,False,False,True,False,False,False,False,False,2,2,High,2,0.5983590663712698,0.2591412017212805,-0.06035544454610475,0.8019055300922009,-1.093612847840705,0.0017683465959328027,11.05379277239303,251.3605776568792,0.0008841732901487773,0.25466097285046735,0.3056859822411357,Q3,0
CUST0320,37.0,60411.64400000001,South,High School,Very High,2023-11-07,2,269.91999999999996,134.95999999999998,2024-01-13,1,P029,197.28,2.6,Drew,Brown,True,Silver,207,140,320,0,3,3,True,False,False,False,False,False,False,True,False,False,0,3,High,2,-0.4769753207527139,0.12137006835771792,-0.3992622532170011,0.26423247034516617,-0.10763123494712658,0.00966183574879227,11.008953699763161,245.78780278931663,0.0048309176410184715,-0.26154264859678983,0.1714847249328761,Q3,0
CUST0321,52.0,26356.34,Central,Masters,High,2021-06-14,6,2378.05,533.4316666666666,2024-03-27,1,P031,126.52,3.6,Drew,Clark,True,Bronze,1083,66,321,0,0,0,False,True,False,False,False,True,False,False,False,False,2,2,Low,0,0.32952546959027385,-1.5721309614653467,5.607628704941536,3.8668469018092164,-0.6079758916335122,0.00554016620498615,10.17950207305423,162.3463581359311,0.0009233610256384024,3.0218803147352613,-1.6734792130364071,Q1,1
C0322X,65.0,57767.426,Central,Masters,Low,2022-01-16,10,687.7,68.77000000000001,2024-05-23,1,P034,369.95,3.9,Riley,Wilson,True,Bronze,867,9,322,1,0,0,True,False,False,False,False,False,False,False,True,False,2,0,High,2,1.0284928212208633,-0.010121516802605332,0.7911571727669156,-0.3341966506344235,1.113320035121248,0.011534025374855825,10.964197642428713,240.3485510669869,0.0011534025241822085,1.0881998174083314,0.04173723488615941,Q3,1
CUST0323,42.0,50588.75,West,Bachelors,Low,2021-05-21,2,108.88,54.44,2023-12-01,1,P011,191.14,2.9,Sam,Lee,True,Bronze,1107,183,323,0,4,0,True,False,False,False,False,False,True,False,False,False,1,0,Mid,1,-0.20814172397171798,-0.367102479261966,-0.8581285090465043,-0.46375533478063186,-0.1510472354001285,0.0018066847335140017,10.831504265585691,224.9194300188403,0.0009033423585967267,-1.4867400576043002,-0.31950889752611744,Q2,0
CUST0324,40.2,39103.17,East,PhD,Medium,2024-05-03,7,1017.36,145.33714285714285,2024-05-23,1,P007,154.24,3.9,Jamie,Davis,False,Gold,29,9,324,0,1,1,True,False,False,False,False,True,False,False,False,False,3,1,Low,0,-0.3049218188128764,-0.9382570212421285,1.7304880837005598,0.3580530546974798,-0.4119674987088851,0.2413793103448276,10.57398438990316,197.7452148599303,0.03448274673008733,1.6805107433514714,-0.9302803036892839,Q1,1
CUST0325,42.0,43326.07,East,Masters,Low,2021-05-20,6,713.38,118.89666666666666,2023-12-30,1,P001,16.27,4.9,Jordan,Wilson,True,Gold,1108,154,325,0,1,1,False,True,False,False,False,False,False,False,False,True,2,0,Low,0,-0.20814172397171798,-0.728260789852157,0.8643295861406215,0.11900257992865604,-1.3875547271291877,0.005415162454873646,10.676532891861381,208.149153253142,0.0009025270676667232,1.142959916157112,-0.7003878739427619,Q1,1
CUST0326,46.0,69433.43,West,Masters,Medium,2024-10-14,4,532.12,133.03,2023-07-27,1,P040,147.94,4.8,Jordan,Garcia,False,Bronze,-135,310,326,0,4,0,True,False,False,False,False,False,False,True,False,False,2,1,High,2,0.006925153453078743,0.5700051438761534,0.3478486029584571,0.24678318490188778,-0.4565148607372095,-0.02962962962962963,11.148138132983346,263.5022390796708,-0.007407407956104293,0.7090411890411198,0.6024448688275519,Q3,0
CUST0327,35.0,59932.1,West,Masters,Very High,2022-04-27,9,514.41,64.30125,2024-04-04,1,P032,69.83,3.6,Taylor,Lee,True,Silver,766,58,327,0,4,3,True,False,False,False,False,True,False,False,False,False,2,3,High,2,-0.5845087594651123,0.09752332020226212,0.29738585214660584,-0.374598979300046,-1.0088314397899734,0.01174934725848564,11.000984219129286,244.81033474916862,0.0013054830116777676,0.6595157641484616,0.1480776510955528,Q3,1
CUST0328,63.0,55905.52,West,High School,Medium,2023-04-07,3,137.32,45.77333333333333,2024-04-24,1,P033,75.33,3.8,Taylor,Garcia,False,Silver,421,38,328,0,4,3,False,True,False,False,False,False,False,True,False,False,0,1,Mid,1,0.9209593825084649,-0.10271031672739082,-0.7770917708709512,-0.5421113661321418,-0.9699408856382616,0.007125890736342043,10.931436289193162,236.44348161875809,0.0023752968556936616,-1.181465101827211,-0.05065066499129705,Q2,0
CUST0329,35.0,59382.92,East,High School,Low,2021-09-03,4,487.78,121.945,2024-01-18,1,P019,162.38,4.8,Jordan,Johnson,False,Bronze,1002,135,329,0,1,0,True,False,False,False,False,False,False,False,True,False,0,0,High,2,-0.5845087594651123,0.07021371534428666,0.2215065153809596,0.14656280710979291,-0.35440947856435184,0.003992015968063872,10.991778761632256,243.68610957541262,0.0009980039820558484,0.581980096577341,0.12120520660204159,Q3,0
CUST-0330A,44.6,71705.76,West,Bachelors,Medium,2024-03-12,3,344.52,114.83999999999999,2024-05-28,1,P007,154.24,3.9,Sam,Smith,True,Platinum,81,4,330,1,4,2,True,False,False,False,False,True,False,False,False,False,1,1,Very High,3,-0.06834825364560004,0.6830034948847907,-0.1866975321236022,0.08232592986912228,-0.4119674987088851,0.037037037037037035,11.180340303872898,267.7793121210076,0.012345677488187963,0.08197843080463736,0.7083854502688217,Q4,0
CUST0331,52.0,53252.21,North,High School,Low,2022-05-20,4,442.84,110.71,2024-04-04,1,P006,354.83,2.6,Riley,Smith,False,Bronze,743,58,331,0,2,0,False,True,False,False,False,False,False,True,False,False,0,0,Mid,1,0.32952546959027385,-0.23465402856269937,0.0934547919769738,0.044986267236614294,1.0064063662532696,0.005383580080753701,10.882813363444944,230.7644036674634,0.0013458950020740915,0.44174292081682853,-0.18385641437218614,Q2,0
CUST0332,33.0,55977.74,Central,Bachelors,Low,2024-03-31,2,202.95,101.475,2024-01-14,1,P031,126.52,3.6,Alex,Moore,True,Bronze,62,139,332,0,0,0,False,True,False,False,False,True,False,False,False,False,1,0,Mid,1,-0.6920421981775107,-0.09911896295842068,-0.5900861053835549,-0.03850811155544664,-0.6079758916335122,0.03225806451612903,10.93272725477755,236.59615381489192,0.016129029656608118,-0.6553294142816154,-0.04705074951263466,Q2,0
CUST0333,58.0,75487.07,Central,Masters,Medium,2024-05-02,6,419.33000000000004,69.88833333333334,2024-04-05,1,P031,126.52,3.6,Jamie,Johnson,True,Gold,30,57,333,0,0,1,True,False,False,False,False,True,False,False,False,False,2,1,Very High,3,0.6521257857274689,0.871040353374742,0.026465561509067734,-0.3240857088965653,-0.6079758916335122,0.2,11.231729909506676,274.7491037292024,0.033333322222225924,0.3630218276534103,0.8825628318952966,Q4,1
CUST0334,53.0,49031.44,South,Masters,Medium,2021-03-23,5,241.13,48.226,2024-05-26,1,P037,77.01,4.6,Alex,Johnson,False,Bronze,1166,6,334,0,3,0,True,False,False,True,False,False,False,False,False,False,2,1,Mid,1,0.38329218894647304,-0.44454433938318977,-0.4812962789580057,-0.5199366092596646,-0.958061589097375,0.004288164665523156,10.800237398856744,221.43044054510662,0.0008576329257492888,-0.4182764093778518,-0.3997755372333082,Q2,1
CUST0335,150.0,66126.53,South,Bachelors,High,2024-06-22,4,306.34000000000003,76.58500000000001,2024-04-14,1,P040,147.94,4.8,Sam,Johnson,True,Silver,-21,48,335,0,3,3,True,False,False,False,False,False,False,True,False,False,1,2,High,2,5.598663966497794,0.40555973015963276,-0.2954873585491512,-0.2635406062099562,-0.4565148607372095,-0.19047619047619047,11.099340429298238,257.150792337881,-0.047619070294795375,-0.08412359526851178,0.44646623453849454,Q3,0
CUST0336,21.0,61672.152,Central,Masters,Very High,2021-06-17,5,496.47,99.29400000000001,2024-05-27,1,P032,69.83,3.6,Avery,Brown,False,Gold,1080,5,336,0,0,1,False,True,False,False,False,True,False,False,False,False,2,3,High,2,-1.3372428304519008,0.18405256844933954,0.24626774093460102,-0.05822670821440533,-1.0088314397899734,0.004629629629629629,11.029603977430199,248.33878472763774,0.0009259259173525379,0.6077051213944246,0.23275803958585908,Q3,1
CUST0337,50.0,47514.39,North,Masters,Medium,2023-05-09,6,439.16,73.19333333333334,2024-05-07,1,P032,69.83,3.6,Alex,Johnson,False,Gold,389,25,337,0,2,1,False,False,True,False,False,True,False,False,False,False,2,1,Mid,1,0.22199203087787547,-0.5199841515573252,0.08296902557451137,-0.29420493771001827,-1.0088314397899734,0.015424164524421594,10.768808937546067,217.97795760122168,0.00257069402131892,0.4296808725103607,-0.47867613773405754,Q2,1
CUST0338,31.0,53127.1,East,Bachelors,Medium,2024-09-08,5,719.5699999999999,143.914,2023-11-08,1,P014,492.89,3.7,Avery,Davis,False,Silver,-99,206,338,0,1,3,False,True,False,False,True,False,False,False,False,False,1,1,Mid,1,-0.7995756368899091,-0.24087549450060922,0.881967329083894,0.34518630550533014,1.9826299855596912,-0.050505050505050504,10.880461257465427,230.4931669269178,-0.010101011121314256,1.155885179908865,-0.1901839650412826,Q2,1
CUST0339,38.0,64274.91,East,High School,High,2024-04-10,4,318.46999999999997,79.61749999999999,2023-11-28,1,P036,322.89,4.0,Drew,Clark,False,Bronze,52,186,339,0,1,0,False,True,False,False,False,False,True,False,False,False,0,2,High,2,-0.4232086013965147,0.31348243210230303,-0.260924220923643,-0.2361235294707116,0.7805583117795112,0.07692307692307693,11.070940189949075,253.5249691844967,0.019230765532545088,-0.029363614710316028,0.35815065667387863,Q3,0
CUST0340,65.0,76495.28,North,Bachelors,Medium,2024-03-03,2,222.01999999999998,111.00999999999999,2024-04-04,1,P029,197.28,2.6,Sam,Clark,True,Bronze,90,58,340,0,2,0,True,False,False,False,False,False,False,True,False,False,1,1,Very High,3,1.0284928212208633,0.9211765868753414,-0.5357481800316632,0.04769859139878192,-0.10763123494712658,0.022222222222222223,11.244997391181293,276.5778009891611,0.011111109876543346,-0.532199542811686,0.928575702068563,Q4,0
CUST0341,37.0,56737.81,East,Masters,Medium,2023-12-07,4,193.82999999999998,48.457499999999996,2024-05-31,1,P007,154.24,3.9,Drew,Brown,True,Silver,177,1,341,0,1,3,False,True,False,False,False,True,False,False,False,False,2,1,Mid,1,-0.4769753207527139,-0.06132222716250425,-0.6160725699461795,-0.5178435991145252,-0.4119674987088851,0.022598870056497175,10.946213735284255,238.1969983018258,0.005649717194931232,-0.7180524364207033,-0.009244574922698878,Q2,0
CUST0342,25.0,28002.94,West,Bachelors,Very High,2022-10-10,3,394.0,131.33333333333334,2024-04-08,1,P013,208.99,3.3,Morgan,Lee,True,Bronze,600,54,342,0,4,0,False,True,False,True,False,False,False,False,False,False,1,3,Low,0,-1.122175953027104,-1.4902488911802994,-0.04570956429918697,0.231443484918073,-0.024829709653209412,0.005,10.240100493543729,167.3407900065014,0.0016666666388888895,0.27348118756680273,-1.5724323824017337,Q1,0
CUST0343,24.0,66366.03,Central,Bachelors,Low,2022-06-19,3,446.92,148.97333333333333,2024-05-09,1,P038,242.83,2.9,Sam,Brown,True,Platinum,713,23,343,0,0,2,False,True,False,False,False,False,False,False,True,False,1,0,High,2,-1.1759426723833033,0.41746957823036573,0.10508031559709546,0.3909281456535309,0.21445326352750413,0.004207573632538569,11.102955676005054,257.61605151853405,0.0014025245245087724,0.4550077249008455,0.45783716624477677,Q3,0
CUST0344,20.0,99169.16,Central,High School,High,2022-02-23,7,670.58,95.79714285714286,2024-04-09,1,P039,70.18,4.9,Casey,Clark,False,Platinum,829,53,344,0,0,2,False,True,False,False,False,True,False,False,False,False,0,2,Very High,3,-1.3910095498081,2.0487025408378896,0.7423755638511114,-0.08984207528180532,-1.0063565863439554,0.008443908323281062,11.504592441570015,314.911352605777,0.0012062726030606442,1.0506270655798151,1.9221318356038013,Q4,1
CUST-0345A,34.0,56956.04,North,Masters,High,2024-10-03,4,386.68,96.67,2024-01-13,1,P016,16.58,3.5,Sam,Lee,True,Gold,-124,140,345,1,2,1,False,True,False,False,False,True,False,False,False,False,2,2,Mid,1,-0.6382754788213114,-0.05047009294757278,-0.06656712138234619,-0.08195050355283182,-1.3853627140770004,-0.03225806451612903,10.950052578443428,238.6546458797733,-0.008064516779396515,0.24660902011102287,0.0015832617350929968,Q2,0
CUST0346,50.0,24242.18,East,Masters,Medium,2022-10-06,3,290.75,96.91666666666667,2024-03-23,1,P033,75.33,3.8,Riley,Miller,False,Silver,604,70,346,0,1,3,False,False,True,False,False,False,False,True,False,False,2,1,Low,0,0.22199203087787547,-1.677263839950611,-0.3399093961074099,-0.07972037035282728,-0.9699408856382616,0.004966887417218543,10.095890619697654,155.69900449264279,0.0016556291116617697,-0.15753649308154438,-1.8059319067640922,Q1,0
CUST0347,65.0,58053.75,South,Masters,Medium,2022-05-04,3,245.88,81.96,2023-07-18,1,P014,492.89,3.7,Riley,Johnson,True,Gold,759,319,347,0,3,1,False,True,False,False,True,False,False,False,False,False,2,1,High,2,1.0284928212208633,0.004116793589897991,-0.4677616619983054,-0.2149447983044525,1.9826299855596912,0.003952569169960474,10.96914180979053,240.9434580975379,0.0013175230392948217,-0.39126071328294737,0.05586803133326686,Q3,0
CUST0348,29.0,54945.77,South,PhD,High,2022-06-28,2,242.71,121.355,2023-09-18,1,P012,15.62,4.1,Sam,Wilson,False,Silver,704,257,348,0,3,3,True,False,False,False,False,True,False,False,False,False,3,2,Mid,1,-0.9071090756023074,-0.15043673295238433,-0.4767942379482527,0.1412285695908633,-1.3921508835289356,0.002840909090909091,10.914120177394377,234.40514072861114,0.0014204545252776346,-0.409235799204444,-0.09861890947287054,Q2,0
CUST0349,68.0,53432.04,East,Masters,Low,2023-03-22,2,238.97,119.485,2023-08-19,1,P023,185.73,4.4,Jamie,Davis,True,Gold,437,287,349,0,1,1,True,False,False,False,False,False,False,False,False,True,2,0,Mid,1,1.1897929792894608,-0.22571144827643663,-0.4874509679333642,0.1243217489800182,-0.18930139866572127,0.004576659038901602,10.886184560207667,231.15371509019707,0.0022883294670862824,-0.4307249807852673,-0.1747688435608891,Q2,0
CUST0350,39.0,72017.38,South,PhD,Medium,2021-09-26,6,566.01,94.335,2024-05-20,1,P018,446.32,3.6,Drew,Smith,False,Gold,979,12,350,0,3,1,True,False,False,False,False,False,False,False,False,True,3,1,Very High,3,-0.36944188204031553,0.6984997239278049,0.4444145332246137,-0.1030614266150368,1.6533330570423797,0.006128702757916241,11.184676643198143,268.36054106369664,0.0010214504492190965,0.799687118305305,0.7228378687136431,Q4,1
CUST0351,39.0,79808.95,North,PhD,High,2024-10-07,6,659.58,109.93,2023-06-18,1,P014,492.89,3.7,Jamie,Johnson,False,Gold,-128,349,351,0,2,1,False,True,False,False,True,False,False,False,False,False,3,2,Very High,3,-0.36944188204031553,1.085958658927724,0.7110322403654895,0.03793422441497851,1.9826299855596912,-0.046875,11.287403462381949,282.5047787206439,-0.00781250061035161,1.0260123804567338,1.0785931343410875,Q4,1
CUST0352,63.0,134854.258,North,Masters,High,2024-08-14,4,252.05,84.01666666666667,2023-11-16,1,P019,162.38,4.8,Jamie,Clark,True,Gold,-74,198,352,0,2,1,True,False,False,False,False,False,False,False,True,False,2,2,Very High,3,0.9209593825084649,3.8232499127344077,-0.45018090691591567,-0.19635030932603642,-0.35440947856435184,-0.05405405405405406,11.811957319279735,367.22507811967307,-0.013513515339664236,-0.3568821609158253,3.362452809698359,Q4,0
CUST0353,47.0,52604.95,East,Bachelors,Low,2022-09-07,3,204.78,68.26,2023-05-18,1,P040,147.94,4.8,Jamie,Brown,True,Platinum,633,380,353,0,1,2,False,True,False,False,False,False,False,True,False,False,1,0,Mid,1,0.06069187280927792,-0.2668409524134828,-0.584871716112765,-0.3388076017101086,-0.4565148607372095,0.004739336492890996,10.87058451019918,229.35769008254334,0.001579778806006654,-0.6430587650670643,-0.21663866061343984,Q2,0
CUST0354,55.0,75262.22,South,High School,Very High,2023-07-26,4,212.95,53.2375,2024-02-22,1,P039,70.18,4.9,Morgan,Miller,False,Bronze,311,100,354,0,3,0,True,False,False,False,False,True,False,False,False,False,0,3,Very High,3,0.4908256276588714,0.8598590200189826,-0.5615921749420805,-0.4746272341306539,-1.0063565863439554,0.012861736334405145,11.228746848244134,274.3396070566552,0.0032154339802111264,-0.5894867846708253,0.8722770126987315,Q4,0
CUST0355,55.0,28111.07,North,Bachelors,High,2022-10-10,2,43.17,21.585,2024-04-01,1,P028,473.1,3.0,Jamie,Davis,False,Bronze,600,61,355,0,2,0,True,False,False,False,False,False,False,False,True,False,1,2,Low,0,0.4908256276588714,-1.4848718061202226,-1.0453621259774324,-0.7608000359406927,1.842694700711987,0.0033333333333333335,10.243954300463619,167.6635619328183,0.0016666666388888895,-2.6487673375721363,-1.5658575756357478,Q1,0
CUST0356,62.0,42110.99,North,Bachelors,High,2021-05-29,7,614.05,87.72142857142856,2024-05-30,1,P009,304.56,3.3,Jamie,Johnson,False,Platinum,1099,2,356,0,2,2,True,False,False,False,True,False,False,False,False,False,1,2,Low,0,0.8671926631522657,-0.7886842478637904,0.5812993750654565,-0.16285525856148994,0.6509467013066248,0.006369426751592357,10.648087777222955,205.20962453062478,0.0009099180990908271,0.9198954719113632,-0.7658471877889914,Q1,1
CUST0357,68.0,55115.60399999999,West,Bachelors,High,2021-01-20,6,509.64,84.94,2024-04-25,1,P015,377.41,2.9,Drew,Johnson,False,Silver,1228,37,357,0,4,3,False,True,False,True,False,False,False,False,False,False,1,2,Mid,1,1.1897929792894608,-0.14199123342317846,0.28379424732602265,-0.1880023782935871,1.166069768570661,0.004885993485342019,10.917206292759024,234.76712717073485,0.0008143322409256333,0.6459058724019725,-0.09011315646707924,Q2,1
CUST0358,25.0,54442.89,West,Bachelors,High,2023-07-28,6,502.71,83.785,2024-04-04,1,P001,16.27,4.9,Riley,Miller,True,Bronze,309,58,358,0,4,0,True,False,False,False,False,False,False,False,False,True,1,2,Mid,1,-1.122175953027104,-0.1754439329432409,0.26404795353008087,-0.1984448263179326,-1.3875547271291877,0.019417475728155338,10.904925909025266,233.3300023571765,0.0032362458499596816,0.6259206592497158,-0.12384905436487118,Q2,1
CUST0359,150.0,64121.22,North,PhD,Medium,2024-06-26,4,567.86,141.965,2024-05-20,1,P025,437.3,3.5,Jordan,Johnson,False,Silver,-25,12,359,0,2,3,True,False,False,False,False,True,False,False,False,False,3,1,High,2,5.598663966497794,0.30583974087060795,0.4496859103562865,0.32756523953178107,1.5895525482335726,-0.16,11.068546228706799,253.22168153615914,-0.0400000160000064,0.8044888909240315,0.3507875034974308,Q3,0
CUST-0360A,44.0,51387.17,East,Masters,Very High,2024-02-28,5,2257.05,451.41,2024-03-08,1,P035,130.15,3.4,Casey,Brown,True,Platinum,94,85,360,1,1,2,True,False,False,False,False,False,False,False,True,False,2,3,Mid,1,-0.10060828525931963,-0.3273986759357256,5.2628521465996965,3.125282407405013,-0.5823081258933824,0.05319148936170213,10.847163269311359,226.6873838571525,0.010638296740606729,2.9370668515219105,-0.27863335204382245,Q2,1
CUST0361,51.0,38691.36,Central,Masters,Low,2021-07-24,6,644.55,107.425,2024-02-17,1,P028,473.1,3.0,Sam,Brown,True,Platinum,1043,105,361,0,0,2,False,False,True,False,False,False,False,False,True,False,2,0,Low,0,0.27575875023407465,-0.958735495288093,0.6682058629119533,0.015286317660878516,1.842694700711987,0.005752636625119847,10.563397443508094,196.70119470913235,0.0009587727616608556,0.9917556565670794,-0.953072083511083,Q1,1
CUST0362,48.6,72547.31,Central,Bachelors,High,2021-05-31,3,213.7,71.23333333333333,2024-04-18,1,P017,336.17,3.8,Jamie,Garcia,True,Gold,1097,44,362,0,0,1,False,True,False,False,True,False,False,False,False,False,1,2,Very High,3,0.1467186237791967,0.7248520654231011,-0.55945513015897,-0.3119254555695137,0.8744613225312807,0.0027347310847766638,11.192007963761212,269.3460784938218,0.0009115770199491611,-0.5846647842888774,0.7473738705526259,Q4,0
CUST0363,47.0,50761.78,North,Bachelors,Medium,2024-01-07,4,397.5,99.375,2023-11-06,1,P026,97.94,2.5,Riley,Davis,False,Platinum,146,208,363,0,2,2,False,True,False,False,False,False,True,False,False,False,1,1,Mid,1,0.06069187280927792,-0.3584980491505718,-0.03573668864467094,-0.05749438069062016,-0.8100653530254978,0.0273972602739726,10.834918687862128,225.3037505235987,0.006849314599362014,0.2861664884223204,-0.31063485861023377,Q2,0
CUST0364,50.0,56838.32,North,High School,Medium,2022-03-13,2,48.06,24.03,2023-06-09,1,P023,185.73,4.4,Jamie,Moore,False,Silver,811,358,364,0,2,3,False,True,False,False,False,False,False,False,False,True,0,1,Mid,1,0.22199203087787547,-0.05632406921014771,-1.0314285939915515,-0.7386945940190264,-0.18930139866572127,0.002466091245376079,10.947983618733423,238.40788577561776,0.0012330456074840246,-2.518592310488253,-0.004256120641252972,Q2,0
CUST0365,45.0,64919.22,North,Bachelors,Medium,2023-11-03,5,486.9,97.38,2024-04-18,1,P019,162.38,4.8,Jamie,Johnson,False,Gold,211,44,365,0,2,1,False,True,False,False,False,False,False,False,True,False,1,1,High,2,-0.04684156590312044,0.3455226584507536,0.21899904950210988,-0.0755313363690351,-0.35440947856435184,0.023696682464454975,11.080914410408983,254.79250381437834,0.004739336268277902,0.5793513400871397,0.3889640019742024,Q3,1
CUST0366,64.0,55699.8,East,High School,High,2022-06-28,6,2098.09,349.6816666666667,2024-05-11,1,P035,130.15,3.4,Jamie,Wilson,False,Silver,704,21,366,0,1,3,False,True,False,False,False,False,False,False,True,False,0,2,Mid,1,0.974726101864664,-0.11294035407649775,4.80991262830202,2.205548352481529,-0.5823081258933824,0.008522727272727272,10.927749788469326,236.00805071013997,0.0014204545252776346,2.818973568557342,-0.06091243984664766,Q2,1
CUST0367,50.0,55778.89,West,High School,Very High,2021-09-29,2,196.67000000000002,98.33500000000001,2024-02-15,0,P023,185.73,4.4,Alex,Johnson,True,Bronze,976,107,367,0,4,0,False,True,False,False,False,False,False,False,False,True,0,3,Mid,1,0.22199203087787547,-0.10900736917497697,-0.6079802937008008,-0.06689710445280128,-0.18930139866572127,0.0020491803278688526,10.929168689146548,236.17554911548316,0.0010245901534365763,-0.6982323356584949,-0.05696596405209887,Q2,0
C0368X,22.0,73548.52,North,PhD,Medium,2022-12-16,1,60.95,60.95,2024-02-14,1,P033,75.33,3.8,Sam,Wilson,True,Bronze,533,108,368,1,2,0,True,False,False,False,False,False,False,True,False,False,3,1,Very High,3,-1.2834761110957016,0.7746402031554543,-0.994699917652491,-0.40489790046159374,-0.9699408856382616,0.001876172607879925,11.205714199835617,271.1983038295041,0.0018761725726796892,-2.2259633272663284,0.7935900190149675,Q4,0
CUST0369,65.0,50252.634,North,Masters,Low,2021-05-21,6,476.5,79.41666666666667,2024-04-04,1,P037,77.01,4.6,Jordan,Miller,True,Gold,1107,58,369,0,2,1,False,True,False,True,False,False,False,False,False,False,2,0,Mid,1,1.0284928212208633,-0.3838168445819764,0.18936536184297662,-0.23793927981260707,-0.958061589097375,0.005420054200542005,10.824838141714432,224.17099277114335,0.0009033423585967267,0.5479453945843122,-0.3367720130338241,Q2,1
CUST0370,18.0,70530.35,South,Bachelors,High,2022-05-16,8,771.84,96.48,2024-04-12,1,P038,242.83,2.9,Jordan,Garcia,True,Bronze,747,50,370,0,3,0,False,True,False,False,False,False,False,False,True,False,1,2,Very High,3,-1.4985429885204984,0.6245527453197799,1.030905103501481,-0.08366830885553798,0.21445326352750413,0.0107095046854083,11.163812570810196,265.57550715380364,0.00133868806775518,1.2610852882047734,0.6537081591727176,Q4,1
CUST0371,21.0,64804.01,East,High School,Medium,2023-01-27,3,243.16,81.05333333333333,2023-12-24,1,P028,473.1,3.0,Sam,Moore,True,Platinum,491,160,371,0,1,2,True,False,False,False,False,False,False,False,True,False,0,1,High,2,-1.3372428304519008,0.33979349938507875,-0.4755120110783864,-0.22314204466122586,1.842694700711987,0.006109979633401222,11.079138194166545,254.5663174891761,0.0020366598363205737,-0.4066709231633428,0.3834607122655775,Q3,0
CUST0372,150.0,91303.98,North,Bachelors,Low,2022-08-07,4,332.32000000000005,83.08000000000001,2024-01-12,1,P031,126.52,3.6,Jamie,Brown,False,Platinum,664,141,372,0,2,2,True,False,False,False,False,True,False,False,False,False,1,0,Very High,3,5.598663966497794,1.6575831301950195,-0.22146012726220077,-0.20481878809902643,-0.6079758916335122,0.006024096385542169,11.421960610550055,302.16548446174323,0.0015060240737044567,0.03084313057895172,1.5857371146204793,Q4,0
CUST0373,66.0,62369.44,South,High School,High,2021-11-20,2,259.61,129.805,2023-07-07,1,P035,130.15,3.4,Jamie,Moore,False,Gold,924,330,373,0,3,1,True,False,False,False,False,False,False,False,True,False,0,2,High,2,1.0822595405770625,0.21872728302781652,-0.428639495502161,0.21762570015858557,-0.5823081258933824,0.0021645021645021645,11.040846724169006,249.73874349007204,0.0010822510705384085,-0.31580689831279746,0.266498134077898,Q3,0
CUST0374,34.0,66483.52,Central,PhD,High,2023-06-17,6,492.47,82.07833333333333,2024-02-22,1,P002,400.36,3.0,Drew,Moore,False,Bronze,350,100,374,0,0,0,True,False,False,True,False,False,False,False,False,False,3,2,High,2,-0.6382754788213114,0.4233121170605556,0.23487016875801126,-0.213874937107153,1.3283494445309851,0.017142857142857144,11.104724417591134,257.8439838351867,0.0028571427755102064,0.5959163028737825,0.46341101080923763,Q3,1
CUST-0375A,61.0,74829.82,North,Bachelors,Very High,2024-01-18,5,545.99,109.19800000000001,2023-11-27,1,P038,242.83,2.9,Riley,Johnson,False,Platinum,135,187,375,1,2,2,True,False,False,False,False,False,False,False,True,False,1,3,Very High,3,0.8134259437960665,0.8383566471347035,0.3873696844807821,0.03131615345928944,0.21445326352750413,0.037037037037037035,11.22298511118622,273.5503975504331,0.007407406858710603,0.7467701796698903,0.8524718555522325,Q4,1
CUST0376,45.0,56145.12,North,Bachelors,Medium,2022-09-12,4,471.77,117.9425,2024-03-22,1,P040,147.94,4.8,Casey,Miller,False,Platinum,628,71,376,0,2,2,False,True,False,False,False,False,False,True,False,False,1,1,Mid,1,-0.04684156590312044,-0.09079549585996835,0.17588773274415917,0.11037588224620615,-0.4565148607372095,0.006369426751592357,10.935712857155702,236.9496148973448,0.0015923566625420914,0.5334505586563838,-0.038712576634404396,Q2,0
CUST0377,47.0,43518.64,South,Bachelors,Medium,2024-06-06,5,417.82,83.564,2024-05-12,1,P024,473.72,3.4,Alex,Smith,False,Gold,-5,20,377,0,3,1,False,True,False,False,True,False,False,False,False,False,1,1,Low,0,0.06069187280927792,-0.718684675267685,0.02216297801240497,-0.20044290511739613,1.8470787268163618,-1.0,10.680967609436786,208.61121733981614,-0.2000004000008,0.3578267015457095,-0.6900624905570316,Q1,1
CUST0378,46.0,66229.53600000001,East,High School,High,2024-09-01,4,233.64,58.41,2024-04-10,1,P030,384.12,4.8,Jordan,Wilson,False,Silver,-92,52,378,0,1,3,True,False,False,False,False,False,False,False,True,False,0,2,High,2,0.006925153453078743,0.4106820091173531,-0.50263823285867,-0.4278622450346133,1.213516244635749,-0.043478260869565216,11.100896904455487,257.35099766661097,-0.010869566398865913,-0.46189495175328804,0.45135818319785875,Q3,0
CUST0379,63.0,46638.88,North,Bachelors,High,2023-12-20,5,309.01,61.802,2023-11-22,1,P024,473.72,3.4,Morgan,Miller,False,Bronze,164,192,379,0,2,0,False,True,False,False,True,False,False,False,False,False,1,2,Mid,1,0.9209593825084649,-0.563521483851302,-0.2878794791212777,-0.3971948998410377,1.8470787268163618,0.03048780487804878,10.750211248122264,215.9603667342691,0.00609756060380728,-0.07189955277271246,-0.5245405161658284,Q2,1
CUST0380,23.0,37894.04,Central,Masters,High,2021-01-17,3,274.34000000000003,91.44666666666667,2024-05-29,1,P039,70.18,4.9,Avery,Wilson,True,Platinum,1231,3,380,0,0,2,True,False,False,False,False,True,False,False,False,False,2,2,Low,0,-1.2297093917395026,-0.9983845978507518,-0.3866679359618692,-0.12917508090968416,-1.0063565863439554,0.002437043054427295,10.542575511793798,194.66391550567351,0.0008123476782100108,-0.2388655785740428,-0.997399786629177,Q1,0
CUST0381,52.0,60720.49,North,Bachelors,High,2024-09-29,5,786.47,157.294,2024-03-17,1,P022,414.28,2.6,Jamie,Moore,True,Silver,-120,76,381,0,2,3,False,True,False,False,False,False,False,False,False,True,1,2,High,2,0.32952546959027385,0.13672835202057168,1.072591723737358,0.46615596313800767,1.4267779015840443,-0.041666666666666664,11.014052950635369,246.41527955871567,-0.008333334027777835,1.2893435399249757,0.18653151154845565,Q3,1
CUST0382,58.0,43668.7,Central,High School,Medium,2024-02-10,4,520.13,130.0325,2024-01-29,1,P002,400.36,3.0,Drew,Smith,False,Gold,112,124,382,0,0,1,False,True,False,True,False,False,False,False,False,False,0,1,Low,0,0.6521257857274689,-0.7112224965558096,0.31368438035912927,0.21968254598156262,1.3283494445309851,0.03571428571428571,10.684409776751407,208.9705720909047,0.008928570631377622,0.6756824741951993,-0.6820255638982534,Q1,0
CUST0383,54.0,58507.35,West,Bachelors,High,2022-09-06,3,444.84000000000003,148.28,2024-05-12,1,P039,70.18,4.9,Jamie,Clark,True,Platinum,634,20,383,0,4,2,True,False,False,False,False,True,False,False,False,False,1,2,High,2,0.4370589083026722,0.026673399372296513,0.09915357806526884,0.38465966314541017,-1.0063565863439554,0.00473186119873817,10.976924758077006,241.8829262267182,0.0015772870413677123,0.44825939353516975,0.07821330900851824,Q3,0
CUST0384,41.0,52143.86,West,Bachelors,Medium,2024-09-20,3,282.28,94.09333333333332,2023-03-10,1,P029,197.28,2.6,Avery,Davis,True,Gold,-111,449,384,0,4,1,True,False,False,False,False,False,False,True,False,False,1,1,Mid,1,-0.2619084433279172,-0.2897700206679054,-0.36404375519133875,-0.10524635441233858,-0.10763123494712658,-0.02702702702702703,10.861780893730538,228.35030107271592,-0.009009009820631516,-0.19896691587973872,-0.24006268416816162,Q2,0
CUST0385,46.0,54250.81,Central,Masters,Low,2021-08-01,2,158.99,79.495,2024-03-06,1,P031,126.52,3.6,Casey,Smith,False,Bronze,1035,87,385,0,0,0,True,False,False,False,False,True,False,False,False,False,2,0,Mid,1,0.006925153453078743,-0.1849956808239357,-0.7153454236042762,-0.23723106183692996,-0.6079758916335122,0.001932367149758454,10.901391634901438,232.91803279265432,0.0009661835655441201,-0.9859176954069159,-0.13350365061235236,Q2,0
CUST0386,66.0,65009.02,East,Bachelors,High,2021-10-03,5,401.99,80.398,2023-08-01,1,P040,147.94,4.8,Jordan,Davis,False,Bronze,972,305,386,0,1,0,True,False,False,False,False,False,False,True,False,False,1,2,High,2,1.0822595405770625,0.34998822987769207,-0.022942913876448916,-0.2290669661088054,-0.4565148607372095,0.0051440329218107,11.082296690843444,254.96866474137562,0.0010288065737777102,0.302288921032616,0.39325157015637197,Q3,1
CUST0387,63.0,55854.126000000004,North,Bachelors,Medium,2022-06-26,4,329.65999999999997,82.41499999999999,2024-05-24,1,P033,75.33,3.8,Casey,Miller,False,Platinum,706,8,387,0,2,2,False,True,False,False,False,False,False,True,False,False,1,1,Mid,1,0.9209593825084649,-0.10526603585785915,-0.22903951275963316,-0.21083110665849825,-0.9699408856382616,0.0056657223796034,10.93051658184342,236.334775265935,0.001416430574838094,0.019462931158000237,-0.05321329251386503,Q2,0
CUST0388,48.0,66500.04,North,Bachelors,Low,2021-08-25,4,214.06,53.515,2023-06-30,1,P039,70.18,4.9,Casey,Davis,False,Gold,1011,337,388,0,2,1,False,True,False,False,False,True,False,False,False,False,1,0,High,2,0.11445859216547712,0.42413362307361774,-0.5584293486630768,-0.4721183342806488,-1.0063565863439554,0.003956478733926805,11.1049728656194,257.8760167212143,0.0009891196736981239,-0.5823557906445969,0.4641945087888385,Q3,0
CUST0389,52.0,83211.54,West,Bachelors,Very High,2021-08-08,7,1166.64,194.44000000000003,2024-04-12,1,P017,336.17,3.8,Alex,Brown,False,Silver,1028,50,389,0,4,3,True,False,False,False,True,False,False,False,False,False,1,3,Very High,3,0.32952546959027385,1.2551625417961798,2.1558454773308893,0.8019959408976067,0.8744613225312807,0.006809338521400778,11.329153336605854,288.4641052193496,0.0009727626364517254,1.8914678672997978,1.2307810422419947,Q4,1
CUST-0390A,50.0,61175.96,Central,Bachelors,Medium,2024-02-08,3,195.4,65.13333333333334,2024-01-08,1,P001,16.27,4.9,Morgan,Clark,False,Bronze,114,145,390,1,0,0,True,False,False,False,False,False,False,False,False,True,1,1,High,2,0.22199203087787547,0.15937794910105915,-0.611599022866868,-0.3670760468669226,-1.3875547271291877,0.02631578947368421,11.021525927029339,247.33774479444094,0.008771929055093943,-0.7070625663507295,0.20868158253635177,Q3,0
C0391X,69.0,40922.28,North,Bachelors,High,2021-11-15,4,374.75,93.6875,2024-05-29,1,P034,369.95,3.9,Morgan,Johnson,False,Silver,929,3,391,1,2,3,False,True,False,False,False,False,False,False,True,False,1,2,Low,0,1.24355969864566,-0.8477963793884707,-0.10056038039902514,-0.10891552626504859,1.113320035121248,0.004305705059203444,10.619454373255946,202.29256041683786,0.0010764262532139263,0.2017841539450437,-0.8304143456514657,Q1,0
CUST0392,38.0,43929.68,North,Bachelors,Medium,2022-07-12,6,463.31,77.21833333333333,2023-11-27,1,P037,77.01,4.6,Alex,Moore,False,Bronze,690,187,392,0,2,0,True,False,False,True,False,False,False,False,False,False,1,1,Low,0,-0.4232086013965147,-0.6982444917562275,0.15178186759067192,-0.257814588534269,-0.958061589097375,0.008695652173913044,10.690368216021433,209.5940838859723,0.0014492753413148502,0.507185392551213,-0.6680668876637257,Q1,1
CUST0393,49.0,50531.27,East,Masters,High,2022-08-01,1,66.39,66.39,2024-01-24,0,P037,77.01,4.6,Jamie,Miller,True,Platinum,670,129,393,0,1,2,False,True,False,True,False,False,False,False,False,False,2,2,Mid,1,0.1682253115216763,-0.3699608427989421,-0.9791992194923289,-0.3557144223209537,-0.958061589097375,0.0014925373134328358,10.83036742108455,224.7916146122893,0.0014925372911561599,-2.119217219042117,-0.32245875732239104,Q2,0
CUST0394,40.0,44291.97,South,Bachelors,Low,2024-05-23,3,161.36,53.78666666666667,2023-12-08,1,P026,97.94,2.5,Morgan,Smith,True,Platinum,9,176,394,0,3,2,False,True,False,False,False,False,True,False,False,False,1,0,Low,0,-0.3156751626841164,-0.680228546630775,-0.7085923620896467,-0.4696621740671303,-0.8100653530254978,0.3333333333333333,10.698581252695597,210.45657509329567,0.11111098765445816,-0.9660507941013754,-0.6487290954531302,Q1,0
CUST0395,50.0,134854.258,West,PhD,Medium,2022-03-08,2,93.83,46.915,2024-04-11,1,P036,322.89,4.0,Avery,Smith,True,Gold,816,51,395,0,4,1,False,True,False,False,False,False,True,False,False,False,3,1,Very High,3,0.22199203087787547,3.8232499127344077,-0.9010118743609232,-0.5317894658483372,0.7805583117795112,0.0024509803921568627,11.811957319279735,367.22507811967307,0.0012254901810601693,-1.679562675428481,3.362452809698359,Q4,0
CUST0396,20.0,57779.33,West,Bachelors,Very High,2022-12-04,3,272.61,90.87,2024-03-11,1,P010,445.76,4.4,Riley,Clark,False,Gold,545,82,396,0,4,1,True,False,False,False,False,False,False,False,False,True,1,3,High,2,-1.3910095498081,-0.009529555084717933,-0.39159738592824433,-0.1343887706880731,1.649373291528751,0.005504587155963303,10.964403685322711,240.37331382663925,0.0018348623516539018,-0.2477008074449919,0.04232512791380783,Q3,0
CUST0397,35.0,51018.45,South,PhD,High,2022-02-21,7,363.55,51.93571428571429,2024-04-17,1,P028,473.1,3.0,Avery,Johnson,True,Platinum,831,45,397,0,3,2,True,False,False,False,False,False,False,False,True,False,3,2,Mid,1,-0.5845087594651123,-0.34573437188829625,-0.1324735824934764,-0.4863967836200599,1.842694700711987,0.00842358604091456,10.839962211551455,225.87264110555753,0.001203369419935386,0.15847981953718143,-0.29748727283529086,Q2,1
CUST0398,42.0,58414.98,North,Masters,Medium,2024-07-22,3,314.15999999999997,104.71999999999998,2024-02-19,1,P034,369.95,3.9,Sam,Brown,False,Platinum,-51,103,398,0,2,2,False,True,False,False,False,False,False,False,True,False,2,1,High,2,-0.20814172397171798,0.022080027070444545,-0.2732051049439185,-0.009169805201333273,1.113320035121248,-0.058823529411764705,10.975344761523406,241.69191132514138,-0.01960784698193078,-0.04859563909610346,0.07366702788745778,Q3,0
CUST0399,59.0,76354.97,East,Bachelors,Medium,2022-06-25,9,1095.74,121.74888888888889,2024-05-25,1,P001,16.27,4.9,Drew,Davis,False,Gold,707,7,399,0,1,1,True,False,False,False,False,False,False,False,False,True,1,1,Very High,3,0.7058925050836682,0.9141992558406671,1.9538235105008355,0.1447897507593389,-1.3875547271291877,0.01272984441301273,11.243161500124282,276.3240308044163,0.001414427136995373,1.794613727761885,0.9221827176187911,Q4,1
CUST0400,48.0,50745.65,East,Masters,Very High,2023-11-02,3,411.19,137.06333333333333,2024-02-07,1,P037,77.01,4.6,Casey,Miller,False,Platinum,212,115,400,0,1,2,False,True,False,True,False,False,False,False,False,False,2,3,Mid,1,0.11445859216547712,-0.3593001612565463,0.0032715021297074734,0.2832488764154751,-0.958061589097375,0.014150943396226415,10.83460088487307,225.26795155991454,0.0047169809095763725,0.3348079953081063,-0.31146173530654836,Q2,0
CUST0401,20.0,33662.44,West,High School,High,2023-09-28,1,88.04,88.04,2024-05-30,1,P027,171.78,3.4,Sam,Moore,False,Gold,247,2,401,0,4,1,False,True,False,False,False,False,False,False,False,True,0,2,Low,0,-1.3910095498081,-1.2088134625526872,-0.9175098600865368,-0.15997502861785462,-0.2879419860141536,0.004048582995951417,10.42416766097803,183.47326780760187,0.004048582832041181,-1.7614328266869996,-1.237356237330706,Q1,0
CUST0402,57.0,47819.94,East,PhD,High,2022-05-30,4,271.13,90.37666666666667,2023-09-18,1,P037,77.01,4.6,Morgan,Smith,False,Platinum,733,257,402,0,1,2,False,True,False,True,False,False,False,False,False,False,3,2,Mid,1,0.5983590663712698,-0.5047897712733482,-0.3958144876335826,-0.1388490370880822,-0.958061589097375,0.005457025920873124,10.77521889786638,218.6777080545706,0.0013642564616063238,-0.25530063636972516,-0.46272705845311185,Q2,0
CUST0403,63.0,57082.31799999999,South,Bachelors,High,2021-04-15,6,502.19,83.69833333333334,2024-01-25,1,P038,242.83,2.9,Taylor,Clark,True,Bronze,1143,128,403,0,3,0,False,True,False,False,False,False,False,False,True,False,1,2,High,2,0.9209593825084649,-0.04419054474433307,0.2625662691471243,-0.19922838663144762,0.21445326352750413,0.005249343832020997,10.952267198843186,238.9190616087381,0.00087489063101583,0.6244107432510493,0.007843292802647376,Q3,1
CUST0404,41.0,67181.86,North,High School,Low,2021-07-09,7,2378.05,443.9671428571429,2024-04-24,1,P012,15.62,4.1,Avery,Johnson,True,Gold,1058,38,404,0,2,1,False,True,False,False,False,True,False,False,False,False,0,0,High,2,-0.2619084433279172,0.4580391454602032,5.607628704941536,3.057990936524568,-1.3921508835289356,0.006616257088846881,11.115173434454219,259.1946372902032,0.0009451795751873386,3.0218803147352613,0.4964826651042657,Q3,1
CUST-0405A,67.0,64335.51,South,Bachelors,Low,2024-07-23,3,383.84000000000003,127.94666666666667,2023-09-20,1,P017,336.17,3.8,Morgan,Johnson,True,Platinum,-52,255,405,1,3,2,True,False,False,False,True,False,False,False,False,False,1,0,High,2,1.1360262599332616,0.3164959468959832,-0.07465939762772483,0.2008243588207137,0.8744613225312807,-0.057692307692307696,11.07188255623819,253.644455882639,-0.019230772928994794,0.236055869636864,0.361052555482451,Q3,0
CUST0406,49.0,43755.28,Central,PhD,High,2023-05-18,4,300.98,75.245,2024-02-17,1,P032,69.83,3.6,Riley,Brown,False,Bronze,380,105,406,0,0,0,True,False,False,False,False,True,False,False,False,False,3,2,Low,0,0.1682253115216763,-0.7069170491822644,-0.3107601052657815,-0.27565565413430504,-1.0088314397899734,0.010526315789473684,10.686390424341614,209.17762786684432,0.0026315788781163456,-0.10896456383680007,-0.6773921231647464,Q1,0
CUST0407,64.0,68534.25,West,Bachelors,Medium,2022-07-21,3,339.65,113.21666666666665,2023-11-24,1,P037,77.01,4.6,Morgan,Moore,True,Gold,681,190,407,0,4,1,True,False,False,True,False,False,False,False,False,False,1,1,High,2,0.974726101864664,0.5252907506058337,-0.20057407624860024,0.06764924245828174,-0.958061589097375,0.004405286343612335,11.13510349043004,261.7904696508259,0.0014684287596412812,0.061770913090862,0.5602485974279255,Q3,0
CUST0408,39.0,72584.18,East,Bachelors,Medium,2021-04-01,3,78.06,26.02,2023-11-11,1,P037,77.01,4.6,Riley,Moore,False,Silver,1157,203,408,0,1,3,False,True,False,True,False,False,False,False,False,False,1,1,Very High,3,-0.36944188204031553,0.7266855355624241,-0.9459468026671283,-0.7207028437433143,-0.958061589097375,0.0025929127052722557,11.192516047743663,269.41451334328667,0.000864304227620534,-1.9149495843688997,0.7490790445052801,Q4,0
CUST0409,40.0,42482.41,Central,Masters,Very High,2021-01-08,4,377.06,94.265,2024-03-28,1,P034,369.95,3.9,Riley,Miller,False,Platinum,1240,65,409,0,0,2,False,True,False,False,False,False,False,False,True,False,2,3,Low,0,-0.3156751626841164,-0.7702142864006101,-0.09397828246704455,-0.10369430225287585,1.113320035121248,0.0032258064516129032,10.65686892576379,206.1126148492615,0.0008064516063995839,0.21056600724007224,-0.7457808539713863,Q1,0
CUST0410,150.0,54251.74,East,Masters,High,2022-11-15,4,460.46999999999997,115.11749999999999,2024-05-26,1,P025,437.3,3.5,Drew,Lee,True,Bronze,564,6,410,0,1,0,False,True,False,False,False,True,False,False,False,False,2,2,Mid,1,5.598663966497794,-0.18494943381472576,0.1436895913452931,0.0848348297191274,1.5895525482335726,0.0070921985815602835,10.901408777039718,232.9200291945714,0.001773049613953021,0.49826830589528476,-0.13345688194835778,Q2,0
CUST0411,44.0,91367.24,North,Bachelors,High,2021-09-25,5,343.43,68.686,2024-02-15,1,P018,446.32,3.6,Drew,Lee,True,Platinum,980,107,411,0,2,2,False,True,False,False,False,False,False,False,False,True,1,2,Very High,3,-0.10060828525931963,1.660728921380634,-0.18980337054172286,-0.3349561013998305,1.6533330570423797,0.00510204081632653,11.422653213467209,302.27014407645356,0.001020408152852978,0.07747873140288333,1.5884752468199543,Q4,1
CUST0412,59.0,41682.26,North,High School,High,2024-07-28,1,56.65,56.65,2023-10-15,1,P009,304.56,3.3,Taylor,Wilson,False,Platinum,-57,230,412,0,2,2,True,False,False,False,True,False,False,False,False,False,0,2,Low,0,0.7058925050836682,-0.8100041191095745,-1.006952307742325,-0.4437745467859968,0.6509467013066248,-0.017543859649122806,10.637854888339826,204.16233736906523,-0.017543862726993462,-2.316705278584545,-0.7890732387041834,Q1,0
CUST0413,19.0,24308.44,North,High School,High,2022-06-21,2,131.65,65.825,2023-08-12,1,P016,16.58,3.5,Avery,Smith,True,Silver,711,294,413,0,2,3,False,True,False,False,False,True,False,False,False,False,0,2,Low,0,-1.4447762691642991,-1.6739688648643196,-0.793247829431267,-0.3608226328263694,-1.3853627140770004,0.0028129395218002813,10.098620031257099,155.91164164359247,0.0014064697411185691,-1.2373381893273672,-1.8017314692631383,Q1,0
C0414X,43.0,79892.28,East,Bachelors,Low,2021-11-27,6,807.74,134.62333333333333,2024-02-22,1,P037,77.01,4.6,Casey,Wilson,False,Silver,917,100,414,1,1,3,True,False,False,True,False,False,False,False,False,False,1,0,Very High,3,-0.1543750046155188,1.0901024904088688,1.1331983137863737,0.26118863989651153,-0.958061589097375,0.006543075245365322,11.288447023085917,282.65222447382223,0.0010905125290020445,1.3295674861852074,1.0823422850117532,Q4,1
CUST0415,34.0,75458.89,Central,Bachelors,Medium,2023-06-24,6,569.48,94.91333333333334,2024-05-08,1,P017,336.17,3.8,Jordan,Garcia,True,Platinum,343,24,415,0,0,2,True,False,False,False,True,False,False,False,False,False,1,1,Very High,3,-0.6382754788213114,0.8696390192677134,0.45430192708780537,-0.09783266836908014,0.8744613225312807,0.01749271137026239,11.231356535791292,274.69781579036993,0.0029154518100451368,0.8086817644015576,0.881274214849194,Q4,1
CUST0416,57.0,46774.59,North,PhD,Medium,2024-02-04,6,777.68,129.61333333333332,2024-05-22,1,P023,185.73,4.4,Riley,Davis,True,Bronze,118,10,416,0,2,0,False,True,False,False,False,False,False,False,False,True,3,1,Mid,1,0.5983590663712698,-0.5567729014643327,1.0475455588793017,0.21589282638831156,-0.18930139866572127,0.05084745762711865,10.753116764638367,216.27433967070618,0.008474575553002071,1.2724246322549575,-0.517415095097835,Q2,1
CUST0417,50.0,52966.15,Central,High School,Medium,2023-05-26,3,195.97,65.32333333333334,2024-01-07,1,P040,147.94,4.8,Taylor,Miller,False,Gold,372,146,417,0,0,1,True,False,False,False,False,False,False,True,False,False,0,1,Mid,1,0.22199203087787547,-0.24887921077194297,-0.6099748688317039,-0.36535824156421637,-0.4565148607372095,0.008064516129032258,10.87742718905106,230.14375942006336,0.0026881719707480653,-0.7030928378246268,-0.19833047074711357,Q2,0
CUST0418,26.0,32951.17,East,Bachelors,High,2024-02-23,4,215.78,53.945,2024-04-22,1,P037,77.01,4.6,Jordan,Garcia,True,Silver,99,40,418,0,1,3,True,False,False,True,False,False,False,False,False,False,1,2,Low,0,-1.068409233670905,-1.244183473564254,-0.5535283926271433,-0.4682306696482085,-0.958061589097375,0.04040404040404041,10.402812395121789,181.52457133952967,0.010101009080706153,-0.5713733492085582,-1.278520762745913,Q1,0
CUST0419,60.0,56601.14,Central,High School,Medium,2021-01-20,4,197.89,49.4725,2024-01-15,1,P029,197.28,2.6,Riley,Brown,False,Silver,1228,138,419,0,0,3,True,False,False,False,False,False,False,True,False,False,0,1,Mid,1,0.7596592244398673,-0.06811854839769027,-0.604504034186941,-0.508666902365858,-0.10763123494712658,0.003257328990228013,10.943802072663804,237.90994094404715,0.0008143322409256333,-0.6897993410499845,-0.01603178631097541,Q2,0
CUST-0420A,65.0,75986.45,East,High School,Medium,2021-08-18,2,184.28,92.14,2024-03-29,1,P017,336.17,3.8,Taylor,Smith,False,Gold,1018,64,420,1,1,1,True,False,False,False,True,False,False,False,False,False,0,1,Very High,3,1.0284928212208633,0.8958735054814747,-0.6432842735177875,-0.1229065984015634,0.8744613225312807,0.0019646365422396855,11.2383234740538,275.6563984383457,0.000982318261470351,-0.7867327889289636,0.9053755999458452,Q4,0
CUST0421,56.0,45233.11,East,Bachelors,Medium,2021-06-04,5,360.76,72.152,2024-04-14,1,P031,126.52,3.6,Jamie,Wilson,True,Platinum,1093,48,421,0,1,2,False,True,False,False,False,True,False,False,False,False,1,1,Low,0,0.5445923470150705,-0.6334275678696494,-0.1404233890866478,-0.3036197162462536,-0.6079758916335122,0.004574565416285453,10.71960672723589,212.68077016975465,0.0009149130748864312,0.14749982826494762,-0.5987057109540869,Q1,1
CUST0422,46.0,70787.84,West,Bachelors,Low,2021-11-02,2,299.89,149.945,2024-04-19,1,P025,437.3,3.5,Riley,Smith,False,Silver,942,43,422,0,4,3,False,True,False,False,False,True,False,False,False,False,1,0,Very High,3,0.006925153453078743,0.6373571995149069,-0.3138659436839023,0.39971306224544056,1.5895525482335726,0.0021231422505307855,11.167456640138708,266.0598428925342,0.0010615711139960603,-0.11406635291157306,0.6657082887868944,Q4,0
CUST0423,59.0,63347.03,East,Bachelors,Medium,2024-01-23,3,102.72,34.24,2024-05-15,1,P021,57.84,4.5,Morgan,Lee,False,Gold,130,17,423,0,1,1,False,True,False,False,True,False,False,False,False,False,1,1,High,2,0.7058925050836682,0.2673408461821705,-0.8756807701984526,-0.6463851616999204,-1.093612847840705,0.023076923076923078,11.056399088186046,251.68835888852706,0.007692307100591761,-1.5624967825323932,0.31361910885974725,Q3,0
CUST0424,43.0,65400.7,East,Bachelors,Medium,2021-03-15,10,1053.91,105.391,2024-03-24,1,P035,130.15,3.4,Morgan,Moore,False,Bronze,1174,69,424,0,1,0,False,True,False,False,False,False,False,False,True,False,1,1,High,2,-0.1543750046155188,0.3694656799501125,1.8346333994641484,-0.0031032401586181,-0.5823081258933824,0.008517887563884156,11.088303530991247,255.73560565552853,0.0008517887491329749,1.7347002871928932,0.41193272569013345,Q3,1
CUST0425,52.0,46282.43,South,Bachelors,Medium,2023-01-27,4,328.41,82.1025,2024-06-01,1,P035,130.15,3.4,Jamie,Smith,False,Bronze,491,0,425,0,3,0,True,False,False,False,False,False,False,False,True,False,1,1,Low,0,0.32952546959027385,-0.5812470176501024,-0.2326012540648173,-0.21365644432742276,-0.5823081258933824,0.008146639511201629,10.74253929264946,215.1335166820828,0.0020366598363205737,0.014085633002238964,-0.543284344089352,Q1,0
CUST0426,67.0,48616.76,North,PhD,Low,2024-04-07,6,636.0400000000001,106.00666666666667,2024-05-28,1,P027,171.78,3.4,Casey,Clark,False,Bronze,55,4,426,0,2,0,False,True,False,False,False,False,False,False,False,True,3,0,Mid,1,1.1360262599332616,-0.4651655326941357,0.643957528106259,0.002463051760852654,-0.2879419860141536,0.10909090909090909,10.791744175233303,220.49208602578008,0.018181814876033656,0.9720288477543223,-0.4212720233401898,Q2,1
CUST0427,42.0,21758.1,West,Masters,Medium,2024-02-06,5,236.20999999999998,47.242,2024-04-22,1,P040,147.94,4.8,Riley,Davis,True,Bronze,116,40,427,0,4,0,True,False,False,False,False,False,False,True,False,False,2,1,Low,0,-0.20814172397171798,-1.8007920879487167,-0.49531529273521113,-0.5288330325115744,-0.4565148607372095,0.04310344827586207,9.9877873398204,147.50627105313183,0.008620688912009577,-0.44678415389399606,-1.965900708960771,Q1,1
CUST0428,41.0,44799.95,West,Bachelors,High,2021-10-31,2,223.70999999999998,111.85499999999999,2024-01-05,1,P030,384.12,4.8,Riley,Lee,False,Bronze,944,148,428,0,4,0,True,False,False,False,False,False,False,False,True,False,1,2,Low,0,-0.2619084433279172,-0.6549677340087673,-0.5309327057870541,0.055338304455554134,1.213516244635749,0.00211864406779661,10.709984623535389,211.65998677123648,0.0010593220226766736,-0.5217655703267579,-0.6216913837654353,Q1,0
CUST0429,30.0,75942.74,West,Masters,Medium,2023-05-31,2,126.76,63.38,2023-09-24,1,P040,147.94,4.8,Avery,Moore,True,Bronze,367,251,429,0,4,0,False,True,False,False,False,False,False,True,False,False,2,1,Very High,3,-0.8533423562461082,0.8936998960486078,-0.8071813614171481,-0.38292807474803575,-0.4565148607372095,0.005449591280653951,11.237748081980508,275.57710354817215,0.002724795566081865,-1.2873400531829184,0.903380559509306,Q4,0
CUST0430,24.0,38272.02,South,Bachelors,Medium,2021-09-19,2,316.75,158.375,2024-05-21,0,P035,130.15,3.4,Drew,Clark,True,Gold,986,11,430,0,3,1,False,True,False,False,False,False,False,False,True,False,1,1,Low,0,-1.1759426723833033,-0.9795884209247577,-0.2658251769595765,0.4759293712023517,-0.5823081258933824,0.002028397565922921,10.552500488292955,195.6323592864943,0.0010141987726754688,-0.037009446459512166,-0.9763525153969989,Q1,0
CUST0431,53.0,40954.57,East,High School,High,2021-03-27,3,1530.65,510.2166666666667,2024-05-25,1,P029,197.28,2.6,Jamie,Johnson,False,Bronze,1162,7,431,0,1,0,True,False,False,False,False,False,False,True,False,False,0,2,Low,0,0.38329218894647304,-0.8461906633375147,3.193053039330998,3.6569582170601436,-0.10763123494712658,0.0025817555938037868,10.620243099567416,202.372354831385,0.0008605851905285267,2.315913497700395,-0.8286533742175628,Q1,0
CUST0432,62.0,66523.42,North,Masters,Medium,2022-09-24,4,442.01,110.5025,2024-05-04,1,P032,69.83,3.6,Casey,Davis,True,Platinum,616,28,432,0,2,2,True,False,False,False,False,True,False,False,False,False,2,1,High,2,0.8671926631522657,0.4252962629395626,0.09108979575033146,0.043110243024448366,-1.0088314397899734,0.006493506493506494,11.105324377281013,257.9213445994728,0.0016233765970231073,0.43903055642216554,0.4653032618385872,Q3,0
CUST0433,37.0,54241.636,Central,High School,Very High,2023-01-17,5,666.77,133.35399999999998,2024-04-26,1,P001,16.27,4.9,Taylor,Miller,False,Silver,501,36,433,0,0,3,False,True,False,False,False,False,False,False,False,True,0,3,Mid,1,-0.4769753207527139,-0.18545188519220665,0.7315193763529094,0.2497124949970287,-1.3875547271291877,0.00998003992015968,10.901222520253452,232.8983383367086,0.0019960079441914583,1.0421441948772612,-0.13396501322523005,Q2,1
CUST0434,18.0,67417.54,East,Bachelors,High,2021-03-23,7,439.91,62.84428571428572,2024-03-31,1,P003,150.9,5.0,Sam,Lee,False,Gold,1166,62,434,0,1,1,False,True,False,True,False,False,False,False,False,False,1,2,High,2,-1.4985429885204984,0.4697590326974068,0.08510607035762195,-0.3877715107519066,-0.43558467159374276,0.006003430531732418,11.118675333258407,259.6488782952855,0.0008576329257492888,0.43214676657027407,0.5076215114849958,Q3,1
CUST-0435A,25.0,34062.03,South,Masters,Medium,2023-01-03,5,349.49,69.898,2024-05-25,1,P021,57.84,4.5,Jamie,Miller,False,Bronze,515,7,435,1,3,0,False,True,False,False,True,False,False,False,False,False,2,1,Low,0,-1.122175953027104,-1.188942664262148,-0.17253604869418937,-0.32399831178467325,-1.093612847840705,0.009708737864077669,10.435967910917578,184.5590149518576,0.0019417475351116984,0.10232938024552742,-1.2143400839669736,Q1,1
CUST0436,63.0,101153.04,East,High School,High,2022-03-07,5,400.56,80.112,2024-05-28,1,P006,354.83,2.6,Jamie,Moore,False,Bronze,817,4,436,0,1,0,False,True,False,False,False,False,False,True,False,False,0,2,Very High,3,0.9209593825084649,2.14735685979641,-0.02701754592957977,-0.23165271514340524,1.0064063662532696,0.006119951040391677,11.524399782480439,318.0456570997315,0.0012239901930968153,0.2971723831347888,2.0057513427989244,Q4,1
C0437X,33.0,33116.44,East,Bachelors,Medium,2024-10-28,4,325.84000000000003,81.46000000000001,2024-05-02,1,P023,185.73,4.4,Casey,Moore,False,Platinum,-149,30,437,1,1,2,False,True,False,False,False,False,False,False,False,True,1,1,Low,0,-0.6920421981775107,-1.2359649324759447,-0.2399241941882762,-0.2194653385747318,-0.18930139866572127,-0.026845637583892617,10.407815310825818,181.97922958403797,-0.006711409846403346,0.00296997980114082,-1.2689331815095,Q1,0
CUST0438,45.2,57776.45,South,PhD,High,2022-05-27,3,251.03999999999996,83.67999999999999,2024-05-22,1,P023,185.73,4.4,Taylor,Garcia,True,Silver,736,10,438,0,3,3,True,False,False,False,False,False,False,False,False,True,3,2,High,2,-0.03608822203188045,-0.009672771629368315,-0.4530587938905047,-0.1993941397746913,-0.18930139866572127,0.004076086956521739,10.964353840128375,240.36732307033748,0.0013586956337133746,-0.36245598884198016,0.0421828989283866,Q3,0
CUST0439,29.0,52144.2,West,Bachelors,Medium,2024-09-27,2,348.69,174.345,2024-01-03,1,P036,322.89,4.0,Casey,Wilson,True,Gold,-118,150,439,0,4,1,False,True,False,False,False,False,True,False,False,False,1,1,Mid,1,-0.9071090756023074,-0.28975311315916213,-0.17481556312950736,0.6203154274350764,0.7805583117795112,-0.01694915254237288,10.861787414006775,228.35104554172727,-0.008474576989370932,0.0990717849886411,-0.24004538976795636,Q2,0
CUST0440,68.0,33640.45,West,High School,Very High,2021-07-30,5,334.16,66.83200000000001,2024-04-27,1,P039,70.18,4.9,Morgan,Smith,True,Bronze,1037,35,440,0,4,0,False,True,False,False,False,True,False,False,False,False,0,3,Low,0,1.1897929792894608,-1.2099069805446516,-0.21621724406096954,-0.3517182647220266,-1.0063565863439554,0.0048216007714561235,10.423514216606232,183.41333103130754,0.0009643201449920912,0.03866579223224749,-1.2386251255548806,Q1,1
CUST0441,40.0,55608.768,North,Bachelors,Medium,2022-12-26,6,445.78,74.29666666666667,2024-01-31,1,P040,147.94,4.8,Alex,Brown,False,Platinum,523,122,441,0,2,2,True,False,False,False,False,False,False,True,False,False,1,1,Mid,1,-0.3156751626841164,-0.11746719035864822,0.10183200752676726,-0.2842296121802684,-0.4565148607372095,0.011472275334608031,10.92611414826138,235.81511401943683,0.0019120458525421443,0.4513127414842888,-0.06545680220606576,Q2,1
CUST0442,32.0,55419.54,North,Bachelors,High,2024-02-21,5,702.9200000000001,140.584,2024-05-10,1,P040,147.94,4.8,Morgan,Davis,True,Bronze,101,22,442,0,2,0,True,False,False,False,False,False,False,True,False,False,1,2,Mid,1,-0.7458089175337098,-0.12687711407776556,0.8345249348988396,0.3150795073052693,-0.4565148607372095,0.04950495049504951,10.92270556214431,235.4135510118311,0.009900989118713949,1.1208797168953513,-0.07491001896474181,Q2,1
CUST0443,45.0,43300.48,West,Bachelors,High,2023-04-13,2,97.13000000000001,48.565000000000005,2024-04-08,0,P013,208.99,3.3,Drew,Brown,True,Platinum,415,54,443,0,4,2,False,True,False,True,False,False,False,False,False,False,1,2,Low,0,-0.04684156590312044,-0.7295333285249337,-0.8916088773152366,-0.5168716829564151,-0.024829709653209412,0.004819277108433735,10.675942093545022,208.08767383004695,0.0024096384961532894,-1.6349596960963764,-0.7017609742768192,Q1,0
CUST0444,51.0,71870.03,Central,PhD,Low,2024-06-25,3,294.77,98.25666666666666,2024-05-16,1,P040,147.94,4.8,Riley,Smith,True,Platinum,-24,16,444,0,0,2,False,True,False,False,False,False,False,True,False,False,3,0,Very High,3,0.27575875023407465,0.6911723080062075,-0.3284548360699372,-0.06760532242847853,-0.4565148607372095,-0.125,11.182628541791546,268.08586311105626,-0.04166668402778501,-0.13826330495788133,0.7160062693982026,Q4,0
CUST0445,19.0,52090.74,East,Bachelors,Medium,2021-11-13,4,343.63,85.9075,2024-05-26,1,P014,492.89,3.7,Morgan,Garcia,False,Silver,931,6,445,0,1,3,True,False,False,False,True,False,False,False,False,False,1,1,Mid,1,-1.4447762691642991,-0.29241157026923054,-0.1892334919328934,-0.1792551328705964,1.9826299855596912,0.004296455424274973,10.86076167390567,228.23395891058806,0.0010741138445315376,0.0783053562775821,-0.2427650789070958,Q2,0
CUST0446,49.0,30857.06,Central,Bachelors,High,2022-04-30,2,222.49,111.245,2023-11-30,1,P027,171.78,3.4,Morgan,Brown,True,Silver,763,184,446,0,0,3,False,True,False,False,False,False,False,False,False,True,1,2,Low,0,0.1682253115216763,-1.3483193063133252,-0.5344089653009139,0.04982324532581337,-0.2879419860141536,0.002621231979030144,10.337153259391515,175.66177728806002,0.0013106159723379296,-0.5292904195223592,-1.4012350146627868,Q1,0
CUST0447,40.0,29329.74,East,Masters,High,2021-11-29,9,519.8199999999999,57.75777777777777,2024-05-12,1,P034,369.95,3.9,Jamie,Davis,True,Platinum,915,20,447,0,1,2,True,False,False,False,False,False,False,False,True,False,2,2,Low,0,-0.3156751626841164,-1.4242698247074455,0.3128010685154434,-0.4337590386760667,1.113320035121248,0.009836065573770493,10.28639139179301,171.2592771209782,0.0010928961629191676,0.6748105494297004,-1.4922517397144066,Q1,1
CUST0448,39.0,65910.97,West,Masters,Medium,2021-12-29,5,484.99,96.998,2023-10-19,1,P039,70.18,4.9,Alex,Garcia,True,Bronze,885,226,448,0,4,0,True,False,False,False,False,True,False,False,False,False,2,1,High,2,-0.36944188204031553,0.3948403696163043,0.21355670878778837,-0.07898502913552849,-1.0063565863439554,0.005649717514124294,11.096075342842997,256.7313186971936,0.0011299434900571357,0.5736305257268604,0.43622177687805014,Q3,1
CUST0449,68.0,28238.13,North,High School,High,2023-04-25,4,165.84,41.46,2024-01-30,1,P021,57.84,4.5,Jamie,Wilson,True,Platinum,403,123,449,0,2,2,False,True,False,False,True,False,False,False,False,False,0,2,Low,0,1.1897929792894608,-1.4785533706468728,-0.6958270812518662,-0.5811085601970856,-1.093612847840705,0.009925558312655087,10.248463883767183,168.0420483093443,0.002481389516590831,-0.9292229148386095,-1.5581410358271108,Q1,0
CUST-0450A,42.0,59669.121999999996,North,High School,Very High,2021-02-20,4,213.09,53.2725,2024-01-08,1,P034,369.95,3.9,Casey,Miller,True,Bronze,1197,145,450,1,2,0,True,False,False,False,False,False,False,False,True,False,0,3,High,2,-0.20814172397171798,0.08444595892482896,-0.5611932599158999,-0.4743107963117343,1.113320035121248,0.003341687552213868,10.996586705092552,244.27263866425972,0.0008354218810741697,-0.5885854848201761,0.1352185144341256,Q3,0
CUST0451,39.0,63003.79,Central,High School,High,2022-01-03,4,534.2099999999999,133.55249999999998,2024-05-29,1,P002,400.36,3.0,Jordan,Garcia,True,Bronze,880,3,451,0,0,0,True,False,False,True,False,False,False,False,False,False,0,2,High,2,-0.36944188204031553,0.2502722188260187,0.353803834420725,0.2515071494843296,1.3283494445309851,0.004545454545454545,11.050966034229434,251.0055577073942,0.0011363636234504133,0.7147844298016304,0.29709855813681374,Q3,0
CUST0452,39.0,37083.6,North,Bachelors,Low,2022-11-12,4,437.25,109.3125,2024-04-14,1,P036,322.89,4.0,Casey,Miller,True,Gold,567,48,452,0,2,1,True,False,False,False,False,False,True,False,False,False,1,0,Low,0,-0.36944188204031553,-1.0386861313390392,0.0775266848601897,0.032351357181183364,0.7805583117795112,0.007054673721340388,10.520957068080401,192.5710258579935,0.0017636683992298342,0.4233833561484487,-1.0427330574390106,Q1,0
CUST0453,66.0,71033.29,West,Bachelors,High,2023-04-24,4,221.75,55.4375,2024-01-22,1,P021,57.84,4.5,Jamie,Smith,True,Bronze,404,131,453,0,4,0,True,False,False,False,True,False,False,False,False,False,1,2,Very High,3,1.0822595405770625,0.6495629289886495,-0.536517516153583,-0.4547368569414244,-1.093612847840705,0.009900990099009901,11.170917997183375,266.5207121407265,0.0024752474634839737,-0.5338733230524061,0.6771356064555233,Q4,0
CUST0454,69.0,24079.71,North,Bachelors,Medium,2024-10-03,2,91.12,45.56,2023-04-23,1,P037,77.01,4.6,Jordan,Wilson,True,Silver,-124,405,454,0,2,3,True,False,False,True,False,False,False,False,False,False,1,1,Low,0,1.24355969864566,-1.6853431427316214,-0.9087337295105627,-0.5440401299807944,-0.958061589097375,-0.016129032258064516,10.089166384037915,155.17638351244045,-0.008064516779396515,-1.7172850749995308,-1.8162454314288043,Q1,0
CUST0455,59.0,47326.538,East,PhD,Very High,2022-05-24,2,209.82,104.91,2023-07-09,1,P039,70.18,4.9,Alex,Miller,False,Gold,739,328,455,0,1,1,False,True,False,False,False,True,False,False,False,False,3,3,Mid,1,0.7058925050836682,-0.5293256495939987,-0.5705107751702619,-0.0074519998986269835,-1.0063565863439554,0.0027063599458728013,10.764847603799595,217.5466340810632,0.0013531799546254405,-0.609781953931733,-0.4884962832165805,Q2,0
CUST0456,54.6,54264.56,North,Masters,Medium,2022-07-01,7,788.8199999999999,112.68857142857142,2024-05-05,1,P039,70.18,4.9,Casey,Clark,False,Bronze,701,27,456,0,2,0,False,True,False,False,False,True,False,False,False,False,2,1,Mid,1,0.4693189399163918,-0.18431192127916501,1.0792877973911041,0.06287469087757715,-1.0063565863439554,0.009985734664764621,10.901645050554132,232.947547744122,0.0014265335031878245,1.2938370149578169,-0.13281220195409724,Q2,1
CUST0457,32.0,52858.04,South,High School,Low,2021-11-23,2,41.93,20.965,2023-12-21,1,P015,377.41,2.9,Jordan,Brown,True,Silver,921,163,457,0,3,3,True,False,False,True,False,False,False,False,False,False,0,0,Mid,1,-0.7458089175337098,-0.25425530127268176,-1.048895373352175,-0.7664055058758392,1.166069768570661,0.002171552660152009,10.875384026812887,229.90876451323032,0.0010857763182869021,-2.6839073518368712,-0.20380647514929628,Q2,0
CUST0458,60.0,33797.86,North,Bachelors,High,2021-08-10,2,119.9,59.95,2024-03-15,1,P039,70.18,4.9,Avery,Miller,True,Gold,1026,78,458,0,2,1,True,False,False,False,False,True,False,False,False,False,1,2,Low,0,0.7596592244398673,-1.2020793012761166,-0.8267281976999994,-0.4139389810021526,-1.0063565863439554,0.001949317738791423,10.428182353091664,183.84194298364017,0.0009746588598961125,-1.3605750455170365,-1.229547354720248,Q1,0
CUST0459,54.0,38133.6,East,Bachelors,Medium,2023-02-23,5,455.78,91.15599999999999,2024-03-18,1,P006,354.83,2.6,Jamie,Wilson,True,Silver,464,75,459,0,1,3,False,True,False,False,False,False,False,True,False,False,1,1,Low,0,0.4370589083026722,-0.9864717661020055,0.13032593796824163,-0.13180302165347338,1.0064063662532696,0.010775862068965518,10.548877285491276,195.2782629992391,0.002155172367345423,0.4834301116246058,-0.984053256376877,Q1,1
C0460X,50.0,84138.44,Central,Bachelors,Very High,2021-03-21,4,399.94,99.985,2024-02-22,1,P037,77.01,4.6,Morgan,Lee,True,Gold,1168,100,460,1,0,1,False,True,False,True,False,False,False,False,False,False,1,3,Very High,3,0.22199203087787547,1.301255394308758,-0.028784169616951197,-0.05197932156087927,-0.958061589097375,0.003424657534246575,11.34023070154832,290.0662682905408,0.0008561643762314695,0.29494875156103484,1.2719257964240558,Q4,0
CUST0461,25.0,76872.79,East,Bachelors,Very High,2023-08-22,5,439.07,87.814,2024-04-17,1,P002,400.36,3.0,Morgan,Brown,False,Platinum,284,45,461,0,1,2,True,False,False,True,False,False,False,False,False,False,1,3,Very High,3,-1.122175953027104,0.9399493916568961,0.08271258020053801,-0.16201831282002102,1.3283494445309851,0.017605633802816902,11.249920265147548,277.25942725180687,0.0035211266365800485,0.4293847024546433,0.9457595594011301,Q4,1
CUST0462,61.0,68357.52,South,Masters,High,2022-04-01,2,280.34000000000003,140.17000000000002,2023-07-22,1,P029,197.28,2.6,Casey,Lee,False,Platinum,792,315,462,0,3,2,True,False,False,False,False,False,False,True,False,False,2,2,High,2,0.8134259437960665,0.5165023270169378,-0.3695715776969846,0.31133649996147805,-0.10763123494712658,0.0025252525252525255,11.13252148690739,261.45271082932,0.0012626262466840122,-0.20861844539289304,0.5519364025982594,Q3,0
CUST0463,61.0,71917.27,West,Bachelors,Low,2022-02-13,2,88.50999999999999,44.254999999999995,2023-07-18,1,P013,208.99,3.3,Avery,Brown,False,Bronze,839,319,463,0,4,0,True,False,False,True,False,False,False,False,False,False,1,0,Very High,3,0.8134259437960665,0.6935214571622055,-0.9161706453557876,-0.5558387400862237,-0.024829709653209412,0.0023837902264600714,11.183285614351183,268.1739547383377,0.0011918950990238964,-1.7546049555144145,0.7181969000120053,Q4,0
CUST0464,22.0,70228.24,North,Bachelors,High,2023-08-01,2,146.7,73.35,2024-04-05,0,P016,16.58,3.5,Drew,Clark,True,Silver,305,57,464,0,2,3,True,False,False,False,False,True,False,False,False,False,1,2,Very High,3,-1.2834761110957016,0.609529429241913,-0.7503644641168482,-0.29278850175866417,-1.3853627140770004,0.006557377049180328,11.159520027508295,265.0061131370369,0.0032786884170921834,-1.093551740719542,0.6396124504221031,Q4,0
CUST-0465A,56.0,49179.59,Central,Masters,Low,2022-12-18,5,594.78,118.95599999999999,2024-05-25,1,P035,130.15,3.4,Sam,Wilson,False,Gold,531,7,465,1,0,1,False,True,False,False,False,False,False,False,True,False,2,0,Mid,1,0.5445923470150705,-0.4371771410880791,0.5263915711047354,0.11953901737406249,-0.5823081258933824,0.009416195856873822,10.803254312444867,221.76471766266155,0.0018832391359088676,0.8727640633962536,-0.39210833629487124,Q2,1
CUST0466,52.8,55856.86,West,Bachelors,Low,2022-09-18,5,271.41999999999996,54.28399999999999,2024-02-14,1,P034,369.95,3.9,Jordan,Smith,False,Platinum,622,108,466,0,4,2,False,True,False,False,False,False,False,False,True,False,1,0,Mid,1,0.37253884507523305,-0.10513007959637545,-0.39498816365077993,-0.46516574334495914,1.113320035121248,0.008038585209003215,10.930565528704452,236.34055936296673,0.0016077170159531026,-0.2538084550659582,-0.05307695165219559,Q2,1
CUST0467,23.0,28494.85,East,High School,High,2022-04-12,2,75.88,37.94,2024-05-10,1,P040,147.94,4.8,Avery,Garcia,False,Bronze,781,22,467,0,1,0,True,False,False,False,False,False,False,True,False,False,0,2,Low,0,-1.2297093917395026,-1.4657872069862525,-0.9521584795033697,-0.6129331636998528,-0.4565148607372095,0.002560819462227913,10.2575137416189,168.80417648861652,0.0012804097147194658,-1.9508749611620597,-1.5425804842781743,Q1,0
CUST0468,62.0,53385.48,Central,Bachelors,Medium,2022-04-02,4,83.49,20.8725,2024-04-28,1,P024,473.72,3.4,Casey,Lee,True,Bronze,791,34,468,0,0,0,False,True,False,False,True,False,False,False,False,False,1,1,Mid,1,0.8671926631522657,-0.22802678241494728,-0.9304745984374077,-0.7672418058258409,1.8470787268163618,0.0050568900126422255,10.885312809371328,231.05298093727336,0.001264222487177971,-1.829324352122695,-0.17712087126884865,Q2,0
CUST0469,49.0,76301.46,West,High School,Medium,2021-02-18,3,182.82,60.94,2024-02-04,1,P033,75.33,3.8,Alex,Moore,False,Platinum,1199,118,469,0,4,2,False,True,False,False,False,False,False,True,False,False,0,1,Very High,3,0.1682253115216763,0.9115383123322542,-0.6474443873622427,-0.4049883112669994,-0.9699408856382616,0.0025020850708924102,11.242460457906155,276.2271891034625,0.0008340283500081039,-0.7975218516827898,0.9197437353689185,Q4,0
CUST0470,69.0,43107.27,Central,PhD,Very High,2024-09-13,3,287.39,95.79666666666667,2024-04-17,1,P035,130.15,3.4,Jamie,Johnson,False,Silver,-104,45,470,0,0,3,False,True,False,False,False,False,False,False,True,False,3,3,Low,0,1.24355969864566,-0.7391412690082171,-0.3494833567357453,-0.08984638055825322,-0.5823081258933824,-0.028846153846153848,10.6714701370357,207.62290336087682,-0.009615385539940917,-0.17383601899817974,-0.7121357328597104,Q1,0
CUST0471,47.0,73416.54,South,High School,Medium,2022-01-31,6,480.49,80.08166666666666,2024-05-12,1,P020,209.32,3.2,Taylor,Garcia,False,Platinum,852,20,471,0,3,2,True,False,False,False,False,False,False,True,False,False,0,1,Very High,3,0.06069187280927792,0.7680771060849931,0.20073444008912492,-0.2319269612531355,-0.02249627640410682,0.007042253521126761,11.203918150632777,270.95486709044366,0.0011737089064118673,0.560068993830431,0.7875081988577535,Q4,1
CUST0472,64.0,56648.54,South,Bachelors,Medium,2023-03-28,4,618.4200000000001,154.60500000000002,2024-02-07,1,P026,97.94,2.5,Riley,Lee,False,Silver,431,115,472,0,3,3,True,False,False,False,False,False,True,False,False,False,1,1,Mid,1,0.974726101864664,-0.06576144276698982,0.5937512226683811,0.441844497564445,-0.8100653530254978,0.009280742459396751,10.94463914638788,238.00953762402045,0.0023201855610165763,0.9303924091505684,-0.013677306173219338,Q2,0
CUST0473,52.0,30063.31,North,Bachelors,Very High,2022-11-04,3,263.09000000000003,87.69666666666667,2023-11-01,1,P040,147.94,4.8,Avery,Brown,True,Gold,575,213,473,0,2,1,False,True,False,False,False,False,False,True,False,False,1,3,Low,0,0.32952546959027385,-1.387790880034178,-0.4187236077085279,-0.1630791329367798,-0.4565148607372095,0.0052173913043478265,10.311094032935902,173.38774466495607,0.0017391304045368625,-0.29727076430782334,-1.4483704037587857,Q1,0
CUST0474,57.0,52303.562,North,PhD,Low,2022-07-25,5,522.9,104.58,2024-02-17,1,P039,70.18,4.9,Taylor,Miller,False,Platinum,677,105,474,0,2,2,False,True,False,False,False,True,False,False,False,False,3,0,Mid,1,0.5983590663712698,-0.28182836489925334,0.32157719909141763,-0.010435556477011387,-1.0063565863439554,0.007385524372230428,10.864838873782375,228.69972015724025,0.001477104852627698,0.6834521844844503,-0.23194287085840062,Q2,1
CUST0475,69.0,71547.45,South,High School,High,2021-05-23,6,451.89,75.315,2023-12-22,1,P010,445.76,4.4,Jordan,Smith,False,Gold,1105,162,475,0,3,1,True,False,False,False,False,False,False,False,False,True,0,2,Very High,3,1.24355969864566,0.6751310604460529,0.11924179902650814,-0.275022778496466,1.649373291528751,0.005429864253393665,11.17813012157734,267.48355089612517,0.0009049773673757705,0.47101496925141667,0.7010363690883984,Q4,1
CUST0476,33.0,64945.43,Central,High School,Very High,2022-07-26,1,41.93,17.58,2023-03-09,1,P027,171.78,3.4,Taylor,Clark,False,Silver,676,450,476,0,0,3,False,False,True,False,False,False,False,False,False,True,0,3,High,2,-0.6920421981775107,0.3468260284630037,-1.048895373352175,-0.7970095635056309,-0.2879419860141536,0.0014792899408284023,11.081318055230128,254.84393263328832,0.0014792899189454154,-2.6839073518368712,0.3902155944264624,Q3,0
CUST0477,30.0,56831.75,South,High School,Very High,2022-12-21,4,336.48,84.12,2024-03-26,1,P040,147.94,4.8,Casey,Clark,True,Platinum,528,67,477,0,3,2,False,True,False,False,False,False,False,True,False,False,0,3,Mid,1,-0.8533423562461082,-0.05665078195263085,-0.20960665219854752,-0.1954160643368453,-0.4565148607372095,0.007575757575757576,10.947868023055305,238.39410647077668,0.0018939393580693303,0.048472369582751564,-0.004582121447611284,Q2,0
CUST0478,67.0,47295.056000000004,North,High School,High,2024-08-06,5,375.98,75.196,2024-04-22,1,P039,70.18,4.9,Sam,Smith,False,Silver,-66,40,478,0,2,3,True,False,False,False,False,True,False,False,False,False,0,2,Mid,1,1.1360262599332616,-0.5308911854477055,-0.09705562695472374,-0.2760986670807925,-1.0063565863439554,-0.07575757575757576,10.76418218833965,217.47426514417748,-0.015151517447199614,0.20646644074837497,-0.4901431325619662,Q2,1
CUST0479,59.0,58790.22,South,High School,Medium,2023-11-10,3,393.03,131.01,2024-02-28,1,P032,69.83,3.6,Casey,Miller,True,Silver,204,94,479,0,3,3,False,True,False,False,False,True,False,False,False,False,0,1,High,2,0.7058925050836682,0.04073994936715355,-0.04847347555201006,0.22852020220995883,-1.0088314397899734,0.014705882352941176,10.981747803009526,242.46694620092035,0.004901960544021542,0.26994703127393194,0.09212281326747507,Q3,0
CUST-0480A,47.0,70845.33,South,Bachelors,Medium,2023-03-30,3,332.14,110.71333333333332,2024-02-09,1,P027,171.78,3.4,Riley,Miller,True,Gold,429,113,480,1,3,1,True,False,False,False,False,False,False,False,False,True,1,1,Very High,3,0.06069187280927792,0.640216060331552,-0.2219730180101475,0.04501640417174946,-0.2879419860141536,0.006993006993006993,11.168268444200612,266.167860569228,0.0023310022766666137,0.03007571321306038,0.668385849676811,Q4,0
CUST0481,36.0,81565.36,Central,High School,High,2024-10-23,1,73.21,73.21,2023-02-13,0,P029,197.28,2.6,Sam,Johnson,True,Bronze,-144,474,481,0,0,0,False,True,False,False,False,False,False,True,False,False,0,2,Very High,3,-0.5307420401089131,1.1733013572572275,-0.9597663589312434,-0.2940542530343424,-0.10763123494712658,-0.006944444444444444,11.309172201049824,285.59649857797626,-0.006944444926697564,-1.9961901173677625,1.1573806141790528,Q4,0
CUST0482,34.0,82426.32,West,High School,Very High,2024-01-04,5,298.63,59.726,2023-10-27,1,P040,147.94,4.8,Alex,Davis,True,Silver,149,218,482,0,4,3,False,True,False,False,False,False,False,True,False,False,0,3,Very High,3,-0.6382754788213114,1.2161151476329197,-0.3174561789195281,-0.4159641830432378,-0.4565148607372095,0.03355704697986577,11.319672214343939,287.0998432601453,0.0067114089455430235,-0.1199853142638896,1.195822058608203,Q4,1
C0483X,36.0,61695.28,North,Masters,High,2022-11-10,6,446.32,74.38666666666667,2023-09-10,1,P003,150.9,5.0,Jamie,Davis,True,Bronze,569,265,483,1,2,0,True,False,False,True,False,False,False,False,False,False,2,2,High,2,-0.5307420401089131,0.18520267686762712,0.10337067977060693,-0.28341591493161805,-0.43558467159374276,0.01054481546572935,11.029978916341662,248.3853457835224,0.0017574692134012442,0.45306408935287523,0.2338789035233322,Q3,1
CUST0484,45.0,51905.23,Central,Bachelors,Medium,2021-02-26,3,385.83,128.60999999999999,2024-02-25,1,P019,162.38,4.8,Alex,Garcia,True,Platinum,1191,97,484,0,0,2,True,False,False,False,False,False,False,False,True,False,1,1,Mid,1,-0.04684156590312044,-0.3016366054074418,-0.06898910546987158,0.20682160891261753,-0.35440947856435184,0.0025188916876574307,10.857194100485577,227.82719328473502,0.0008396305555026822,0.2434580728017127,-0.25220883506231345,Q2,0
CUST0485,43.0,57632.46,South,Bachelors,Low,2021-08-25,3,100.51,33.50333333333334,2024-04-16,1,P034,369.95,3.9,Morgan,Miller,True,Gold,1011,46,485,0,3,1,False,True,False,False,False,False,False,False,True,False,1,0,High,2,-0.1543750046155188,-0.01683310158220678,-0.8819779288260183,-0.653045424364799,1.113320035121248,0.002967359050445104,10.961858580803055,240.0676154753073,0.0009891196736981239,-1.5906999944702163,0.03506933806477578,Q3,0
CUST0486,54.0,64398.17,South,Bachelors,Low,2022-06-19,2,143.31,71.655,2024-03-24,1,P035,130.15,3.4,Jordan,Moore,False,Silver,713,69,486,0,3,3,True,False,False,False,False,False,False,False,True,False,1,0,High,2,0.4370589083026722,0.3196119013014616,-0.760023906536508,-0.30811313327491135,-0.5823081258933824,0.002805049088359046,11.072856023810633,253.76794517826715,0.0014025245245087724,-1.1247084032303447,0.3640522720985951,Q3,0
CUST0487,43.0,66447.84400000001,West,PhD,High,2022-01-01,3,228.06,76.02,2023-10-15,1,P030,384.12,4.8,Morgan,Lee,True,Platinum,882,230,487,0,4,2,False,True,False,False,False,False,False,False,True,False,3,2,High,2,-0.1543750046155188,0.4215380221137023,-0.5185378460450127,-0.268648816715372,1.213516244635749,0.003401360544217687,11.104187667451319,257.77479318195566,0.0011337868352178364,-0.4952411741599157,0.4617188053520542,Q3,0
CUST0488,40.0,78543.76,North,High School,Medium,2024-04-04,6,710.0,118.33333333333333,2024-04-19,1,P025,437.3,3.5,Casey,Wilson,False,Bronze,58,43,488,0,2,0,True,False,False,False,False,True,False,False,False,False,0,1,Very High,3,-0.3156751626841164,1.0230433324951116,0.8546986376514032,0.1139094378908079,1.5895525482335726,0.10344827586206896,11.271423932356134,280.25659671094274,0.017241376337693733,1.1358581108195658,1.0215308067799165,Q4,1
CUST0489,26.0,93083.6,North,Masters,Very High,2022-06-28,2,200.01,100.005,2023-08-25,1,P011,191.14,2.9,Casey,Moore,False,Silver,704,281,489,0,2,3,False,True,False,False,False,False,True,False,False,False,2,3,Very High,3,-1.068409233670905,1.7460800146360962,-0.5984633209333483,-0.051798499950068126,-0.1510472354001285,0.002840909090909091,11.441264036048997,305.0960504496904,0.0014204545252776346,-0.6752591584040316,1.6625590798351872,Q4,0
CUST0490,29.0,51305.42,East,Masters,High,2021-03-20,6,858.04,143.00666666666666,2024-05-31,1,P013,208.99,3.3,Morgan,Johnson,False,Bronze,1169,1,490,0,1,0,True,False,False,True,False,False,False,False,False,False,2,2,Mid,1,-0.9071090756023074,-0.3314639372291804,1.2765227839069897,0.33698303176152977,-0.024829709653209412,0.0051325919589392645,10.84557116952756,226.50699768439827,0.0008554319858389052,1.4209051700346413,-0.2828101401419511,Q2,1
CUST0491,54.6,93805.93,North,High School,Medium,2021-08-11,2,280.03999999999996,140.01999999999998,2024-05-26,1,P032,69.83,3.6,Jordan,Wilson,True,Gold,1025,6,491,0,2,1,False,True,False,False,False,True,False,False,False,False,0,1,Very High,3,0.4693189399163918,1.7820000169614925,-0.370426395610229,0.3099803378803939,-1.0088314397899734,0.001951219512195122,11.448994012862293,306.2775375374433,0.0009756097465794171,-0.21011647736645225,1.6936194143822112,Q4,0
CUST0492,18.0,76100.31,West,PhD,High,2024-05-06,5,2378.05,549.616,2023-11-05,1,P014,492.89,3.7,Casey,Miller,False,Gold,26,209,492,0,4,1,True,False,False,False,True,False,False,False,False,False,3,2,Very High,3,-1.4985429885204984,0.901535531791845,5.607628704941536,4.013170762971135,1.9826299855596912,0.19230769230769232,11.239820757893467,275.8628463566633,0.03846152366864474,3.0218803147352613,0.9105709217082419,Q4,1
CUST0493,64.0,53185.19,East,High School,Medium,2023-06-09,2,291.08,145.54,2024-05-07,1,P010,445.76,4.4,Avery,Garcia,True,Gold,358,25,493,0,1,1,True,False,False,False,False,False,False,False,False,True,0,1,Mid,1,0.974726101864664,-0.23798679690382876,-0.3389690964028413,0.35988710246427885,1.649373291528751,0.00558659217877095,10.881554055165171,230.61914491212562,0.0027932960113604467,-0.15594508235205454,-0.18724547806522973,Q2,0
CUST0494,51.0,81974.17,East,High School,High,2022-12-09,4,149.54,37.385,2023-11-01,1,P037,77.01,4.6,Riley,Lee,False,Platinum,540,213,494,0,1,2,True,False,False,True,False,False,False,False,False,False,0,2,Very High,3,0.27575875023407465,1.1936306474025147,-0.7422721878714694,-0.617950963399863,-0.958061589097375,0.007407407407407408,11.314171675513688,286.3113165769037,0.0018518518175582998,-1.0679582124733957,1.1756482756100497,Q4,0
CUST-0495A,49.0,85341.67,South,Masters,High,2022-10-05,2,201.9,100.95,2023-08-13,1,P039,70.18,4.9,Jordan,Moore,True,Platinum,605,293,495,1,3,2,True,False,False,False,False,True,False,False,False,False,2,2,Very High,3,0.1682253115216763,1.361089575912716,-0.5930779680799096,-0.04325467883923995,-1.0063565863439554,0.003305785123966942,11.354429842870807,292.132966301306,0.0016528925346629333,-0.6624163004432491,1.3251426199488856,Q4,0
CUST0496,65.0,46714.68,South,Masters,High,2023-06-13,3,289.22,96.40666666666668,2023-11-30,1,P038,242.83,2.9,Alex,Brown,False,Bronze,354,184,496,0,3,0,True,False,False,False,False,False,False,False,True,False,2,2,Mid,1,1.0284928212208633,-0.559752103960857,-0.3442689674649554,-0.08433132142851221,0.21445326352750413,0.00847457627118644,10.751835147473463,216.1357906502299,0.0028248586772638795,-0.16493681366093788,-0.5205599203400743,Q2,0
CUST0497,48.6,86179.87,North,Bachelors,High,2024-05-26,3,188.0,62.666666666666664,2024-04-29,1,P036,322.89,4.0,Taylor,Lee,False,Platinum,6,33,497,0,2,2,False,True,False,False,False,False,True,False,False,False,1,2,Very High,3,0.1467186237791967,1.4027715577619364,-0.6326845313935591,-0.38937737886696777,0.7805583117795112,0.5,11.36420350626856,293.56408159037437,0.16666638888935187,-0.7595964710900457,1.3620871233809884,Q4,0
CUST0498,57.0,74351.49,East,High School,Medium,2023-11-14,6,510.2,85.03333333333333,2024-05-03,1,P034,369.95,3.9,Morgan,Lee,True,Platinum,200,29,498,0,1,2,False,True,False,False,False,False,False,False,True,False,0,1,Very High,3,0.5983590663712698,0.8145702687310554,0.2853899074307452,-0.18715854410980162,1.113320035121248,0.03,11.21657244157634,272.6746962957876,0.004999999750000012,0.6475097957008803,0.8305245380137646,Q4,1
CUST0499,62.0,97634.06,South,Bachelors,Low,2021-08-25,6,393.97,65.66166666666668,2024-02-03,1,P040,147.94,4.8,Riley,Johnson,True,Platinum,1011,119,499,0,3,2,True,False,False,False,False,False,False,True,False,False,1,0,Very High,3,0.8671926631522657,1.9723651388613461,-0.04579504609051131,-0.36229934264799396,-0.4565148607372095,0.005934718100890208,11.488991929208131,312.4644939829164,0.0009891196736981239,0.27337200487981733,1.8570972581012082,Q4,1
CUST0500,18.0,47367.31,West,Masters,High,2023-02-28,5,562.49,112.498,2024-06-01,1,P014,492.89,3.7,Alex,Wilson,False,Platinum,459,0,500,0,4,2,False,True,False,False,True,False,False,False,False,False,2,2,Mid,1,-1.4985429885204984,-0.5272981409278614,0.43438466970921474,0.061151719243133604,1.9826299855596912,0.010893246187363835,10.765708718692814,217.64032255076262,0.0021786491900076432,0.7905103646293941,-0.48636393507500114,Q2,1
