customer_id,age,annual_income,loan_amount,credit_score,transaction_count,spending_ratio,join_date,default_flag,gender,education_level,employment_type,repayment_history,avg_interest_rate,inflation_rate,unemployment_rate,annual_income_was_missing,join_year,join_month,join_day,join_weekday,education_level_encoded,gender_encoded,region_East,region_North,region_South,region_West,purpose_Business,purpose_Car,purpose_Education,purpose_Home,purpose_Other,income_band,good_credit_flag,repayment_history_qbin,transaction_count_kmeans_bin,annual_income_standard,loan_amount_standard,age_minmax,annual_income_minmax,loan_amount_minmax,credit_score_minmax,repayment_history_minmax,transaction_count_minmax,spending_ratio_minmax,age_maxabs,annual_income_maxabs,loan_amount_maxabs,credit_score_maxabs,repayment_history_maxabs,transaction_count_maxabs,spending_ratio_maxabs,age_robust,annual_income_robust,loan_amount_robust,credit_score_robust,repayment_history_robust,transaction_count_robust,spending_ratio_robust,spending_ratio_log,spending_ratio_sqrt,spending_ratio_reciprocal,loan_amount_boxcox,annual_income_yeojohnson,debt_to_income_ratio,avg_monthly_transactions,spending_to_income_constructed
CUST00001,60.0,261459.87,147692.98,633.0,44,14.08,2015-04-15,0,Female,Graduate,Salaried,0,8.55,5.0,5.9,0,2015,4,15,Wednesday,2.0,0,False,False,False,True,False,False,True,False,False,Low,0,Low_Missed,1,-0.5984822187300235,0.2316753272192016,0.7636363636363636,0.031732252534471,0.19881753299360427,0.45064681906787163,0.0,0.4186046511627908,0.1013953488372093,0.821917808219178,0.06450471433130296,0.2279476969525196,0.7447058823529412,0.0,0.6376811594202898,0.10830769230769231,1.5417299898682875,-0.5378898414930299,0.606102854761243,-0.12264150943396226,-0.5,-0.1111111111111111,-0.4331138287864535,2.71336936257981,3.752332607858744,0.06631299734748011,0.6332482717271137,-1.068930894902007,0.5649,7.33,0.1408
CUST00002,44.0,393587.92,70387.07,672.0,48,12.23,2017-09-24,0,Male,Graduate,Self-Employed,1,8.55,5.0,5.9,0,2017,9,24,Sunday,2.0,1,False,False,False,True,False,False,False,False,True,Mid-Low,0,Low_Missed,2,-0.34198155006763786,-0.5604750459694086,0.47272727272727266,0.06547149315483156,0.07500267439268782,0.5493784967469177,0.16666666666666666,0.5116279069767442,0.08705426356589148,0.6027397260273972,0.0971020001801872,0.10863461825833418,0.7905882352941176,0.16666666666666666,0.6956521739130435,0.09407692307692309,0.39887284701114467,-0.13024590350438436,-0.35510690371876436,0.24528301886792453,0.0,0.3333333333333333,-0.502728127939793,2.5824869781268642,3.4971416900091423,0.07558578987150416,-0.5602707351738027,-0.21633959332230068,0.1788,8.0,0.1223
CUST00003,19.0,767271.71,77355.93,598.0,54,25.96,2023-12-13,1,Female,Graduate,Salaried,1,8.75,5.2,6.1,0,2023,12,13,Wednesday,2.0,0,False,True,False,False,False,False,False,False,True,High,0,Low_Missed,2,0.38345216369181373,-0.48906543382333634,0.018181818181818188,0.16089261915145592,0.08616415500276771,0.36204146730462505,0.16666666666666666,0.6511627906976745,0.19348837209302328,0.2602739726027397,0.1892934562693706,0.11939027900391959,0.7035294117647058,0.16666666666666666,0.782608695652174,0.1996923076923077,-1.3868414387031411,1.0226503340327777,-0.2684571736078198,-0.4528301886792453,0.0,1.0,0.01392285983066796,3.2943542860441064,5.095095681142799,0.037091988130563795,-0.40105230519223145,0.9297343451183583,0.1008,9.0,0.2596
CUST00004,18.0,340998.75,74790.99,801.0,32,30.96,2024-10-26,0,Female,Graduate,Salaried,1,8.75,5.2,6.1,0,2024,10,26,Saturday,2.0,0,False,True,False,False,False,True,False,False,False,Mid-Low,1,Low_Missed,0,-0.4440730989052985,-0.5153482649575457,0.0,0.05204271205456522,0.08205609025817272,0.8759525075314549,0.16666666666666666,0.13953488372093026,0.23224806201550385,0.2465753424657534,0.08412773614582382,0.11543157923483514,0.9423529411764706,0.16666666666666666,0.463768115942029,0.23815384615384616,-1.4582700101317125,-0.2924949971249618,-0.3003492418586909,1.4622641509433962,0.0,-1.4444444444444444,0.2020696142991534,3.464485120898074,5.5641710972974225,0.03128911138923655,-0.45767205147572393,-0.5009945524701964,0.2193,5.33,0.3096
CUST00005,38.415780141843975,286282.4,207168.38,663.0,42,21.69,2020-04-02,1,Male,Graduate,Salaried,2,8.75,5.2,6.1,0,2020,4,2,Thursday,2.0,1,False,True,False,False,True,False,False,False,False,Low,0,High_Missed,1,-0.5502941500883374,0.8411172224836369,0.37119600257898133,0.0380707500183597,0.29407465164382063,0.5265942634363687,0.3333333333333333,0.37209302325581395,0.16038759689922483,0.5262435635869037,0.07062867594204728,0.3197413655163869,0.78,0.3333333333333333,0.6086956521739131,0.16684615384615387,0.0,-0.4613069063778798,1.3456108027241067,0.16037735849056603,0.5,-0.3333333333333333,-0.1467544684854186,3.1219242987917504,4.657252408878008,0.04407227853680035,1.1372053569009335,-0.868797541048614,0.7237,7.0,0.2169
CUST00006,37.0,478175.03,96321.83,669.0,50,27.09,2022-12-03,0,Other,Graduate,Salaried,1,9.1,5.6,7.2,0,2022,12,3,Saturday,2.0,2,True,False,False,False,True,False,False,False,False,Mid-High,0,Low_Missed,2,-0.17777228280592633,-0.29472266283910153,0.34545454545454546,0.08707103131248173,0.1165403607383851,0.5417837523100679,0.16666666666666666,0.558139534883721,0.20224806201550388,0.5068493150684932,0.11797046984882317,0.14866203738831804,0.7870588235294118,0.16666666666666666,0.7246376811594203,0.2083846153846154,-0.10112715298885533,0.13072383474179997,-0.032638098994300854,0.2169811320754717,0.0,0.5555555555555556,0.056444026340545635,3.335413641116152,5.204805471869242,0.0355998576005696,-0.03949907782964943,0.14704661334554767,0.2014,8.33,0.2709
CUST00007,38.415780141843975,567792.49,103513.77,666.0,48,25.91,2019-04-05,0,Female,Graduate,Salaried,0,8.75,5.2,6.1,0,2019,4,5,Friday,2.0,0,False,True,False,False,True,False,False,False,False,Mid-High,0,Low_Missed,2,-0.0037975786168870495,-0.2210271594170463,0.37119600257898133,0.10995508240326476,0.12805913122005042,0.5341890078732183,0.0,0.5116279069767442,0.19310077519379842,0.5262435635869037,0.1400799762002069,0.15976199731614063,0.7835294117647059,0.0,0.6956521739130435,0.1993076923076923,0.0,0.40721330315475174,0.056785373420715095,0.18867924528301888,-0.5,0.3333333333333333,0.012041392285983079,3.2924979647388146,5.090186637049765,0.03716090672612412,0.07676099331703148,0.44703811106160496,0.1823,8.0,0.2591
CUST00008,28.0,1005931.05,75782.17,730.0,43,7.74,2020-06-24,0,Male,Graduate,Salaried,4,8.55,5.0,5.9,0,2020,6,24,Wednesday,2.0,1,False,False,False,True,True,False,False,False,False,High,1,High_Missed,1,0.8467624168327907,-0.5051916856365457,0.18181818181818177,0.22183490126760347,0.08364358611131067,0.6962102225260118,0.6666666666666666,0.39534883720930236,0.052248062015503874,0.3835616438356164,0.24817305622173544,0.11696135538442193,0.8588235294117647,0.6666666666666666,0.6231884057971014,0.05953846153846154,-0.7439842958459982,1.7589666059778426,-0.28802506265414873,0.7924528301886793,1.5,-0.2222222222222222,-0.6716839134524931,2.167910189667444,2.7820855486487113,0.11441647597254004,-0.4355325792504066,1.3210472741582624,0.0753,7.17,0.0774
CUST00009,42.0,528012.5,130316.33,696.0,49,23.62,2024-07-12,1,Male,Graduate,Salaried,1,9.1,5.6,7.2,0,2024,7,12,Friday,2.0,1,True,False,False,False,False,True,False,False,False,Mid-High,0,Low_Missed,2,-0.08102261928299098,0.05361753341963479,0.4363636363636363,0.099797158673326,0.17098670527671156,0.6101364522417154,0.16666666666666666,0.5348837209302326,0.17534883720930233,0.5753424657534246,0.13026586250447192,0.20112876928073722,0.8188235294117647,0.16666666666666666,0.7101449275362319,0.1816923076923077,0.2560157041540018,0.2844833319128471,0.39004426946431514,0.4716981132075472,0.0,0.4444444444444444,-0.07412982126058322,3.2035591207563074,4.860041152089146,0.04061738424045491,0.4405176037377744,0.3224684090196364,0.2468,8.17,0.2362
CUST00010,47.0,610477.27,221813.19,685.0,53,13.07,2018-03-02,0,Male,Secondary,Salaried,0,8.55,5.0,5.9,0,2018,3,2,Friday,1.0,1,False,False,False,True,False,True,False,False,False,Mid-High,0,Low_Missed,2,0.07906654154311557,0.9911819679445762,0.5272727272727272,0.12085475180160338,0.3175301038775152,0.5822890559732665,0.0,0.627906976744186,0.09356589147286822,0.6438356164383562,0.15061073007916553,0.34234400182183095,0.8058823529411765,0.0,0.7681159420289855,0.10053846153846153,0.613158561296859,0.5389051869854674,1.5277021109188564,0.36792452830188677,-0.5,0.8888888888888888,-0.47111947318908753,2.644044871126298,3.6152454965050436,0.0710732054015636,1.23597754011733,0.5681150233243794,0.3633,8.83,0.1307
CUST00011,33.0,633894.37,145614.28,709.0,47,22.65,2018-08-29,1,Male,Secondary,Self-Employed,0,8.4,4.8,5.4,0,2018,8,29,Wednesday,1.0,1,False,False,True,False,False,False,True,False,False,Mid-High,1,Low_Missed,1,0.12452624376481601,0.21037497669299765,0.2727272727272727,0.1268343690859805,0.1954882410083767,0.643047011468064,0.0,0.4883720930232558,0.16782945736434107,0.4520547945205479,0.15638795832443145,0.22473945457258246,0.8341176470588235,0.0,0.6811594202898551,0.17423076923076922,-0.386841438703141,0.6111520631050642,0.580256619655125,0.5943396226415094,-0.5,0.2222222222222222,-0.1106302916274695,3.1633631149379418,4.759201613716317,0.042283298097251586,0.6115975609204719,0.6297434768489544,0.2297,7.83,0.2265
CUST00012,33.0,248573.12,149062.38,504.0,50,15.43,2016-07-27,0,Male,Graduate,Salaried,1,8.55,5.0,5.9,0,2016,7,27,Wednesday,2.0,1,False,False,False,True,True,False,False,False,False,Low,0,Low_Missed,2,-0.623499313827431,0.24570751080056655,0.2727272727272727,0.028441587463243267,0.20101079438032227,0.12407280828333445,0.16666666666666666,0.558139534883721,0.11186046511627906,0.4520547945205479,0.06132542671286684,0.23006121362884896,0.5929411764705882,0.16666666666666666,0.7246376811594203,0.1186923076923077,-0.386841438703141,-0.5776482842905674,0.6231297630954508,-1.3396226415094339,0.0,0.5555555555555556,-0.38231420507996244,2.799108932049177,3.928103868280471,0.06086427267194157,0.6473216312175417,-1.1833549206248948,0.5997,8.33,0.1543
CUST00013,38.0,273302.35,142022.12,507.0,53,34.01,2017-07-05,1,Female,Post-Graduate,Salaried,0,8.75,5.2,6.1,0,2017,7,5,Wednesday,3.0,0,False,True,False,False,True,False,False,False,False,Low,0,Low_Missed,2,-0.5754923688183589,0.17356626588999177,0.36363636363636365,0.03475626054989095,0.1897349579479759,0.13166755272018427,0.0,0.627906976744186,0.255891472868217,0.5205479452054794,0.06742637029852334,0.21919535492014833,0.5964705882352941,0.0,0.7681159420289855,0.2616153846153846,-0.0296985815602839,-0.5013532000853064,0.5355922563998248,-1.3113207547169812,-0.5,0.8888888888888888,0.3168391345249294,3.555633734966574,5.831809324729333,0.028563267637817767,0.5733365415994699,-0.9703596763980665,0.5197,8.83,0.3401
CUST00014,44.0,257313.86,43124.84,644.0,51,24.24,2015-06-07,0,Female,Graduate,Unemployed,1,8.4,4.8,5.4,0,2015,6,7,Sunday,2.0,0,False,False,True,False,True,False,False,False,False,Low,0,Low_Missed,2,-0.6065308831678998,-0.8398299577536917,0.47272727272727266,0.03067355811640897,0.03133888267746625,0.4784942153363205,0.16666666666666666,0.5813953488372092,0.1801550387596899,0.6027397260273972,0.06348185300017507,0.06655839674604638,0.7576470588235295,0.16666666666666666,0.7391304347826086,0.18646153846153846,0.39887284701114467,-0.550681189305552,-0.6940812656262358,-0.018867924528301886,0.0,0.6666666666666666,-0.050799623706491125,3.228430037673012,4.923413450036469,0.03961965134706815,-1.422232258331801,-1.1048900711371867,0.1676,8.5,0.2424
CUST00015,38.0,227277.52,58356.66,634.0,49,12.87,2024-05-17,1,Male,Primary,Self-Employed,1,8.4,4.8,5.4,0,2024,5,17,Friday,0.0,1,False,False,True,False,True,False,False,False,False,Low,0,Low_Missed,2,-0.6648405403086111,-0.6837501457788796,0.36363636363636365,0.023003700712057956,0.0557345031356513,0.45317840054682157,0.16666666666666666,0.5348837209302326,0.09201550387596899,0.5205479452054794,0.05607159332530455,0.0900670177339588,0.7458823529411764,0.16666666666666666,0.7101449275362319,0.09899999999999999,-0.0296985815602839,-0.643349868820355,-0.5046911656531425,-0.11320754716981132,0.0,0.4444444444444444,-0.478645343367827,2.6297282343267403,3.5874782229304194,0.07209805335255949,-0.8828788116397269,-1.3913503641503933,0.2568,8.17,0.1287
CUST00016,49.0,658506.68,87291.43,696.0,52,35.01,2024-10-18,0,Male,Graduate,Self-Employed,2,8.55,5.0,5.9,0,2024,10,18,Friday,2.0,1,False,False,False,True,False,False,False,False,True,High,0,High_Missed,2,0.17230621154853745,-0.3872567877209176,0.5636363636363636,0.13311918634706102,0.10207707197935341,0.6101364522417154,0.3333333333333333,0.6046511627906976,0.26364341085271314,0.6712328767123288,0.16246005659933488,0.13472461881527528,0.8188235294117647,0.3333333333333333,0.7536231884057971,0.2693076923076923,0.7560157041540018,0.6870864235334316,-0.14492069941874275,0.4716981132075472,0.5,0.7777777777777778,0.3544684854186265,3.583796677660784,5.9169248769948055,0.027770063871146906,-0.20040155278335858,0.6912584416081521,0.1326,8.67,0.3501
CUST00017,33.0,511460.2,63862.11,652.0,60,43.83,2019-11-05,0,Male,Secondary,Salaried,0,9.1,5.6,7.2,0,2019,11,5,Tuesday,1.0,1,True,False,False,False,False,False,False,True,False,Mid-High,0,Low_Missed,3,-0.11315566005594119,-0.6273360336874337,0.2727272727272727,0.09557048589248654,0.06455215385969575,0.4987468671679198,0.0,0.7906976744186047,0.33201550387596895,0.4520547945205479,0.12618224774926676,0.09856406781844655,0.7670588235294118,0.0,0.8695652173913043,0.33715384615384614,-0.386841438703141,0.23341586550605872,-0.4362372497129026,0.05660377358490566,-0.5,1.6666666666666667,0.6863593603010348,3.802877558167348,6.620422947214173,0.022306491188935983,-0.7266226210774629,0.26680063951108346,0.1249,10.0,0.4383
CUST00018,23.0,460352.62,52118.63,697.0,55,33.19,2021-10-27,1,Male,Graduate,Salaried,2,8.55,5.0,5.9,0,2021,10,27,Wednesday,2.0,1,False,False,False,True,False,False,False,False,True,Mid-High,0,High_Missed,3,-0.21237099278594343,-0.7476709739854391,0.09090909090909088,0.08252003264547103,0.04574353604919859,0.6126680337206651,0.3333333333333333,0.6744186046511629,0.2495348837209302,0.3150684931506849,0.11357350649936017,0.08043931185368793,0.82,0.3333333333333333,0.7971014492753623,0.2553076923076923,-1.1011271529888553,0.07573780114145372,-0.5822538682937434,0.4811320754716981,0.5,1.1111111111111112,0.2859830667920978,3.5319332036512097,5.76107628833363,0.029248318221702253,-1.0817161618364246,0.07814663266610497,0.1132,9.17,0.3319
CUST00019,60.0,137191.4937,32102.67,550.0,55,4.16,2017-11-10,0,Female,Graduate,Salaried,1,8.75,5.2,6.1,0,2017,11,10,Friday,2.0,0,False,True,False,False,False,False,False,True,False,Low,0,Low_Missed,3,-0.8397248739764982,-0.9527736651474511,0.7636363636363636,0.0,0.013685530947627443,0.24052555631502992,0.16666666666666666,0.6744186046511629,0.024496124031007753,0.821917808219178,0.03384648707200554,0.04954690258485367,0.6470588235294118,0.16666666666666666,0.7971014492753623,0.032,1.5417299898682875,-0.9212849667702656,-0.8311292269480233,-0.9056603773584906,0.0,1.1111111111111112,-0.8063969896519286,1.6409365794934714,2.039607805437114,0.19379844961240308,-1.9717172859738934,-2.699026891946865,0.234,9.17,0.0416
CUST00020,31.0,310592.91,44006.05,649.0,39,18.41,2015-07-12,0,Female,Graduate,Salaried,0,8.55,5.0,5.9,1,2015,7,12,Sunday,2.0,0,False,False,False,True,False,False,True,False,False,Low,0,Low_Missed,0,-0.5031000677528787,-0.8308002363474299,0.23636363636363633,0.04427850186585673,0.032750248141603655,0.49115212273107,0.0,0.3023255813953488,0.1349612403100775,0.4246575342465753,0.07662631719689178,0.06791844642499206,0.7635294117647059,0.0,0.5652173913043478,0.14161538461538462,-0.5296985815602839,-0.38630366496992496,-0.6831244364359427,0.02830188679245283,-0.5,-0.6666666666666666,-0.2701787394167451,2.9657883971809187,4.290687590584987,0.05151983513652756,-1.3854243298508888,-0.6944901206554925,0.1417,6.5,0.1841
CUST00021,32.0,282904.31,84633.43,543.0,50,15.54,2020-12-04,1,Female,Graduate,Salaried,1,8.4,4.8,5.4,0,2020,12,4,Friday,2.0,0,False,False,True,False,False,False,False,True,False,Low,0,Low_Missed,2,-0.5568520486102767,-0.41449320071877666,0.2545454545454545,0.03720814596609952,0.09781996027649346,0.22280448596238056,0.16666666666666666,0.558139534883721,0.11271317829457364,0.4383561643835616,0.06979526800669018,0.1306222912808197,0.6388235294117647,0.16666666666666666,0.7246376811594203,0.11953846153846154,-0.4582700101317125,-0.47172905300367257,-0.1779698613526733,-0.9716981132075472,0.0,0.5555555555555556,-0.37817497648165577,2.805781689595545,3.9420806688854046,0.060459492140266025,-0.2514177394595533,-0.8946163656512792,0.2992,8.33,0.1554
CUST00022,37.0,1234166.47,94688.15,681.0,57,8.85,2016-10-27,1,Male,Secondary,Salaried,2,8.4,4.8,5.4,0,2016,10,27,Thursday,1.0,1,False,False,True,False,False,False,True,False,False,High,0,High_Missed,3,1.289836675799304,-0.3114629123448738,0.34545454545454546,0.2801154083474328,0.11392382264706523,0.5721627300574668,0.3333333333333333,0.7209302325581395,0.060852713178294576,0.5068493150684932,0.30448097287213743,0.1461406339095786,0.8011764705882353,0.3333333333333333,0.8260869565217391,0.06807692307692308,-0.10112715298885533,2.463122804432996,-0.05295102407640164,0.330188679245283,0.5,1.3333333333333333,-0.6299153339604894,2.2874714551839976,2.9748949561287032,0.10152284263959391,-0.06729494017317665,1.592015725288209,0.0767,9.5,0.0885
CUST00023,39.0,405918.39,61338.79,500.0,54,68.55,2024-10-01,1,Other,Secondary,Salaried,0,8.55,5.0,5.9,1,2024,10,1,Tuesday,1.0,2,False,False,False,True,False,True,False,False,False,Mid-Low,0,Low_Missed,2,-0.31804436337698816,-0.6531923864510747,0.38181818181818183,0.06862011068375247,0.06051074862942468,0.11394648236753491,0.0,0.6511627906976745,0.5236434108527132,0.5342465753424658,0.1001440480666208,0.09466960389284744,0.5882352941176471,0.0,0.782608695652174,0.5273076923076923,0.04172998986828753,-0.09220370619616051,-0.4676118213047482,-1.3773584905660377,-0.5,1.0,1.6165569143932268,4.242045918369452,8.279492738084864,0.014378145219266714,-0.7962449960455987,-0.157030598189303,0.1511,9.0,0.6855
CUST00024,34.0,294725.42,103502.92,678.0,43,21.62,2018-03-19,1,Female,Post-Graduate,Self-Employed,3,8.4,4.8,5.4,0,2018,3,19,Monday,3.0,0,False,False,True,False,False,False,False,True,False,Low,0,High_Missed,1,-0.5339036843580864,-0.22113833890576973,0.2909090909090909,0.04022669709653512,0.12804175361960796,0.5645679856206172,0.5,0.39534883720930236,0.15984496124031006,0.4657534246575342,0.0727116517853133,0.15974525154723587,0.7976470588235294,0.5,0.6231884057971014,0.16630769230769232,-0.31541286727456963,-0.4352583427207542,0.056650466194611504,0.3018867924528302,1.0,-0.2222222222222222,-0.1493885230479774,3.1188344706879745,4.649731175025068,0.044208664898320066,0.07659263271089782,-0.8060446082166627,0.3512,7.17,0.2162
CUST00025,38.0,761888.2,76092.11,532.0,39,13.09,2023-06-24,0,Female,Graduate,Salaried,2,8.4,4.8,5.4,1,2023,6,24,Saturday,2.0,0,False,False,True,False,False,False,True,False,False,High,0,High_Missed,0,0.3730011359596203,-0.5020157436333266,0.36363636363636365,0.15951792589539018,0.08413999288376531,0.19495708969393166,0.3333333333333333,0.3023255813953488,0.09372093023255813,0.5205479452054794,0.18796529155082428,0.11743971332122748,0.6258823529411764,0.3333333333333333,0.5652173913043478,0.10069230769230769,-0.0296985815602839,1.0060410280103151,-0.284171316510506,-1.0754716981132075,0.5,-0.6666666666666666,-0.47036688617121364,2.645465325910589,3.6180105030251086,0.07097232079488999,-0.42867754127438135,0.9190384115403777,0.0999,6.5,0.1309
CUST00026,38.0,530228.06,189917.33,619.0,52,10.34,2018-01-09,1,Male,Graduate,Salaried,3,9.1,5.6,7.2,0,2018,1,9,Tuesday,2.0,1,True,False,False,False,True,False,False,False,False,Mid-High,0,High_Missed,2,-0.07672154451906577,0.6643464465443149,0.36363636363636365,0.10036290767173206,0.26644498767029856,0.41520467836257313,0.5,0.6046511627906976,0.0724031007751938,0.5205479452054794,0.13081246288671744,0.2931162874828015,0.7282352941176471,0.5,0.7536231884057971,0.07953846153846154,-0.0296985815602839,0.29131881917879965,1.1311139084500912,-0.25471698113207547,1.0,0.7777777777777778,-0.5738476011288807,2.428336298299606,3.215587038162705,0.08818342151675485,1.0100636125926894,0.3297391149543364,0.3582,8.67,0.1034
CUST00027,40.0,255089.97,89592.29,722.0,38,61.35,2016-06-14,0,Male,Secondary,Self-Employed,1,8.75,5.2,6.1,0,2016,6,14,Tuesday,1.0,1,False,True,False,False,False,False,False,True,False,Low,1,Low_Missed,0,-0.6108481289914142,-0.3636799731196181,0.4,0.030105682030875172,0.10576218034377864,0.6759575706944128,0.16666666666666666,0.2790697674418605,0.46782945736434106,0.547945205479452,0.0629331975252288,0.1382757404597175,0.8494117647058823,0.16666666666666666,0.5507246376811594,0.47192307692307695,0.11315856129685896,-0.5575423764437377,-0.11631216114661956,0.7169811320754716,0.0,-0.7777777777777778,1.345625587958608,4.132763672126045,7.832624081366347,0.01603849238171612,-0.1576550372284308,-1.12450545774701,0.3512,6.33,0.6135
CUST00028,18.0,258719.55,149911.22,668.0,47,50.55,2021-04-21,1,Male,Primary,Salaried,1,8.4,4.8,5.4,0,2021,4,21,Wednesday,0.0,1,False,False,True,False,True,False,False,False,False,Low,0,Low_Missed,1,-0.6038020120089594,0.2544055381930055,0.0,0.031032504707595582,0.20237031533512123,0.5392521708311182,0.16666666666666666,0.4883720930232558,0.3841085271317829,0.2465753424657534,0.06382865051020355,0.2313713038110714,0.7858823529411765,0.16666666666666666,0.6811594202898551,0.38884615384615384,-1.4582700101317125,-0.5463443281531225,0.6336841086996635,0.20754716981132076,0.0,0.2222222222222222,0.9392285983066793,3.942552210462969,7.109852319141376,0.019398642095053348,0.6559711162917231,-1.092610266027318,0.5794,7.83,0.5055
CUST00029,59.0,402692.55,111516.55,518.0,52,20.58,2017-02-08,1,Male,Secondary,Salaried,0,8.75,5.2,6.1,1,2017,2,8,Wednesday,1.0,1,False,True,False,False,False,False,False,True,False,Mid-Low,0,Low_Missed,2,-0.3243066984148388,-0.13902301298702116,0.7454545454545455,0.06779638406428912,0.1408765610144121,0.15951494898863317,0.0,0.6046511627906976,0.15178294573643408,0.8082191780821918,0.09934820169953398,0.17211339865029804,0.6094117647058823,0.0,0.7536231884057971,0.1583076923076923,1.470301418439716,-0.10215612826642723,0.15629070530243838,-1.2075471698113207,-0.5,0.7777777777777778,-0.18852304797742248,3.0717669598299886,4.536518488885502,0.046339202965708995,0.19572750189410976,-0.1723072398830773,0.2769,8.67,0.2058
CUST00030,36.0,652572.51,42563.71,596.0,53,45.95,2019-08-04,0,Female,Secondary,Salaried,1,8.75,5.2,6.1,0,2019,8,4,Sunday,1.0,0,False,True,False,False,False,False,False,True,False,High,0,Low_Missed,2,0.16078618553622379,-0.8455798330078259,0.32727272727272727,0.13160388063028,0.03044016443449192,0.3569783043467254,0.16666666666666666,0.627906976744186,0.3484496124031008,0.4931506849315068,0.16099603865790701,0.06569235496673523,0.7011764705882353,0.16666666666666666,0.7681159420289855,0.3534615384615385,-0.17255572441742675,0.6687782109510609,-0.7010582694772465,-0.4716981132075472,0.0,0.8888888888888888,0.7661335841956729,3.849083205654272,6.7786429320329304,0.021299254526091587,-1.4461219036497373,0.6767168053241779,0.0652,8.83,0.4595
CUST00031,44.0,631423.34,93489.56,530.0,50,51.94,2018-05-16,1,Male,Secondary,Salaried,1,8.55,5.0,5.9,0,2018,5,16,Wednesday,1.0,1,False,False,False,True,False,False,False,True,False,Mid-High,0,Low_Missed,2,0.11972922415176017,-0.32374481311805053,0.47272727272727266,0.12620338515978066,0.11200413434159841,0.189893926736032,0.16666666666666666,0.558139534883721,0.3948837209302325,0.6027397260273972,0.15577833098753235,0.14429074348086413,0.6235294117647059,0.16666666666666666,0.7246376811594203,0.3995384615384615,0.39887284701114467,0.6035283950036422,-0.06785410722252266,-1.0943396226415094,0.0,0.5555555555555556,0.9915333960489182,3.9691591967989552,7.2069410986909,0.018889308651303362,-0.08803937164407821,0.623387803504682,0.1481,8.33,0.5194
CUST00032,23.0,1094728.5,47033.98,514.0,46,118.54,2025-02-20,1,Female,Post-Graduate,Salaried,1,9.1,5.6,7.2,0,2025,2,20,Thursday,3.0,0,True,False,False,False,False,False,True,False,False,High,0,Low_Missed,1,1.0191452325976094,-0.799773166366765,0.09090909090909088,0.2445095606758399,0.03759984793033226,0.14938862307283363,0.16666666666666666,0.4651162790697674,0.9111627906976745,0.3150684931506849,0.2700802580634489,0.07259171979271369,0.6047058823529412,0.16666666666666666,0.6666666666666666,0.9118461538461539,-1.1011271529888553,2.0329261641590906,-0.6454756219533971,-1.2452830188679245,0.0,0.1111111111111111,3.4976481655691445,4.783651043396108,10.887607634370372,0.008365400702693659,-1.2650934208448197,1.4355908905936303,0.043,7.67,1.1854
CUST00033,33.0,313999.51,92515.13,659.0,43,19.81,2020-10-12,0,Male,Graduate,Self-Employed,1,8.4,4.8,5.4,0,2020,10,12,Monday,2.0,1,False,False,True,False,True,False,False,False,False,Low,0,Low_Missed,1,-0.4964868226632457,-0.3337297559011595,0.2727272727272727,0.04514838602063931,0.1104434656596504,0.516467937520569,0.16666666666666666,0.39534883720930236,0.14581395348837206,0.4520547945205479,0.07746675882887538,0.14278681909433308,0.7752941176470588,0.16666666666666666,0.6231884057971014,0.15238461538461537,-0.386841438703141,-0.37579355875741266,-0.07997001951119072,0.12264150943396226,0.0,-0.2222222222222222,-0.2174976481655692,3.035433640405543,4.450842616853577,0.04805382027871216,-0.1051297207914145,-0.6715503653812354,0.2946,7.17,0.1981
CUST00034,31.0,493564.92,63128.11,695.0,40,11.14,2023-04-09,1,Male,Secondary,Salaried,1,8.4,4.8,5.4,0,2023,4,9,Sunday,1.0,1,False,False,True,False,False,False,True,False,False,Mid-High,0,Low_Missed,1,-0.1478958328345497,-0.6348573004821774,0.23636363636363633,0.09100087968177861,0.06337656319381946,0.6076048707627655,0.16666666666666666,0.32558139534883723,0.0786046511627907,0.4246575342465753,0.12176730665609371,0.09743122041051186,0.8176470588235294,0.16666666666666666,0.5797101449275363,0.08569230769230769,-0.5296985815602839,0.17820501201499866,-0.4453636924741912,0.46226415094339623,0.0,-0.5555555555555556,-0.543744120413923,2.4965057856313524,3.3376638536557275,0.08237232289950576,-0.7465456226402077,0.20378452476630918,0.1279,6.67,0.1114
CUST00035,54.0,232194.9,124141.56,685.0,40,4.25,2021-10-07,0,Male,Secondary,Salaried,0,8.4,4.8,5.4,0,2021,10,7,Thursday,1.0,1,False,False,True,False,True,False,False,False,False,Low,0,Low_Missed,1,-0.6552944124571288,-0.009655072256358643,0.6545454545454545,0.02425936646237932,0.16109705680813802,0.5822890559732665,0.0,0.32558139534883723,0.025193798449612406,0.7397260273972602,0.0572847592010409,0.19159869817843087,0.8058823529411765,0.0,0.5797101449275363,0.032692307692307694,1.1131585612968589,-0.6281786758163971,0.31326813190420366,0.36792452830188677,-0.5,-0.5555555555555556,-0.8030103480714958,1.6582280766035324,2.0615528128088303,0.19047619047619047,0.3648338604064349,-1.3410242189477322,0.5346,6.67,0.0425
CUST00036,32.0,374175.6,44116.42,698.0,46,22.83,2025-06-20,1,Male,Secondary,Salaried,1,9.1,5.6,7.2,0,2025,6,20,Friday,1.0,1,True,False,False,False,False,False,True,False,False,Mid-Low,0,Low_Missed,1,-0.3796667581690834,-0.8296692796496973,0.2545454545454545,0.0605145068413316,0.032927019179468456,0.6151996151996151,0.16666666666666666,0.4651162790697674,0.1692248062015504,0.4383561643835616,0.09231279043986323,0.06808879025116883,0.8211764705882353,0.16666666666666666,0.6666666666666666,0.1756153846153846,-0.4582700101317125,-0.19013715725629962,-0.6817521128834041,0.49056603773584906,0.0,0.1111111111111111,-0.10385700846660402,3.170945291110651,4.778074926160116,0.04196391103650861,-1.3808736962414405,-0.31503517581537027,0.1179,7.67,0.2283
CUST00037,46.0,310439.48,99590.4,649.0,49,53.28,2020-01-20,1,Male,Graduate,Salaried,0,8.55,5.0,5.9,1,2020,1,20,Monday,2.0,1,False,False,False,True,True,False,False,False,False,Low,0,Low_Missed,2,-0.5033979219753005,-0.26122976500899914,0.509090909090909,0.0442393231169962,0.12177537488383915,0.49115212273107,0.0,0.5348837209302326,0.40527131782945736,0.6301369863013698,0.07658846451104806,0.15370671184629225,0.7635294117647059,0.0,0.7101449275362319,0.40984615384615386,0.5417299898682876,-0.3867770300835825,0.008002796123226253,0.02830188679245283,-0.5,0.4444444444444444,1.0419567262464724,3.9941558349666684,7.299315036357863,0.018422991893883568,0.014528410534848542,-0.6955313711527038,0.3208,8.17,0.5328
CUST00038,31.0,558061.79,139169.7,628.0,55,90.6,2024-12-01,0,Male,Secondary,Salaried,1,8.55,5.0,5.9,0,2024,12,1,Sunday,1.0,1,False,False,False,True,False,False,False,False,True,Mid-High,0,Low_Missed,3,-0.022687822259724922,0.14433763941769953,0.23636363636363633,0.10747032289379996,0.18516645886465322,0.43798891167312215,0.16666666666666666,0.6744186046511629,0.6945736434108526,0.4246575342465753,0.13767931707135625,0.2147929617275856,0.7388235294117647,0.16666666666666666,0.7971014492753623,0.6969230769230769,-0.5296985815602839,0.3771919650105341,0.5001257061802681,-0.16981132075471697,0.0,1.1111111111111112,2.4462841015992476,4.517431271680085,9.518403227432634,0.01091703056768559,0.5421573182922196,0.4176896736173275,0.2494,9.17,0.906
CUST00039,33.0,735650.85,170170.7,564.0,51,29.94,2025-04-28,0,Male,Graduate,Salaried,1,8.4,4.8,5.4,0,2025,4,28,Monday,2.0,1,False,False,True,False,False,True,False,False,False,High,0,Low_Missed,2,0.32206647205646693,0.4620035684420148,0.2727272727272727,0.15281815045111005,0.23481834746524033,0.27596769702032864,0.16666666666666666,0.5813953488372092,0.22434108527131785,0.4520547945205479,0.18149227996950432,0.262639559130015,0.6635294117647059,0.16666666666666666,0.7391304347826086,0.23030769230769232,-0.386841438703141,0.9250930636954978,0.8855873574646098,-0.7735849056603774,0.0,0.6666666666666666,0.1636876763875824,3.43204984514492,5.471745608121781,0.03232062055591467,0.8472217703221852,0.8653954118767128,0.2313,8.5,0.2994
CUST00040,35.0,726165.58,62411.16,615.0,42,14.81,2025-08-03,1,Female,Graduate,Salaried,4,8.4,4.8,5.4,0,2025,8,3,Sunday,2.0,0,False,False,True,False,False,False,False,True,False,High,0,High_Missed,1,0.303652682573891,-0.6422038566517843,0.3090909090909091,0.1503960621293715,0.062228280185781304,0.40507835244677337,0.6666666666666666,0.37209302325581395,0.10705426356589147,0.4794520547945205,0.17915217082883475,0.09632468778228466,0.7235294117647059,0.6666666666666666,0.6086956521739131,0.11392307692307693,-0.24398429584599818,0.8958289307904442,-0.45427813816588847,-0.29245283018867924,1.5,-0.3333333333333333,-0.4056444026340546,2.7606426512213806,3.8483762809787714,0.06325110689437065,-0.7662633942499889,0.8453564513727373,0.0859,7.0,0.1481
CUST00041,52.0,290277.85,99772.77,544.0,42,28.43,2022-12-30,1,Male,Secondary,Self-Employed,3,8.4,4.8,5.4,0,2022,12,30,Friday,1.0,1,False,False,True,False,False,False,False,True,False,Low,0,High_Missed,1,-0.5425377683313439,-0.25936102737227235,0.6181818181818182,0.03909099854951276,0.12206746271726678,0.2253360674413305,0.5,0.37209302325581395,0.2126356589147287,0.7123287671232876,0.07161439264448043,0.1539881796688877,0.64,0.5,0.6086956521739131,0.21869230769230769,0.9703014184397161,-0.44898006910118715,0.010270356567880593,-0.9622641509433962,1.0,-0.3333333333333333,0.10686735653809973,3.382014562245381,5.331978994707312,0.03397893306150187,0.017482911231313458,-0.8387911737796115,0.3437,7.0,0.2843
CUST00042,18.0,728857.82,110248.06,582.0,49,29.66,2026-04-07,1,Female,Graduate,Salaried,0,9.1,5.6,7.2,0,2026,4,7,Tuesday,2.0,0,True,False,False,False,False,False,True,False,False,High,0,Low_Missed,2,0.3088791379722687,-0.15202117608847127,0.0,0.15108353260341362,0.1388449193199197,0.3215361636414267,0.0,0.5348837209302326,0.22217054263565889,0.2465753424657534,0.1798163728423648,0.1701556253417271,0.6847058823529412,0.0,0.7101449275362319,0.22815384615384615,-1.4582700101317125,0.904135080132772,0.1405184963402218,-0.6037735849056604,-0.5,0.4444444444444444,0.15315145813734718,3.422958873443668,5.44609952167604,0.03261578604044357,0.17753440392971973,0.8510802971394771,0.1513,8.17,0.2966
CUST00043,24.0,432768.16,249765.0,657.0,49,23.18,2023-07-25,0,Female,Post-Graduate,Salaried,1,8.4,4.8,5.4,0,2023,7,25,Tuesday,3.0,0,False,False,True,False,False,False,True,False,False,Mid-Low,0,Low_Missed,2,-0.2659208062789212,1.2776029766720736,0.10909090909090907,0.07547626916509945,0.3622983422022394,0.5114047745626693,0.16666666666666666,0.5348837209302326,0.17193798449612402,0.3287671232876712,0.10676814966856524,0.3854845134098185,0.7729411764705882,0.16666666666666666,0.7101449275362319,0.1783076923076923,-1.029698581560284,-0.00936629221109543,1.8752506041605639,0.10377358490566038,0.0,0.4444444444444444,-0.09068673565381,3.1855258451866466,4.814561246884289,0.0413564929693962,1.4053076845923824,-0.03598758482349408,0.5771,8.17,0.2318
CUST00044,18.0,376134.3,40586.95,641.0,46,52.5,2018-08-01,1,Male,Secondary,Self-Employed,1,9.1,5.6,7.2,0,2018,8,1,Wednesday,1.0,1,True,False,False,False,False,False,False,True,False,Mid-Low,0,Low_Missed,1,-0.3758643266663933,-0.8658356086879041,0.0,0.06101466597183493,0.027274141812315328,0.47089947089947093,0.16666666666666666,0.4651162790697674,0.3992248062015504,0.2465753424657534,0.09279602094082204,0.06264144564506088,0.7541176470588236,0.16666666666666666,0.6666666666666666,0.40384615384615385,-1.4582700101317125,-0.18409413927988685,-0.7256369983502776,-0.04716981132075472,0.0,0.1111111111111111,1.0126058325493887,3.979681653901961,7.245688373094719,0.018691588785046728,-1.5332449439653228,-0.3047631710975882,0.1079,7.67,0.525
CUST00045,26.0,310439.48,57144.5,850.0,45,69.15,2016-10-21,0,Female,Primary,Salaried,1,9.1,5.6,7.2,0,2016,10,21,Friday,0.0,0,True,False,False,False,True,False,False,False,False,Low,1,Low_Missed,1,-0.5033979219753005,-0.6961710977651419,0.14545454545454545,0.0442393231169962,0.053793080817465186,1.0,0.16666666666666666,0.4418604651162792,0.5282945736434109,0.3561643835616438,0.07658846451104806,0.08819618351869705,1.0,0.16666666666666666,0.6521739130434783,0.5319230769230769,-0.886841438703141,-0.3867770300835825,-0.519762976085736,1.9245283018867925,0.0,0.0,1.6391345249294453,4.25063580654847,8.315647900193948,0.014255167498218103,-0.9195525727550276,-0.6955313711527038,0.1841,7.5,0.6915
CUST00046,29.0,334379.58,531085.07,542.0,50,10.51,2017-05-30,0,Female,Post-Graduate,Salaried,0,8.4,4.8,5.4,0,2017,5,30,Tuesday,3.0,0,False,False,True,False,False,False,False,False,True,Mid-Low,0,Low_Missed,2,-0.4569229179330523,4.160277773928143,0.19999999999999996,0.05035248980927308,0.812866800534208,0.22027290448343084,0.0,0.558139534883721,0.07372093023255814,0.3972602739726027,0.08249472198590578,0.819670769676173,0.6376470588235295,0.0,0.7246376811594203,0.08084615384615385,-0.6725557244174267,-0.31291658455485494,5.373140953556602,-0.9811320754716981,-0.5,0.5555555555555556,-0.5674506114769521,2.4432162227337915,3.2419130154894655,0.08688097306689835,2.416442853741966,-0.5410630989613431,1.5883,8.33,0.1051
CUST00047,20.0,1057223.75,83796.09,640.0,43,37.95,2021-08-05,0,Male,Post-Graduate,Self-Employed,0,8.4,4.8,5.4,0,2021,8,5,Thursday,3.0,1,False,False,True,False,False,False,False,True,False,High,0,Low_Missed,1,0.946337123698586,-0.4230733881001263,0.036363636363636376,0.23493262538725834,0.09647885797654136,0.468367889420521,0.0,0.39534883720930236,0.2864341085271318,0.273972602739726,0.2608274683913017,0.12932995007024745,0.7529411764705882,0.0,0.6231884057971014,0.29192307692307695,-1.3154128672745695,1.917215806038467,-0.188381217731062,-0.05660377358490566,-0.5,-0.2222222222222222,0.46509877704609615,3.6622787723167574,6.160357132504576,0.025673940949935813,-0.2678699289993632,1.388814394240856,0.0793,7.17,0.3795
CUST00048,30.0,515919.17,31742.24,536.0,39,23.94,2016-11-24,1,Male,Graduate,Salaried,4,8.4,4.8,5.4,0,2016,11,24,Thursday,2.0,1,False,False,True,False,False,False,False,True,False,Mid-High,0,High_Missed,0,-0.10449944522082093,-0.9564669760341397,0.21818181818181814,0.09670909545910747,0.013108258272284408,0.20508341560973142,0.6666666666666666,0.3023255813953488,0.17782945736434108,0.410958904109589,0.12728231938191098,0.04899061894555953,0.6305882352941177,0.6666666666666666,0.5652173913043478,0.18415384615384617,-0.6011271529888553,0.24717276338030436,-0.8356107579622619,-1.0377358490566038,1.5,-0.6666666666666666,-0.062088428974600145,3.2164729402518906,4.892851929090027,0.040096230954290296,-1.9932050664234502,0.2820360331792751,0.0615,6.5,0.2394
CUST00049,18.0,482774.97,69596.52,619.0,47,30.75,2017-09-24,1,Female,Graduate,Salaried,3,8.75,5.2,6.1,0,2017,9,24,Sunday,2.0,0,False,True,False,False,False,False,False,True,False,Mid-High,0,High_Missed,1,-0.16884240239213957,-0.5685757782099871,0.0,0.08824563793461244,0.0737365119936299,0.41520467836257313,0.5,0.4883720930232558,0.2306201550387597,0.2465753424657534,0.11910532016310325,0.10741449221154566,0.7282352941176471,0.5,0.6811594202898551,0.23653846153846153,-1.4582700101317125,0.14491565590400943,-0.36493648045573535,-0.25471698113207547,1.0,0.2222222222222222,0.194167450611477,3.457892725338701,5.545268253204709,0.031496062992125984,-0.5794653656282838,0.1642632229658233,0.1442,7.83,0.3075
CUST00050,27.0,388044.99,23557.8763,622.0,56,25.39,2022-03-21,1,Male,Secondary,Salaried,0,8.75,5.2,6.1,0,2022,3,21,Monday,1.0,1,False,True,False,False,False,True,False,False,False,Mid-Low,0,Low_Missed,3,-0.3527420604312495,-1.0403318029182202,0.16363636363636364,0.06405609158785305,0.0,0.42279942279942273,0.0,0.6976744186046513,0.1890697674418605,0.3698630136986301,0.09573450498404712,0.036358963355450906,0.731764705882353,0.0,0.8115942028985508,0.19530769230769232,-0.8154128672745696,-0.14734705510085008,-0.9373738735557469,-0.22641509433962265,-0.5,1.2222222222222223,-0.007525870178739391,3.2729851505152325,5.038849074937649,0.037893141341417205,-2.573538266726492,-0.24383261444217785,0.0607,9.33,0.2539
CUST00051,38.415780141843975,1503023.5,114068.27,718.0,53,30.49,2018-10-28,1,Male,Graduate,Salaried,1,9.1,5.6,7.2,0,2018,10,28,Sunday,2.0,1,True,False,False,False,True,False,False,False,False,High,1,Low_Missed,2,1.8117698154284978,-0.11287564663077697,0.37119600257898133,0.3487687490093551,0.14496345231404406,0.6658312447786132,0.16666666666666666,0.627906976744186,0.22860465116279066,0.5262435635869037,0.370810639126896,0.176051694818929,0.8447058823529412,0.16666666666666666,0.7681159420289855,0.23453846153846153,0.0,3.2926055559390646,0.18801839811284066,0.6792452830188679,0.0,0.8888888888888888,0.1843838193791157,3.4496700351129332,5.52177507691141,0.031756113051762465,0.23161822392301712,1.8348049084666407,0.0759,8.83,0.3049
CUST00052,42.0,849586.67,160471.37,614.0,46,10.35,2022-10-29,1,Male,Graduate,Salaried,0,8.4,4.8,5.4,0,2022,10,29,Saturday,2.0,1,False,False,True,False,False,False,True,False,False,High,0,Low_Missed,1,0.5432504978147918,0.36261494628907076,0.4363636363636363,0.18191195790727166,0.2192836855943222,0.40254677096782343,0.0,0.4651162790697674,0.07248062015503876,0.5753424657534246,0.20960136424772552,0.2476697214608009,0.7223529411764706,0.0,0.6666666666666666,0.07961538461538462,0.2560157041540018,1.2766099924836356,0.7649873846201286,-0.3018867924528302,-0.5,0.1111111111111111,-0.5734713076199437,2.4292177439274116,3.2171415884290826,0.0881057268722467,0.7591114870325242,1.0815153329664984,0.1889,7.67,0.1035
CUST00053,40.0,308497.48,57125.31,635.0,52,39.82,2026-06-18,1,Female,Primary,Self-Employed,2,8.75,5.2,6.1,0,2026,6,18,Thursday,0.0,0,False,True,False,False,False,False,False,True,False,Low,0,High_Missed,2,-0.5071679337066654,-0.6963677368792988,0.4,0.04374342837485219,0.05376234568820337,0.4557099820257715,0.3333333333333333,0.6046511627906976,0.3009302325581395,0.547945205479452,0.0761093540638831,0.08816656588687381,0.7470588235294118,0.3333333333333333,0.7536231884057971,0.30630769230769234,0.11315856129685896,-0.3927685249067782,-0.5200015815851763,-0.10377358490566038,0.5,0.7777777777777778,0.5354656632173096,3.709172157381699,6.3103090257134005,0.02449779519843214,-0.9201403016588949,-0.7087716604547913,0.1852,8.67,0.3982
CUST00054,27.0,385845.56,74426.37,616.0,44,23.66,2016-01-04,1,Female,Graduate,Salaried,0,9.1,5.6,7.2,0,2016,1,4,Monday,2.0,0,True,False,False,False,False,True,False,False,False,Mid-Low,0,Low_Missed,1,-0.35701182196694237,-0.5190845105961008,0.16363636363636364,0.06349446142682638,0.08147210678597677,0.4076099339257233,0.0,0.4186046511627908,0.17565891472868217,0.3698630136986301,0.0951918840310049,0.11486882879630496,0.7247058823529412,0.0,0.6376811594202898,0.182,-0.8154128672745696,-0.15413277778827614,-0.3048828706865126,-0.2830188679245283,-0.5,-0.1111111111111111,-0.07262464722483537,3.2051824977361982,4.864154602806124,0.040551500405515,-0.4659009800981319,-0.25489062814080143,0.1929,7.33,0.2366
CUST00055,21.0,397471.19,171818.25,538.0,41,17.71,2022-05-15,1,Female,Post-Graduate,Salaried,1,9.1,5.6,7.2,0,2022,5,15,Sunday,3.0,0,True,False,False,False,False,False,False,True,False,Mid-Low,0,Low_Missed,1,-0.33444294375658895,0.478885943248118,0.05454545454545451,0.06646309623172422,0.23745710005592763,0.21014657856763108,0.16666666666666666,0.34883720930232565,0.12953488372093025,0.2876712328767123,0.09806004097635726,0.2651823694119534,0.6329411764705882,0.16666666666666666,0.5942028985507246,0.13623076923076924,-1.2439842958459981,-0.11826516606768434,0.9060727399868999,-1.0188679245283019,0.0,-0.4444444444444444,-0.29651928504233305,2.9290581402859983,4.208325082500163,0.053447354355959376,0.8616166309099124,-0.19739098540340735,0.4323,6.83,0.1771
CUST00056,25.0,475887.13,34539.91,598.0,43,2.67,2024-06-08,0,Female,Graduate,Self-Employed,0,8.75,5.2,6.1,0,2024,6,8,Saturday,2.0,0,False,True,False,False,False,True,False,False,False,Mid-High,0,Low_Missed,1,-0.18221379147749667,-0.9277993704842072,0.12727272727272726,0.0864868101072545,0.017589068542314554,0.36204146730462505,0.0,0.39534883720930236,0.012945736434108526,0.3424657534246575,0.11740602247906586,0.053308511599178925,0.7035294117647058,0.0,0.6231884057971014,0.020538461538461537,-0.9582700101317124,0.12366516275107407,-0.8008249607960846,-0.4528301886792453,-0.5,-0.2222222222222222,-0.8624647224835373,1.3001916620664788,1.6340134638368191,0.2724795640326976,-1.8333003058486967,0.13839917497834356,0.0726,7.17,0.0267
CUST00057,38.0,311572.4,44669.99,619.0,45,43.94,2016-08-11,0,Male,Secondary,Salaried,3,8.55,5.0,5.9,0,2016,8,11,Thursday,1.0,1,False,False,False,True,False,True,False,False,False,Low,0,High_Missed,1,-0.5011985802190194,-0.8239968713941576,0.36363636363636365,0.044528617180471894,0.03381362915890869,0.41520467836257313,0.5,0.4418604651162792,0.3328682170542635,0.5205479452054794,0.07686796698674432,0.06894316401085603,0.7282352941176471,0.5,0.6521739130434783,0.33799999999999997,-0.0296985815602839,-0.3832817240510927,-0.6748691089060654,-0.25471698113207547,1.0,0.0,0.6904985888993416,3.8053282667571833,6.62872536767062,0.022251891410769917,-1.3582444517249175,-0.6878593129233467,0.1434,7.5,0.4394
CUST00058,48.0,4053345.1346999966,86088.48,569.6,36,20.63,2024-01-01,1,Male,Primary,Salaried,1,8.55,5.0,5.9,0,2024,1,1,Monday,0.0,1,False,False,False,True,False,False,True,False,False,High,0,Low_Missed,0,6.762718570100179,-0.39958336522873344,0.5454545454545454,1.0,0.10015040060126636,0.29014455330244804,0.16666666666666666,0.2325581395348837,0.15217054263565888,0.6575342465753424,1.0,0.1328679992112221,0.6701176470588236,0.16666666666666666,0.5217391304347826,0.1586923076923077,0.6845871327254304,11.16090569589229,-0.15987799413221965,-0.7207547169811319,0.0,-1.0,-0.1866415804327376,3.0740812399649675,4.5420259796703055,0.04623208506703653,-0.22326695082970213,2.824666099397965,0.0212,6.0,0.2063
CUST00059,48.0,914418.91,62855.84,695.0,37,67.43,2020-10-30,1,Male,Post-Graduate,Salaried,2,9.1,5.6,7.2,0,2020,10,30,Friday,3.0,1,True,False,False,False,False,False,True,False,False,High,0,High_Missed,0,0.6691095634021539,-0.637647239596898,0.5454545454545454,0.19846703871953644,0.06294048952815441,0.6076048707627655,0.3333333333333333,0.2558139534883721,0.5149612403100775,0.6575342465753424,0.225596113731302,0.09701100193127701,0.8176470588235294,0.3333333333333333,0.5362318840579711,0.5186923076923078,0.6845871327254304,1.4766316352932054,-0.44874905564941747,0.46226415094339623,0.5,-0.8888888888888888,1.5744120413922864,4.225811324964407,8.211577193207162,0.014613473622680109,-0.754003353632505,1.1876043516005899,0.0687,6.17,0.6743
CUST00060,45.0,229391.62,82758.32,631.0,50,6.76,2022-03-23,0,Male,Post-Graduate,Self-Employed,0,9.1,5.6,7.2,0,2022,3,23,Wednesday,3.0,1,True,False,False,False,True,False,False,False,False,Low,0,Low_Missed,2,-0.660736430215265,-0.43370737317040015,0.49090909090909085,0.023543541636036662,0.09481674254694132,0.44558365610997175,0.0,0.558139534883721,0.044651162790697675,0.6164383561643836,0.05659316253042887,0.12772826743464477,0.7423529411764705,0.0,0.7246376811594203,0.052,0.4703014184397161,-0.6368274078493363,-0.2012846898078772,-0.14150943396226415,-0.5,0.5555555555555556,-0.7085606773283162,2.048982334195127,2.6,0.1288659793814433,-0.2885231945911261,-1.3695337707027453,0.3608,8.33,0.0676
CUST00061,30.0,251683.25,46246.9,630.0,44,10.5,2015-08-05,0,Female,Graduate,Salaried,0,8.75,5.2,6.1,0,2015,8,5,Wednesday,2.0,0,False,True,False,False,False,False,False,True,False,Low,0,Low_Missed,1,-0.6174616070374878,-0.807838341664867,0.21818181818181814,0.029235767233781032,0.03633924316017162,0.44305207463102203,0.0,0.4186046511627908,0.07364341085271318,0.410958904109589,0.062092726288068244,0.07137694930519703,0.7411764705882353,0.0,0.6376811594202898,0.08076923076923077,-0.6011271529888553,-0.5680528528825005,-0.6552620532457064,-0.1509433962264151,-0.5,-0.1111111111111111,-0.5678269049858891,2.4423470353692043,3.24037034920393,0.08695652173913043,-1.2955010938818627,-1.1550102459185587,0.1838,7.33,0.105
CUST00062,38.0,347465.52,112261.71,512.0,48,19.43,2020-01-03,1,Male,Graduate,Self-Employed,0,8.55,5.0,5.9,0,2020,1,3,Friday,2.0,1,False,False,False,True,True,False,False,False,False,Mid-Low,0,Low_Missed,2,-0.4315191345571842,-0.13138739014673342,0.36363636363636365,0.05369401856417108,0.14207002578360062,0.14432546011493375,0.0,0.5116279069767442,0.14286821705426356,0.5205479452054794,0.0857231517310004,0.17326347027767763,0.6023529411764705,0.0,0.6956521739130435,0.14946153846153845,-0.0296985815602839,-0.27254359703340786,0.1655559097820049,-1.2641509433962264,-0.5,0.3333333333333333,-0.23179680150517407,3.0170044088295307,4.407947368106838,0.048947626040137054,0.20630477026092728,-0.4628595400383095,0.3231,8.0,0.1943
CUST00063,34.0,355614.38,90260.95,693.0,49,10.69,2019-03-21,0,Male,Graduate,Self-Employed,0,8.4,4.8,5.4,0,2019,3,21,Thursday,2.0,1,False,False,True,False,False,False,False,True,False,Mid-Low,0,Low_Missed,2,-0.4156997227151404,-0.3568282425270114,0.2909090909090909,0.05577485112259929,0.1068331210176817,0.6025417078048656,0.0,0.5348837209302326,0.07511627906976744,0.4657534246575342,0.08773355541714076,0.13930774284090225,0.8152941176470588,0.0,0.7101449275362319,0.08223076923076923,-0.31541286727456963,-0.24740258132540227,-0.10799814586492577,0.44339622641509435,-0.5,0.4444444444444444,-0.5606773283160866,2.458733775483977,3.269556544854363,0.0855431993156544,-0.14546752240727026,-0.416160630695762,0.2538,8.17,0.1069
CUST00064,36.0,1201682.17,137243.82,594.0,45,81.76,2016-10-07,1,Female,Secondary,Self-Employed,0,8.55,5.0,5.9,0,2016,10,7,Friday,1.0,0,False,False,False,True,False,True,False,False,False,High,0,Low_Missed,1,1.226774784921254,0.12460322893451029,0.32727272727272727,0.27182045800128013,0.18208192677800766,0.3519151413888255,0.0,0.4418604651162792,0.626046511627907,0.4931506849315068,0.29646677745563876,0.2118205800300471,0.6988235294117647,0.0,0.6521739130434783,0.6289230769230769,-0.17255572441742675,2.36290163281346,0.47617961137766524,-0.49056603773584906,-0.5,0.0,2.1136406396989655,4.415944852877343,9.042123644365853,0.01208313194780087,0.520689484631676,1.5578005925811935,0.1142,7.5,0.8176
CUST00065,60.0,730040.0,111328.4,710.0,44,75.48,2023-10-08,0,Female,Secondary,Unemployed,1,9.1,5.6,7.2,0,2023,10,8,Sunday,1.0,0,True,False,False,False,True,False,False,False,False,High,1,Low_Missed,1,0.3111741083474412,-0.14095097803801718,0.7636363636363636,0.15138540533578634,0.14057521580489624,0.6455785929470139,0.16666666666666666,0.4186046511627908,0.5773643410852713,0.821917808219178,0.18010802824320388,0.17182301004021233,0.8352941176470589,0.16666666666666666,0.6376811594202898,0.5806153846153846,1.5417299898682875,0.9077823640411581,0.15395127722950036,0.6037735849056604,0.0,-0.1111111111111111,1.877328316086548,4.337029268743146,8.687922651589389,0.01307531380753138,0.19304399185160953,0.8535845760204063,0.1525,7.33,0.7548
CUST00066,19.0,709390.32,111749.39,755.0,40,25.33,2020-10-23,0,Male,Primary,Self-Employed,4,8.75,5.2,6.1,0,2020,10,23,Friday,0.0,1,False,True,False,False,True,False,False,False,False,High,1,High_Missed,1,0.2710868087341925,-0.13663711140597473,0.018181818181818188,0.14611245593364613,0.1412494827182849,0.7594997594997595,0.6666666666666666,0.32558139534883723,0.18860465116279068,0.2602739726027397,0.17501354965483457,0.17247276130760528,0.888235294117647,0.6666666666666666,0.5797101449275363,0.19484615384615384,-1.3868414387031411,0.8440735840099278,0.15918580194077409,1.028301886792453,1.5,-0.5555555555555556,-0.009783631232361301,3.270708973508218,5.032891812864648,0.0379794910748196,0.19904124451272007,0.8090277953894439,0.1575,6.67,0.2533
CUST00067,35.0,1092686.11,41448.86,635.0,44,33.35,2025-02-02,1,Male,Secondary,Self-Employed,0,8.75,5.2,6.1,1,2025,2,2,Sunday,1.0,1,False,True,False,False,False,False,False,True,False,High,0,Low_Missed,1,1.015180333390595,-0.8570036535611227,0.3090909090909091,0.24398803108654665,0.02865459596875325,0.4557099820257715,0.0,0.4186046511627908,0.2507751937984496,0.4794520547945205,0.26957638041865734,0.063971707919411,0.7470588235294118,0.0,0.6376811594202898,0.25653846153846155,-0.24398429584599818,2.0266249442250297,-0.7149201423824544,-0.10377358490566038,-0.5,-0.1111111111111111,0.29200376293508945,3.536602018668358,5.774945887192364,0.02911208151382824,-1.494673326786473,1.4331001276318915,0.0379,7.33,0.3335
CUST00068,51.0,383403.52,132661.35,568.0,45,36.49,2016-10-30,1,Male,Graduate,Self-Employed,1,9.1,5.6,7.2,0,2016,10,30,Sunday,2.0,1,True,False,False,False,False,True,False,False,False,Mid-Low,0,Low_Missed,1,-0.36175256318654175,0.07764685366351727,0.6,0.06287088017239521,0.17474254127574862,0.2860940229361282,0.16666666666666666,0.4418604651162792,0.27511627906976743,0.6986301369863014,0.09458940881144018,0.20474804697631624,0.668235294117647,0.16666666666666666,0.6521739130434783,0.2806923076923077,0.8988728470111447,-0.16166700539797585,0.41920188636360256,-0.7358490566037735,0.0,0.0,0.41015992474129837,3.6240742307478206,6.040695324215583,0.026673779674579887,0.4681916241240555,-0.2672695209356848,0.346,7.5,0.3649
CUST00069,22.0,214089.04,80941.35,649.0,42,17.69,2023-05-26,0,Male,Secondary,Self-Employed,0,9.1,5.6,7.2,0,2023,5,26,Friday,1.0,1,True,False,False,False,True,False,False,False,False,Low,0,Low_Missed,1,-0.6904433849630239,-0.45232578751378616,0.0727272727272727,0.019635988101928528,0.0919066431298061,0.49115212273107,0.0,0.37209302325581395,0.12937984496124033,0.3013698630136986,0.05281786595649609,0.1249239762155779,0.7635294117647059,0.0,0.6086956521739131,0.1360769230769231,-1.1725557244174267,-0.6840392146729918,-0.22387661447269802,0.02830188679245283,-0.5,-0.3333333333333333,-0.29727187206020694,2.9279886214674717,4.205948168962618,0.05350454788657035,-0.3254074896155666,-1.533989483516349,0.3781,7.0,0.1769
CUST00070,31.0,654004.89,89325.39,678.0,49,10.67,2021-12-14,1,Male,Secondary,Self-Employed,0,8.75,5.2,6.1,0,2021,12,14,Tuesday,1.0,1,False,True,False,False,False,False,False,False,True,High,0,Low_Missed,2,0.1635668700901745,-0.36641488607263856,0.23636363636363633,0.13196964258226365,0.105334707389116,0.5645679856206172,0.0,0.5348837209302326,0.07496124031007752,0.4246575342465753,0.16134942085271142,0.13786380997854888,0.7976470588235294,0.0,0.7101449275362319,0.08207692307692308,-0.5296985815602839,0.673197416592075,-0.11963075457030875,0.3018867924528302,-0.5,0.4444444444444444,-0.5614299153339606,2.4570214462984645,3.266496594212215,0.0856898029134533,-0.16254885706993671,0.6802433017975184,0.1366,8.17,0.1067
CUST00071,32.0,565534.91,185156.86,625.0,45,130.0,2022-06-26,1,Male,Graduate,Unemployed,1,9.1,5.6,7.2,0,2022,6,26,Sunday,2.0,1,True,False,False,False,False,False,True,False,False,Mid-High,0,Med_Missed,1,-0.008180226961116893,0.6155661128408091,0.2545454545454545,0.10937860348875938,0.2588205134234537,0.43039416723627233,0.16666666666666666,0.4418604651162792,1.0,0.4383561643835616,0.13952300907182863,0.28576903121570224,0.7352941176470589,0.16666666666666666,0.6521739130434783,1.0,-0.4582700101317125,0.400248174996693,1.0719229588971875,-0.19811320754716982,0.0,0.0,3.928880526810913,4.875197323201151,11.40175425099138,0.007633587786259542,0.9726392496384967,0.440290490715191,0.3274,7.5,1.3
CUST00072,36.0,507342.69,64108.91,605.0,45,29.79,2018-07-25,0,Male,Secondary,Salaried,1,8.55,5.0,5.9,1,2018,7,25,Wednesday,1.0,1,False,False,False,True,False,False,False,True,False,Mid-High,0,Med_Missed,1,-0.12114899733916047,-0.6248070845798823,0.32727272727272727,0.09451906902342097,0.06494743420893045,0.3797625376572744,0.16666666666666666,0.4418604651162792,0.2231782945736434,0.4931506849315068,0.12516641764766728,0.0989449761839483,0.711764705882353,0.16666666666666666,0.6521739130434783,0.22915384615384615,-0.17255572441742675,0.22071244642806861,-0.43316857658826224,-0.3867924528301887,0.0,0.0,0.15804327375352775,3.427189961936409,5.4580216195980755,0.03247807729782397,-0.7199825095953638,0.25257026344783273,0.1264,7.5,0.2979
CUST00073,20.0,398150.42,222061.71,707.4,58,20.84,2022-12-10,1,Female,Secondary,Self-Employed,1,8.4,4.8,5.4,0,2022,12,10,Saturday,1.0,0,False,False,True,False,False,True,False,False,False,Mid-Low,1,Med_Missed,3,-0.33312435206333724,0.9937285418190035,0.036363636363636376,0.06663653937575434,0.31792813901686606,0.6389964811017441,0.16666666666666666,0.7441860465116279,0.15379844961240308,0.273972602739726,0.09822761367925523,0.34272756481613603,0.8322352941176471,0.16666666666666666,0.8405797101449275,0.16030769230769232,-1.3154128672745695,-0.11616959293238097,1.5307921702581417,0.5792452830188677,0.0,1.4444444444444444,-0.17873941674506116,3.083743150876704,4.565084884205331,0.045787545787545784,1.237588726472137,-0.19410257344387177,0.5577,9.67,0.2084
CUST00074,45.0,412136.72,234845.98,690.0,51,26.81,2017-11-04,0,Male,Graduate,Salaried,2,8.4,4.8,5.4,0,2017,11,4,Saturday,2.0,1,False,False,True,False,False,False,False,True,False,Mid-Low,0,High_Missed,2,-0.3059726965131893,1.1247284129988908,0.49090909090909085,0.070207977394317,0.3384037091558883,0.594946963368016,0.3333333333333333,0.5813953488372092,0.20007751937984497,0.6164383561643836,0.10167817106709413,0.3624586644507916,0.8117647058823529,0.3333333333333333,0.7391304347826086,0.20623076923076922,0.4703014184397161,-0.07301879785222509,1.689749811129884,0.41509433962264153,0.5,0.6666666666666666,0.045907808090310406,3.3253956682458736,5.177837386399847,0.03595828838547285,1.3177969800429532,-0.12804423214513264,0.5698,8.5,0.2681
CUST00075,45.0,481673.98,155076.01,622.0,57,29.55,2023-10-05,1,Male,Secondary,Self-Employed,1,8.75,5.2,6.1,0,2023,10,5,Thursday,1.0,1,False,True,False,False,False,False,False,True,False,Mid-High,0,Med_Missed,3,-0.17097975832216802,0.3073289217472616,0.49090909090909085,0.08796449727953874,0.21064235745393756,0.42279942279942273,0.16666666666666666,0.7209302325581395,0.22131782945736433,0.6164383561643836,0.11883369513157692,0.23934258305361497,0.731764705882353,0.16666666666666666,0.8260869565217391,0.22730769230769232,0.4703014184397161,0.14151886090638313,0.6979023107556249,-0.22641509433962265,0.0,1.3333333333333333,0.1490122295390405,3.4193646856176043,5.4359911699707535,0.03273322422258593,0.707419354238684,0.16016286319274803,0.322,9.5,0.2955
CUST00076,44.0,691037.1,54809.98,518.0,34,88.17,2020-01-26,1,Male,Graduate,Salaried,2,8.55,5.0,5.9,0,2020,1,26,Sunday,2.0,1,False,False,False,True,False,False,True,False,False,High,0,High_Missed,0,0.23545763535194805,-0.7200928249554209,0.47272727272727266,0.1414259135549581,0.05005406185111434,0.15951494898863317,0.3333333333333333,0.18604651162790697,0.6757364341085271,0.6027397260273972,0.1704856302721792,0.08459311140592911,0.6094117647058823,0.3333333333333333,0.4927536231884058,0.6782307692307692,0.39887284701114467,0.7874498854419708,-0.5487900376049232,-1.2075471698113207,0.5,-1.2222222222222223,2.3548447789275637,4.490544660146788,9.389888178247919,0.0112145340361108,-0.9927589613785076,0.7679158038683858,0.0793,5.67,0.8817
CUST00077,28.0,212116.77,26588.23,687.0,53,37.73,2020-07-06,1,Male,Post-Graduate,Self-Employed,0,8.4,4.8,5.4,0,2020,7,6,Monday,3.0,1,False,False,True,False,True,False,False,False,False,Low,0,Low_Missed,2,-0.6942721599565455,-1.0092798973866965,0.18181818181818177,0.0191323638366925,0.0048534816403592446,0.5873522189311662,0.0,0.627906976744186,0.2847286821705426,0.3835616438356164,0.05233128760344252,0.04103597743470197,0.808235294117647,0.0,0.7681159420289855,0.2902307692307692,-0.7439842958459982,-0.6901240990679168,-0.8996949231613205,0.3867924528301887,-0.5,0.8888888888888888,0.45682031984948257,3.6566144935266607,6.142475071174485,0.025819777949909632,-2.3350191245801413,-1.556350998205175,0.1253,8.83,0.3773
CUST00078,39.0,639235.41,188584.4,589.0,51,18.64,2021-09-03,1,Female,Secondary,Self-Employed,0,8.55,5.0,5.9,0,2021,9,3,Friday,1.0,0,False,False,False,True,False,False,False,True,False,Mid-High,0,Low_Missed,2,0.1348948243300522,0.6506879695024653,0.38181818181818183,0.12819821751727856,0.26431013744377746,0.33925723399407604,0.0,0.5813953488372092,0.13674418604651162,0.5342465753424658,0.1577056452774314,0.2910590581974359,0.6929411764705883,0.0,0.7391304347826086,0.1433846153846154,0.04172998986828753,0.6276303398869807,1.1145404624694315,-0.5377358490566038,-0.5,0.6666666666666666,-0.26152398871119475,2.97756830292632,4.317406628984581,0.05091649694501018,0.9996939388570025,0.6433663429504325,0.295,8.5,0.1864
CUST00079,28.0,437902.79,105538.49,667.0,43,47.77,2015-12-20,1,Male,Post-Graduate,Unemployed,0,8.4,4.8,5.4,0,2015,12,20,Sunday,3.0,1,False,False,True,False,True,False,False,False,False,Mid-High,0,Low_Missed,1,-0.25595293020465876,-0.2002799396559382,0.18181818181818177,0.07678741026698147,0.13130196764104912,0.5367205893521683,0.0,0.39534883720930236,0.36255813953488375,0.3835616438356164,0.10803491325009283,0.16288692756654052,0.7847058823529411,0.0,0.6231884057971014,0.3674615384615385,-0.7439842958459982,0.006475164567496557,0.08196042953466087,0.19811320754716982,-0.5,-0.2222222222222222,0.8346190028222016,3.887115369721961,6.911584478250989,0.02050440844781628,0.10783019076900514,-0.014002991356297146,0.241,7.17,0.4777
CUST00080,34.0,260584.21,564508.32,662.0,45,34.03,2019-03-23,1,Female,Post-Graduate,Salaried,0,9.1,5.6,7.2,0,2019,3,23,Saturday,3.0,0,True,False,False,False,True,False,False,False,False,Low,0,Low_Missed,1,-0.6001821407036008,4.502764395722986,0.2909090909090909,0.03150865047993659,0.8663982184132949,0.5240626819574188,0.0,0.4418604651162792,0.256046511627907,0.4657534246575342,0.06428868042081662,0.8712558406942289,0.7788235294117647,0.0,0.6521739130434783,0.26176923076923075,-0.31541286727456963,-0.5405914441484777,5.788720487645483,0.1509433962264151,-0.5,0.0,0.31759172154280346,3.5562048372093953,5.833523806414096,0.02854695974878675,2.4935371435867832,-1.0764606364865599,2.1663,7.5,0.3403
CUST00081,62.0,156013.39,199613.33,499.0,43,13.08,2017-05-03,1,Female,Graduate,Self-Employed,0,8.75,5.2,6.1,0,2017,5,3,Wednesday,2.0,0,False,True,False,False,True,False,False,False,False,Low,0,Low_Missed,1,-0.803185857572002,0.7637009463288302,0.7999999999999999,0.004806220088748564,0.28197431613942187,0.11141490088858497,0.0,0.39534883720930236,0.09364341085271317,0.8493150684931506,0.03849003349465507,0.30808098566718123,0.5870588235294117,0.0,0.6231884057971014,0.10061538461538462,1.6845871327254305,-0.8632152992912866,1.2516724765883118,-1.3867924528301887,-0.5,-0.2222222222222222,-0.47074317968015056,2.644755350729896,3.616628264005025,0.07102272727272728,1.083074152787838,-2.342892739311665,1.2795,7.17,0.1308
CUST00082,39.0,413231.46,58868.69,656.0,53,12.94,2026-01-28,1,Male,Graduate,Self-Employed,4,8.75,5.2,6.1,0,2026,1,28,Wednesday,2.0,1,False,True,False,False,False,False,False,True,False,Mid-Low,0,High_Missed,2,-0.3038474737311118,-0.6785033961373094,0.38181818181818183,0.07048752209566342,0.056554581730540454,0.5088731930837194,0.6666666666666666,0.627906976744186,0.09255813953488372,0.5342465753424658,0.1019482541623204,0.09085727912126779,0.7717647058823529,0.6666666666666666,0.7681159420289855,0.09953846153846153,0.04172998986828753,-0.06964128547182055,-0.49832466362717176,0.09433962264150944,1.5,0.8888888888888888,-0.4760112888052682,2.6347624053323777,3.5972211497209896,0.07173601147776183,-0.8676484045767596,-0.12300286032696157,0.1425,8.83,0.1294
CUST00083,25.0,912420.73,76535.26,691.0,49,10.81,2019-11-06,0,Female,Graduate,Unemployed,0,8.55,5.0,5.9,0,2019,11,6,Wednesday,2.0,0,False,False,False,True,False,True,False,False,False,High,0,Low_Missed,2,0.6652304892304862,-0.49747480442339387,0.12727272727272726,0.19795679826852855,0.0848497517442327,0.5974785448469657,0.0,0.5348837209302326,0.07604651162790697,0.3424657534246575,0.22510314312712276,0.11812366608529594,0.8129411764705883,0.0,0.7101449275362319,0.08315384615384616,-0.9582700101317124,1.470466812880325,-0.2786612577779924,0.42452830188679247,-0.5,0.4444444444444444,-0.5561618062088429,2.468946630209271,3.2878564445547194,0.0846740050804403,-0.4189315557232863,1.1844892160592373,0.0839,8.17,0.1081
CUST00084,40.0,1022071.83,135257.31,701.0,44,13.92,2015-01-25,0,Male,Graduate,Unemployed,1,8.4,4.8,5.4,0,2015,1,25,Sunday,2.0,1,False,False,True,False,False,False,False,True,False,High,1,Med_Missed,1,0.8780965723185672,0.1042475454189432,0.4,0.22595649134798607,0.1789002883397653,0.6227943596364649,0.16666666666666666,0.4186046511627908,0.10015503875968992,0.547945205479452,0.2521551449567463,0.20875462266719105,0.8247058823529412,0.16666666666666666,0.6376811594202898,0.10707692307692307,0.11315856129685896,1.8087644431623642,0.45147965250882677,0.5188679245283019,0.0,-0.1111111111111111,-0.43913452492944505,2.702702594775615,3.730951621235526,0.06702412868632708,0.49818161658133875,1.3428712015922732,0.1323,7.33,0.1392
CUST00085,23.0,528441.88,50606.65,659.0,43,13.59,2015-04-20,0,Male,Graduate,Salaried,3,8.4,4.8,5.4,0,2015,4,20,Monday,2.0,1,False,False,True,False,False,False,False,True,False,Mid-High,0,High_Missed,1,-0.08018906231223226,-0.7631641687651619,0.09090909090909088,0.0999068019711539,0.043321915374823064,0.516467937520569,0.5,0.39534883720930236,0.0975968992248062,0.3150684931506849,0.13037179476183738,0.07810573879667283,0.7752941176470588,0.5,0.6231884057971014,0.10453846153846154,-1.1011271529888553,0.28580806314208695,-0.6010535943512543,0.12264150943396226,1.0,-0.2222222222222222,-0.4515522107243651,2.6803363625346943,3.6864617182333523,0.06854009595613433,-1.1340293505033991,0.32388073208476037,0.0958,7.17,0.1359
CUST00086,25.0,1179973.85,92439.67,492.0,42,33.68,2025-06-29,1,Male,Primary,Salaried,1,8.55,5.0,5.9,0,2025,6,29,Sunday,0.0,1,False,False,False,True,False,True,False,False,False,High,0,Med_Missed,1,1.1846323435884938,-0.33450299131305516,0.12727272727272726,0.2662771821265224,0.11032260725141195,0.09369383053593583,0.16666666666666666,0.37209302325581395,0.2533333333333333,0.3424657534246575,0.2911111219961126,0.14267035497253094,0.5788235294117647,0.16666666666666666,0.6086956521739131,0.2590769230769231,-0.9582700101317124,2.2959267167989004,-0.08090827750951074,-1.4528301886792452,0.0,-0.3333333333333333,0.3044214487300094,3.546163151912341,5.803447251418763,0.02883506343713956,-0.1064617846634176,1.5342246223923262,0.0783,7.0,0.3368
CUST00087,27.0,433015.78,189753.72,752.0,55,9.22,2016-10-20,1,Female,Post-Graduate,Salaried,0,8.55,5.0,5.9,0,2016,10,20,Thursday,3.0,0,False,False,False,True,False,True,False,False,False,Mid-Low,1,Low_Missed,3,-0.26544010066361695,0.6626699418300263,0.16363636363636364,0.07553949957501176,0.2661829462686037,0.7519050150629096,0.0,0.6744186046511629,0.06372093023255815,0.3698630136986301,0.10682923995122591,0.2928637736348285,0.8847058823529412,0.0,0.7971014492753623,0.07092307692307692,-0.8154128672745696,-0.008602330342856474,1.1290796069512163,1.0,-0.5,1.1111111111111112,-0.6159924741298213,2.3243465847755584,3.0364452901377956,0.09784735812133072,1.0087952815523953,-0.03491922036805015,0.4382,9.17,0.0922
CUST00088,33.0,712583.07,112046.19,683.0,53,8.75,2015-01-03,1,Male,Graduate,Unemployed,0,8.55,5.0,5.9,0,2015,1,3,Saturday,2.0,1,False,False,False,True,False,False,False,True,False,High,0,Low_Missed,2,0.27728490603353073,-0.13359581442412197,0.2727272727272727,0.14692773293569572,0.1417248441755493,0.5772258930153666,0.0,0.627906976744186,0.06007751937984496,0.4520547945205479,0.17580123239437417,0.17293083911506443,0.8035294117647059,0.0,0.7681159420289855,0.0673076923076923,-0.386841438703141,0.8539239161915747,0.1628761673516058,0.3490566037735849,-0.5,0.8888888888888888,-0.633678269049859,2.277267285009756,2.958039891549808,0.10256410256410256,0.203253820711784,0.8160317401060494,0.1572,8.83,0.0875
CUST00089,48.0,828774.89,208658.83,554.0,50,44.68,2017-06-09,0,Male,Graduate,Salaried,0,8.75,5.2,6.1,1,2017,6,9,Friday,2.0,1,False,True,False,False,False,False,False,True,False,High,0,Low_Missed,2,0.5028485128762835,0.8563898002686852,0.5454545454545454,0.17659761584926043,0.29646178939307855,0.25065188223082946,0.0,0.558139534883721,0.3386046511627907,0.6575342465753424,0.204466893999477,0.3220417094116951,0.6517647058823529,0.0,0.7246376811594203,0.3436923076923077,0.6845871327254304,1.2124010984921376,1.3641428280831835,-0.8679245283018868,-0.5,0.5555555555555556,0.7183443085606774,3.821660565347755,6.684309986827361,0.021891418563922942,1.1476174931012146,1.0450923659481217,0.2518,8.33,0.4468
CUST00090,44.0,342046.02,194884.32,587.0,40,30.64,2017-06-28,0,Male,Secondary,Self-Employed,1,9.1,5.6,7.2,0,2017,6,28,Wednesday,1.0,1,True,False,False,False,False,False,False,False,True,Mid-Low,0,Med_Missed,1,-0.44204002980853924,0.7152429819078351,0.47272727272727266,0.0523101351681621,0.2744002289257494,0.33419407103617615,0.16666666666666666,0.32558139534883723,0.2297674418604651,0.6027397260273972,0.08438610792646359,0.3007822844129616,0.6905882352941176,0.16666666666666666,0.5797101449275363,0.2356923076923077,0.39887284701114467,-0.2892639400788813,1.19287269582188,-0.5566037735849056,0.0,-0.5555555555555556,0.19002822201317032,3.4544221428994533,5.535341001239219,0.0316055625790139,1.0479842386820513,-0.49475211609964986,0.5698,6.67,0.3064
CUST00091,44.0,315289.15,99175.17,668.0,45,22.07,2015-12-02,0,Male,Primary,Self-Employed,0,8.55,5.0,5.9,0,2015,12,2,Wednesday,0.0,1,False,False,False,True,True,False,False,False,False,Low,0,Low_Missed,1,-0.4939832397954612,-0.265484609165922,0.47272727272727266,0.04547769894301759,0.12111033331409553,0.5392521708311182,0.0,0.4418604651162792,0.16333333333333333,0.6027397260273972,0.07778492566568372,0.1530658504986128,0.7858823529411765,0.0,0.6521739130434783,0.16976923076923078,0.39887284701114467,-0.37181473724155983,0.0028398903633218738,0.20754716981132076,-0.5,0.0,-0.13245531514581374,3.138533072185662,4.697871858618538,0.043346337234503686,0.007778285139141747,-0.6629543884359183,0.3146,7.5,0.2207
CUST00092,26.0,157902.89,24293.28,658.0,48,37.98,2026-06-14,1,Female,Graduate,Salaried,2,8.4,4.8,5.4,0,2026,6,14,Sunday,2.0,0,False,False,True,False,False,True,False,False,False,Low,0,High_Missed,2,-0.7995177642834265,-1.0327961524692535,0.14545454545454545,0.005288708819583321,0.0011778388629031175,0.513936356041619,0.3333333333333333,0.5116279069767442,0.2866666666666666,0.3561643835616438,0.03895619167689923,0.0374939772182991,0.7741176470588236,0.3333333333333333,0.6956521739130435,0.29215384615384615,-0.886841438703141,-0.857385778452755,-0.9282299774052158,0.11320754716981132,0.5,0.3333333333333333,0.46622765757290685,3.6630486940794147,6.162791575252241,0.025654181631605953,-2.5125527297687977,-2.310389063415253,0.1538,8.0,0.3798
CUST00093,32.0,842009.12,50844.98,611.0,46,21.14,2015-09-06,0,Male,Graduate,Salaried,1,8.75,5.2,6.1,0,2015,9,6,Sunday,2.0,1,False,True,False,False,False,False,False,False,True,High,0,Med_Missed,1,0.5285401721736984,-0.760722011387517,0.2545454545454545,0.17997701084067363,0.043703629984357534,0.39495202653097383,0.16666666666666666,0.4651162790697674,0.15612403100775196,0.4383561643835616,0.20773190834200214,0.078473574658707,0.7188235294117648,0.16666666666666666,0.6666666666666666,0.1626153846153846,-0.4582700101317125,1.2532315931028388,-0.5980902358998947,-0.330188679245283,0.0,0.1111111111111111,-0.16745061147695203,3.0973859272804907,4.59782557302906,0.045167118337850046,-1.1256655039762926,1.0683959455094025,0.0604,7.67,0.2114
CUST00094,41.0,320995.95,647924.8616000001,454.99,42,13.72,2023-05-15,1,Male,Secondary,Salaried,1,8.55,5.0,5.9,0,2023,5,15,Monday,1.0,1,False,False,False,True,False,False,False,True,False,Low,0,Med_Missed,1,-0.48290460799909024,5.357530151129569,0.4181818181818181,0.0469349451399627,1.0,0.0,0.16666666666666666,0.37209302325581395,0.0986046511627907,0.5616438356164384,0.0791928491980632,1.0,0.5352823529411764,0.16666666666666666,0.6086956521739131,0.10553846153846154,0.1845871327254304,-0.3542080108476291,6.825908896715029,-1.8019811320754715,0.0,-0.3333333333333333,-0.44666039510818445,2.6892071133007303,3.704051835490427,0.06793478260869565,2.665149200562096,-0.6254837545332048,2.0185,7.0,0.1372
CUST00095,31.0,296345.3,38942.8,507.0,48,46.79,2024-08-14,1,Male,Secondary,Self-Employed,1,8.4,4.8,5.4,0,2024,8,14,Wednesday,1.0,1,False,False,True,False,False,True,False,False,False,Low,0,Med_Missed,2,-0.5307590053656028,-0.882683143838555,0.23636363636363633,0.040640337660337505,0.024640834736974045,0.13166755272018427,0.16666666666666666,0.5116279069767442,0.3549612403100775,0.4246575342465753,0.0731112920691205,0.06010388288517558,0.5964705882352941,0.16666666666666666,0.6956521739130435,0.3599230769230769,-0.5296985815602839,-0.43026065856308254,-0.7460801057971066,-1.3113207547169812,0.0,0.3333333333333333,0.7977422389463783,3.866816412590067,6.840321629865075,0.02092487968194183,-1.6094915689940175,-0.7942846674805296,0.1314,8.0,0.4679
CUST00096,35.0,245245.29,81144.31,567.0,40,47.57,2022-05-29,1,Female,Secondary,Salaried,1,9.1,5.6,7.2,0,2022,5,29,Sunday,1.0,0,True,False,False,False,True,False,False,False,False,Low,0,Med_Missed,1,-0.6299596424268066,-0.45024606502242226,0.3090909090909091,0.02759181743247649,0.09223170836352033,0.28356244145717824,0.16666666666666666,0.32558139534883723,0.36100775193798446,0.4794520547945205,0.060504418412460584,0.12523722241437138,0.6670588235294118,0.16666666666666666,0.5797101449275363,0.3659230769230769,-0.24398429584599818,-0.5879153678217082,-0.22135304114459034,-0.7452830188679245,0.0,-0.5555555555555556,0.8270931326434621,3.8830060563576536,6.897100840208152,0.020588840848260244,-0.3212406539704527,-1.214224052835563,0.3309,6.67,0.4757
CUST00097,43.0,399440.57,120944.66,485.0,56,20.33,2016-07-09,1,Male,Graduate,Salaried,1,8.55,5.0,5.9,0,2016,7,9,Saturday,2.0,1,False,False,False,True,False,True,False,False,False,Mid-Low,0,Med_Missed,3,-0.33061977913067997,-0.042413570643437495,0.4545454545454545,0.06696598252795675,0.1559768309229338,0.07597276018328647,0.16666666666666666,0.6976744186046513,0.14984496124031005,0.589041095890411,0.09854590633806566,0.1866646383985584,0.5705882352941176,0.16666666666666666,0.8115942028985508,0.15638461538461537,0.3274442755825732,-0.11218919795496277,0.2735183705097032,-1.5188679245283019,0.0,1.2222222222222223,-0.19793038570084676,3.0601145324832593,4.508880127038198,0.04688232536333802,0.32393758555568514,-0.18787747359154305,0.3028,9.33,0.2033
CUST00098,34.0,1068478.42,647924.8616000001,578.0,43,32.82,2023-05-07,1,Male,Secondary,Self-Employed,0,9.1,5.6,7.2,0,2023,5,7,Sunday,1.0,1,True,False,False,False,False,False,False,True,False,High,0,Low_Missed,1,0.9681858558987091,5.357530151129569,0.2909090909090909,0.237806534593008,1.0,0.31140983772562714,0.0,0.39534883720930236,0.24666666666666665,0.4657534246575342,0.26360410586627286,1.0,0.68,0.0,0.6231884057971014,0.25246153846153846,-0.31541286727456963,1.9519389250095154,6.825908896715029,-0.6415094339622641,-0.5,-0.2222222222222222,0.27206020696142996,3.5210523434704344,5.728874234961001,0.02956830277942046,2.665149200562096,1.403086114648157,0.6064,7.17,0.3282
CUST00099,40.0,1260336.65,69911.69,771.0,50,3.19,2018-10-16,0,Male,Post-Graduate,Salaried,2,8.4,4.8,5.4,0,2018,10,16,Tuesday,3.0,1,False,False,True,False,False,True,False,False,False,High,1,High_Missed,2,1.3406409423347974,-0.565346244619116,0.4,0.286798031757815,0.07424129524998445,0.8000050631629578,0.3333333333333333,0.558139534883721,0.01697674418604651,0.547945205479452,0.310937412955653,0.10790092207197995,0.9070588235294118,0.3333333333333333,0.7246376811594203,0.024538461538461537,0.11315856129685896,2.5438635346040055,-0.361017705298957,1.179245283018868,0.5,0.5555555555555556,-0.8428974600188147,1.4327007339340463,1.786057109949175,0.23866348448687355,-0.5717832482078966,1.6186995482756346,0.0555,8.33,0.0319
CUST00100,56.0,192830.45,67097.86,815.0,45,30.48,2019-09-11,0,Female,Secondary,Self-Employed,0,8.4,4.8,5.4,0,2019,9,11,Wednesday,1.0,0,False,False,True,False,False,False,True,False,False,Low,1,Low_Missed,1,-0.7317127637952969,-0.5941794410020227,0.6909090909090908,0.01420755195033474,0.0697346027658391,0.9113946482367532,0.0,0.4418604651162792,0.22852713178294576,0.7671232876712328,0.04757316329892843,0.10355808825471993,0.9588235294117647,0.0,0.6521739130434783,0.23446153846153847,1.2560157041540019,-0.749626615256638,-0.3960044334120314,1.5943396226415094,-0.5,0.0,0.1840075258701788,3.4493524235492026,5.520869496736904,0.03176620076238882,-0.6418139979388378,-1.7910987738405668,0.348,7.5,0.3048
CUST00101,36.0,370561.98,95657.8,669.0,53,68.08,2017-11-21,1,Female,Secondary,Salaried,2,8.4,4.8,5.4,0,2017,11,21,Tuesday,1.0,0,False,False,True,False,False,False,True,False,False,Mid-Low,0,High_Missed,2,-0.3866818919449302,-0.30152695001854785,0.32727272727272727,0.05959175959204921,0.1154768355750856,0.5417837523100679,0.3333333333333333,0.627906976744186,0.52,0.4931506849315068,0.09142127494342439,0.14763718089745856,0.7870588235294118,0.3333333333333333,0.7681159420289855,0.5236923076923077,-0.17255572441742675,-0.20128596545557698,-0.040894545570293275,0.2169811320754717,0.5,0.8888888888888888,1.598871119473189,4.235265253278478,8.251060537894507,0.01447596988998263,-0.05073150901188866,-0.3341798103903742,0.2581,8.83,0.6808
CUST00102,51.0,263766.92,121850.21,599.0,35,20.47,2024-01-06,0,Female,Secondary,Salaried,0,8.75,5.2,6.1,0,2024,1,6,Saturday,1.0,0,False,True,False,False,False,True,False,False,False,Low,0,Low_Missed,0,-0.5940035340931311,-0.03313443829196595,0.6,0.03232136374191864,0.15742717987046007,0.364573048783575,0.0,0.2093023255813954,0.15093023255813953,0.6986301369863014,0.06507388619388375,0.18806225416184894,0.7047058823529412,0.0,0.5072463768115942,0.15746153846153846,0.8988728470111447,-0.5307720875631361,0.2847778395049142,-0.44339622641509435,-0.5,-1.1111111111111112,-0.19266227657572912,3.0666566118906897,4.524378410345448,0.04657661853749418,0.3356462422621374,-1.0492562529481835,0.462,5.83,0.2047
CUST00103,44.0,725175.43,89989.83,632.0,46,69.21,2021-08-31,0,Male,Graduate,Salaried,1,8.55,5.0,5.9,0,2021,8,31,Tuesday,2.0,1,False,False,False,True,False,True,False,False,False,High,0,Med_Missed,1,0.3017305007428866,-0.3596063976406229,0.47272727272727266,0.1501432247560791,0.10639888921750136,0.4481152375889217,0.16666666666666666,0.4651162790697674,0.5287596899224806,0.6027397260273972,0.1789078911124288,0.13888929925883245,0.7435294117647059,0.16666666666666666,0.6666666666666666,0.5323846153846153,0.39887284701114467,0.8927741014396787,-0.11136921011756952,-0.1320754716981132,0.0,0.1111111111111111,1.6413922859830667,4.2514907510291575,8.319254774317228,0.014242985329725111,-0.15039667366832898,0.8432440583182617,0.1241,7.67,0.6921
CUST00104,22.0,662349.44,185268.43,688.0,46,47.68,2016-10-12,1,Female,Graduate,Salaried,0,8.55,5.0,5.9,1,2016,10,12,Wednesday,2.0,0,False,False,False,True,False,False,False,True,False,High,0,Low_Missed,1,0.1797661756478263,0.6167093658875252,0.0727272727272727,0.13410044509027483,0.25899920640791124,0.5898838004101161,0.0,0.4651162790697674,0.36186046511627906,0.3013698630136986,0.1634081031811822,0.285941227108486,0.8094117647058824,0.0,0.6666666666666666,0.3667692307692308,-1.1725557244174267,0.6989421787583456,1.073310203064595,0.39622641509433965,-0.5,0.1111111111111111,0.8312323612417687,3.8852682681193262,6.905070600652827,0.020542317173377157,0.9735289035829165,0.7005801407955422,0.2797,7.67,0.4768
CUST00105,26.0,321809.6,61115.07,525.0,53,15.79,2019-09-07,1,Female,Graduate,Salaried,1,8.4,4.8,5.4,0,2019,9,7,Saturday,2.0,0,False,False,True,False,False,False,True,False,False,Low,0,Med_Missed,2,-0.4813250662662247,-0.6554848357798486,0.14545454545454545,0.047142712779996404,0.060152433719656506,0.17723601934128252,0.16666666666666666,0.627906976744186,0.11465116279069766,0.3561643835616438,0.07939358463335452,0.09432431694175322,0.6176470588235294,0.16666666666666666,0.7681159420289855,0.12146153846153845,-0.886841438703141,-0.35169772260721044,-0.47039352127008266,-1.1415094339622642,0.0,0.8888888888888888,-0.3687676387582315,2.8207834710894493,3.9736632972611052,0.05955926146515784,-0.8025754406843345,-0.620215323181746,0.1899,8.83,0.1579
CUST00106,29.0,458761.86,106095.67,604.0,47,24.19,2024-02-15,1,Female,Post-Graduate,Self-Employed,2,8.4,4.8,5.4,0,2024,2,15,Thursday,3.0,0,False,False,True,False,False,False,False,True,False,Mid-High,0,High_Missed,1,-0.21545914101549332,-0.19457053988387388,0.19999999999999996,0.08211382794927484,0.1321943594764891,0.3772309561783245,0.3333333333333333,0.4883720930232558,0.17976744186046512,0.3972602739726027,0.11318105040516238,0.16374687295993703,0.7105882352941176,0.3333333333333333,0.6811594202898551,0.18607692307692308,-0.6725557244174267,0.07082995855394243,0.08888831969506236,-0.39622641509433965,0.5,0.2222222222222222,-0.05268109125117587,3.226447090364519,4.9183330509431755,0.03969829297340214,0.1162605381191173,0.0718203465888493,0.2313,7.83,0.2419
CUST00107,29.0,348464.17,128943.25,765.0,39,19.15,2025-10-11,0,Male,Secondary,Salaried,3,8.55,5.0,5.9,0,2025,10,11,Saturday,1.0,1,False,False,False,True,True,False,False,False,False,Mid-Low,1,High_Missed,0,-0.4295804516449663,0.03954764103472116,0.19999999999999996,0.053949026434532615,0.1687875499204426,0.7848155742892584,0.5,0.3023255813953488,0.14069767441860465,0.3972602739726027,0.08596952848077447,0.19900957293347976,0.9,0.5,0.5652173913043478,0.1473076923076923,-0.6725557244174267,-0.2694625433232203,0.3729716045778436,1.1226415094339623,1.0,-0.6666666666666666,-0.2423330197554093,3.0032042883926917,4.376071297408213,0.04962779156327544,0.42404780453898355,-0.4570566510833188,0.37,6.5,0.1915
CUST00108,37.0,991647.57,77641.73,566.0,46,2.9,2025-10-19,1,Male,Graduate,Salaried,0,8.75,5.2,6.1,0,2025,10,19,Sunday,2.0,1,False,True,False,False,True,False,False,False,False,High,0,Low_Missed,1,0.8190338446573455,-0.48613685337382984,0.34545454545454546,0.2181875775644525,0.0866218986162656,0.2810308599782283,0.0,0.4651162790697674,0.014728682170542635,0.5068493150684932,0.24464918161315063,0.11983137953414812,0.6658823529411765,0.0,0.6666666666666666,0.022307692307692306,-0.10112715298885533,1.7148989455879244,-0.26490358049995016,-0.7547169811320755,-0.5,0.1111111111111111,-0.853809971777987,1.3609765531356006,1.70293863659264,0.25641025641025644,-0.39487671532684354,1.3013326306306443,0.0783,7.67,0.029
CUST00109,45.0,581566.01,163378.68,601.2,44,16.41,2016-07-20,1,Male,Primary,Salaried,0,8.4,4.8,5.4,0,2016,7,20,Wednesday,0.0,1,False,False,True,False,False,True,False,False,False,Mid-High,0,Low_Missed,1,0.02294100633789543,0.39240602825777116,0.49090909090909085,0.11347218649637253,0.2239400977180399,0.370142528037265,0.0,0.4186046511627908,0.11945736434108527,0.6164383561643836,0.14347803867509643,0.2521568312667445,0.7072941176470589,0.0,0.6376811594202898,0.12623076923076923,0.4703014184397161,0.44970762538811077,0.8011364286314663,-0.42264150943396184,-0.5,-0.1111111111111111,-0.3454374412041393,2.8570447537800976,4.050925820105819,0.05743825387708214,0.7861480657827999,0.48742765682945766,0.2809,7.33,0.1641
CUST00110,52.0,618412.95,107944.78,651.0,45,16.6,2024-11-09,0,Female,Secondary,Salaried,1,8.4,4.8,5.4,0,2024,11,9,Saturday,1.0,0,False,False,True,False,True,False,False,False,False,Mid-High,0,Med_Missed,1,0.09447210626832497,-0.17562278832688696,0.6181818181818182,0.12288114829353813,0.13515593502986584,0.4962152856889699,0.16666666666666666,0.4418604651162792,0.12093023255813955,0.7123287671232876,0.15256854016843327,0.16660076869629414,0.7658823529411765,0.16666666666666666,0.6521739130434783,0.12769230769230772,0.9703014184397161,0.5633884957591737,0.11187986816144697,0.04716981132075472,0.0,0.0,-0.3382878645343368,2.8678989020441064,4.0743097574926725,0.056818181818181816,0.14387944832975488,0.5893558533012778,0.1746,7.5,0.166
CUST00111,38.415780141843975,137191.4937,158467.92,673.0,46,13.67,2021-07-05,1,Male,Graduate,Unemployed,0,9.1,5.6,7.2,0,2021,7,5,Monday,2.0,1,True,False,False,False,False,False,False,True,False,Low,0,Low_Missed,1,-0.8397248739764982,0.34208567931369066,0.37119600257898133,0.0,0.21607491567667936,0.5519100782258677,0.0,0.4651162790697674,0.09821705426356589,0.5262435635869037,0.03384648707200554,0.24457761909100972,0.7917647058823529,0.0,0.6666666666666666,0.10515384615384615,0.0,-0.9212849667702656,0.7400767964047289,0.25471698113207547,-0.5,0.1111111111111111,-0.4485418626528693,2.6858045921548905,3.69729630946723,0.0681663258350375,0.7401520897542156,-2.699026891946865,1.1551,7.67,0.1367
CUST00112,33.0,427883.25,110908.68,600.0,57,16.01,2023-07-03,0,Male,Primary,Salaried,1,8.75,5.2,6.1,0,2023,7,3,Monday,0.0,1,False,True,False,False,False,True,False,False,False,Mid-Low,0,Med_Missed,3,-0.27540390000016784,-0.14525183103405234,0.2727272727272727,0.07422889471358211,0.13990298295165154,0.36710463026252493,0.16666666666666666,0.7209302325581395,0.11635658914728683,0.4520547945205479,0.10556299446029514,0.1711752188766451,0.7058823529411765,0.16666666666666666,0.8260869565217391,0.12315384615384617,-0.386841438703141,-0.024437308162061966,0.14873254350229592,-0.4339622641509434,0.0,1.3333333333333333,-0.3604891815616181,2.8338014064077703,4.001249804748512,0.05878894767783656,0.18703894329491716,-0.05723558324155767,0.2592,9.5,0.1601
CUST00113,18.0,1253694.66,123728.23,656.0,41,19.46,2019-06-08,1,Male,Graduate,Unemployed,3,9.1,5.6,7.2,0,2019,6,8,Saturday,2.0,1,True,False,False,False,False,True,False,False,False,High,0,High_Missed,1,1.3277468227572444,-0.013890447194058096,0.0,0.28510198236627377,0.16043505832049954,0.5088731930837194,0.5,0.34883720930232565,0.14310077519379844,0.2465753424657534,0.3092987688779161,0.19096076926954578,0.7717647058823529,0.5,0.5942028985507246,0.1496923076923077,-1.4582700101317125,2.5233715424821117,0.3081288504511745,0.09433962264150944,1.0,-0.4444444444444444,-0.2306679209783631,3.0184717605234805,4.411349000022556,0.04887585532746823,0.3596145890302234,1.611999180073469,0.0987,6.83,0.1946
CUST00114,38.415780141843975,858605.24,67546.06,699.0,50,34.02,2022-06-27,0,Male,Graduate,Salaried,2,8.4,4.8,5.4,0,2022,6,27,Monday,2.0,1,False,False,True,False,False,True,False,False,False,High,0,High_Missed,2,0.5607582808735633,-0.5895867546567856,0.37119600257898133,0.18421487317228588,0.0704524498182175,0.617731196678565,0.3333333333333333,0.558139534883721,0.255968992248062,0.5262435635869037,0.2118263339209945,0.10424983513242608,0.8223529411764706,0.3333333333333333,0.7246376811594203,0.2616923076923077,0.0,1.3044342537954936,-0.3904315837586125,0.5,0.5,0.5555555555555556,0.3172154280338666,3.555919326857706,5.8326666285670745,0.02855511136493432,-0.6304365527466799,1.0969232506899003,0.0787,8.33,0.3402
CUST00115,38.0,175686.28,67611.74,807.0,49,14.63,2017-12-19,0,Male,Graduate,Salaried,2,9.1,5.6,7.2,0,2017,12,19,Tuesday,2.0,1,True,False,False,False,True,False,False,False,False,Low,1,High_Missed,2,-0.7649948039726976,-0.5889137344891032,0.36363636363636365,0.009829743628283767,0.07055764436172535,0.8911419964051541,0.3333333333333333,0.5348837209302326,0.10565891472868218,0.5205479452054794,0.04334352840965348,0.10435120491138135,0.9494117647058824,0.3333333333333333,0.7101449275362319,0.11253846153846155,-0.0296985815602839,-0.8025201300882487,-0.38961492877147147,1.5188679245283019,0.5,0.4444444444444444,-0.41241768579492005,2.749192144433385,3.8249182997810554,0.06397952655150352,-0.6287765409631875,-2.028376760749178,0.3848,8.17,0.1463
CUST00116,40.0,2671895.83,205795.43,640.0,55,58.59,2020-12-27,1,Female,Graduate,Salaried,0,8.75,5.2,6.1,0,2020,12,27,Sunday,2.0,0,False,True,False,False,False,False,False,False,True,High,0,Low_Missed,3,4.080905961961809,0.8270486622031963,0.4,0.6472433332959733,0.29187570449843253,0.468367889420521,0.0,0.6744186046511629,0.4464341085271318,0.547945205479452,0.6591829072551348,0.3176223698096785,0.7529411764705882,0.0,0.7971014492753623,0.4506923076923077,0.11315856129685896,6.89883239124893,1.328539754237579,-0.05660377358490566,-0.5,1.1111111111111112,1.241768579492004,4.087487774758888,7.654410493303844,0.016781339150864237,1.1275379385909359,2.4517585722052857,0.077,9.17,0.5859
CUST00117,61.0,242617.22,144539.23,647.0,38,10.7,2017-08-05,1,Female,Graduate,Salaried,1,8.4,4.8,5.4,0,2017,8,5,Saturday,2.0,0,False,False,True,False,False,True,False,False,False,Low,0,Med_Missed,0,-0.6350615243685409,0.1993589850476447,0.7818181818181819,0.02692073293454323,0.19376641710462972,0.4860889597731701,0.16666666666666666,0.2790697674418605,0.0751937984496124,0.8356164383561644,0.05985604776731084,0.22308023440105634,0.7611764705882353,0.16666666666666666,0.5507246376811594,0.0823076923076923,1.6131585612968589,-0.596023538676495,0.5668896138097256,0.009433962264150943,0.0,-0.7777777777777778,-0.5603010348071497,2.4595888418037104,3.271085446759225,0.08547008547008547,0.6002611759863046,-1.2390085725027435,0.5958,6.33,0.107
CUST00118,52.0,1040852.64,53434.98,772.0,58,51.91,2019-07-18,1,Female,Secondary,Self-Employed,2,8.4,4.8,5.4,0,2019,7,18,Thursday,1.0,0,False,False,True,False,False,True,False,False,False,High,1,High_Missed,3,0.9145558277379973,-0.7341823914987077,0.6181818181818182,0.23075221994335454,0.04785183138029704,0.8025366446419078,0.3333333333333333,0.7441860465116279,0.3946511627906976,0.7123287671232876,0.2567885549862108,0.08247095175210051,0.908235294117647,0.3333333333333333,0.8405797101449275,0.3993076923076923,0.9703014184397161,1.866707350417989,-0.5658865754751844,1.1886792452830188,0.5,1.4444444444444444,0.9904045155221073,3.9685923569160404,7.204859471218019,0.0189000189000189,-1.0375663541740743,1.3676807603893824,0.0513,9.67,0.5191
CUST00119,47.0,499887.89,647902.42,606.0,46,30.17,2019-09-09,1,Male,Primary,Salaried,2,8.75,5.2,6.1,0,2019,9,9,Monday,0.0,1,False,True,False,False,False,False,True,False,False,Mid-High,0,High_Missed,1,-0.13562102795449424,5.3573001930084505,0.5272727272727272,0.09261546648802696,0.9999640570361208,0.38229411913622435,0.3333333333333333,0.4651162790697674,0.22612403100775197,0.6438356164383562,0.12332724537087775,0.9999653638850273,0.7129411764705882,0.3333333333333333,0.6666666666666666,0.2320769230769231,0.613158561296859,0.19771275764951063,6.825629861322834,-0.37735849056603776,0.5,0.1111111111111111,0.17234242709313274,3.4394560937792455,5.492722457943784,0.032082130253448825,2.6651064982360606,0.2264010812329024,1.2961,7.67,0.3017
CUST00120,27.0,301372.47,23759.42,544.0,54,8.13,2024-12-13,1,Female,Primary,Salaried,4,8.75,5.2,6.1,0,2024,12,13,Friday,0.0,0,False,True,False,False,False,False,False,True,False,Low,0,High_Missed,2,-0.5209997417839525,-1.0382665931927437,0.16363636363636364,0.041924038572213954,0.0003227968562481906,0.2253360674413305,0.6666666666666666,0.6511627906976745,0.055271317829457364,0.3698630136986301,0.0743515442146788,0.03667002365263151,0.64,0.6666666666666666,0.782608695652174,0.06253846153846154,-0.8154128672745696,-0.41475073939195745,-0.9348679102833377,-0.9622641509433962,1.5,1.0,-0.6570084666039512,2.211565694606877,2.8513154858766505,0.10952902519167579,-2.556610224456317,-0.7583395703425975,0.0788,9.0,0.0813
CUST00121,32.0,450034.25,69956.99,670.0,54,19.06,2022-03-22,1,Male,Graduate,Self-Employed,1,8.75,5.2,6.1,0,2022,3,22,Tuesday,2.0,1,False,True,False,False,False,False,False,True,False,Mid-High,0,Med_Missed,2,-0.23240208235780876,-0.564882057444999,0.2545454545454545,0.07988521007569944,0.07431384873385938,0.5443153337890179,0.16666666666666666,0.6511627906976745,0.14,0.4383561643835616,0.11102786341763338,0.10797083758639336,0.788235294117647,0.16666666666666666,0.782608695652174,0.1466153846153846,-0.4582700101317125,0.043903372491186816,-0.36045445208766763,0.22641509433962265,0.0,1.0,-0.24571966133584203,2.9987277825337895,4.365775990588615,0.04985044865403789,-0.5706823401426534,0.03657152923178113,0.1554,9.0,0.1906
CUST00122,37.0,137191.4937,175714.64,736.0,30,70.98,2022-06-11,0,Male,Post-Graduate,Self-Employed,0,8.4,4.8,5.4,0,2022,6,11,Saturday,3.0,1,False,False,True,False,False,False,False,False,True,Low,1,Low_Missed,0,-0.8397248739764982,0.5188120859270979,0.34545454545454546,0.0,0.24369764462624605,0.7113997113997113,0.0,0.09302325581395354,0.5424806201550387,0.5068493150684932,0.03384648707200554,0.2711960142509216,0.8658823529411764,0.0,0.43478260869565216,0.546,-0.10112715298885533,-0.9212849667702656,0.9545198521267598,0.8490566037735849,-0.5,-1.6666666666666667,1.7079962370649109,4.276388302650885,8.424962907930219,0.013892747985551542,0.8950406358689176,-2.699026891946865,1.2808,5.0,0.7098
CUST00123,29.0,257176.87,609338.66,679.0,51,10.88,2018-04-06,1,Male,Primary,Unemployed,1,8.75,5.2,6.1,0,2018,4,6,Friday,0.0,1,False,True,False,False,True,False,False,False,False,Low,0,Med_Missed,2,-0.6067968223579511,4.962138983787111,0.19999999999999996,0.0306385773642327,0.9381994844242767,0.5670995670995671,0.16666666666666666,0.5813953488372092,0.07658914728682172,0.3972602739726027,0.0634480562235751,0.9404464871054424,0.7988235294117647,0.16666666666666666,0.7391304347826086,0.0836923076923077,-0.6725557244174267,-0.551103833422869,6.346134018952166,0.3113207547169811,0.0,0.6666666666666666,-0.5535277516462842,2.474856313934499,3.2984845004941286,0.08417508417508417,2.589114809436281,-1.1060916759609578,2.3693,8.5,0.1088
CUST00124,44.0,450548.89,105952.65,642.0,34,72.33,2019-12-31,1,Male,Graduate,Unemployed,2,8.55,5.0,5.9,0,2019,12,31,Tuesday,2.0,1,False,False,False,True,False,False,False,False,True,Mid-High,0,High_Missed,0,-0.23140300983596032,-0.19603605974352548,0.47272727272727266,0.08001662473589358,0.1319652954750809,0.47343105237842065,0.3333333333333333,0.18604651162790697,0.5529457364341085,0.6027397260273972,0.11115483015323017,0.16352613748816208,0.7552941176470588,0.3333333333333333,0.4927536231884058,0.5563846153846154,0.39887284701114467,0.04549114947152129,0.08711003107964066,-0.03773584905660377,0.5,-1.2222222222222223,1.7587958607714018,4.294969802105708,8.504704580407246,0.013636983499249966,0.11410143164248791,0.038675821995147915,0.2352,5.67,0.7233
CUST00125,42.0,675249.6,23557.8763,534.0,41,34.72,2020-06-07,1,Male,Graduate,Self-Employed,2,8.4,4.8,5.4,0,2020,6,7,Sunday,2.0,1,False,False,True,False,False,False,False,True,False,High,0,High_Missed,1,0.20480930362747762,-1.0403318029182202,0.4363636363636363,0.13739453443981986,0.0,0.20002025265183154,0.3333333333333333,0.34883720930232565,0.2613953488372093,0.5753424657534246,0.16659069917814381,0.036358963355450906,0.6282352941176471,0.3333333333333333,0.5942028985507246,0.26707692307692305,0.2560157041540018,0.7387419943393946,-0.9373738735557469,-1.0566037735849056,0.5,-0.4444444444444444,0.3435559736594544,3.575710756008298,5.892367945062494,0.027995520716685332,-2.573538266726492,0.7313417485181425,0.0349,6.83,0.3472
CUST00126,26.0,488234.76,78014.33,645.0,54,30.55,2024-01-08,1,Male,Graduate,Self-Employed,2,8.55,5.0,5.9,1,2024,1,8,Monday,2.0,1,False,False,False,True,False,False,False,True,False,Mid-High,0,High_Missed,2,-0.1582432920158325,-0.48231883701453626,0.14545454545454545,0.08963980948672905,0.08721866303330307,0.48102579681527047,0.3333333333333333,0.6511627906976745,0.22906976744186047,0.3561643835616438,0.12045230390580498,0.1204064462156147,0.7588235294117647,0.3333333333333333,0.782608695652174,0.23500000000000001,-0.886841438703141,0.16176030241314235,-0.26027072958325237,-0.009433962264150943,0.5,1.0,0.1866415804327376,3.4515735889872223,5.527205442174192,0.03169572107765452,-0.3868644907356095,0.18441009893714572,0.1598,9.0,0.3055
CUST00127,51.0,365646.52,120929.54,749.0,50,33.27,2017-02-17,0,Male,Graduate,Self-Employed,1,8.55,5.0,5.9,0,2017,2,17,Friday,2.0,1,False,False,False,True,False,True,False,False,False,Mid-Low,1,Med_Missed,2,-0.3962242924933618,-0.04256850464062632,0.6,0.05833658411871287,0.1559526143958656,0.74431027062606,0.16666666666666666,0.558139534883721,0.2501550387596899,0.6986301369863014,0.09020858275051945,0.18664130235931045,0.8811764705882353,0.16666666666666666,0.7246376811594203,0.2559230769230769,0.8988728470111447,-0.21645123483952425,0.2733303707623588,0.9716981132075472,0.0,0.5555555555555556,0.28899341486359376,3.5342703358865175,5.768015256567895,0.02918004085205719,0.3237412351220567,-0.3606339276921804,0.3307,8.33,0.3327
CUST00128,39.0,732957.41,130505.93,551.0,44,18.67,2015-08-16,0,Male,Graduate,Salaried,2,8.75,5.2,6.1,0,2015,8,16,Sunday,2.0,1,False,True,False,False,False,False,False,False,True,High,0,High_Missed,1,0.3168376870936827,0.05556035655898537,0.38181818181818183,0.1521303735539523,0.17129037283836024,0.24305713779397986,0.3333333333333333,0.4186046511627908,0.13697674418604655,0.5342465753424658,0.18082778190420465,0.20142139580463966,0.648235294117647,0.3333333333333333,0.6376811594202898,0.14361538461538462,0.04172998986828753,0.9167832120906637,0.39240172661355255,-0.8962264150943396,0.5,-0.1111111111111111,-0.2603951081843838,2.979094632400968,4.32087954009366,0.05083884087442806,0.44277620567527476,0.8597411052880365,0.1781,7.33,0.1867
CUST00129,19.0,214116.03,647924.8616000001,630.0,51,11.32,2020-10-21,1,Male,Graduate,Self-Employed,1,9.1,5.6,7.2,0,2020,10,21,Wednesday,2.0,1,True,False,False,False,False,False,False,True,False,Low,0,Med_Missed,2,-0.6903909891769119,5.357530151129569,0.018181818181818188,0.01964288006850446,1.0,0.44305207463102203,0.16666666666666666,0.5813953488372092,0.08,0.2602739726027397,0.05282452465421441,1.0,0.7411764705882353,0.16666666666666666,0.7391304347826086,0.08707692307692308,-1.3868414387031411,-0.6839559446187806,6.825908896715029,-0.1509433962264151,0.0,0.6666666666666666,-0.5369708372530575,2.511223958105374,3.3645207682521443,0.08116883116883117,2.665149200562096,-1.5336854216104987,3.026,8.5,0.1132
CUST00130,37.0,496129.08,87015.83,619.0,57,25.03,2024-05-06,1,Male,Post-Graduate,Salaried,3,8.55,5.0,5.9,0,2024,5,6,Monday,3.0,1,False,False,False,True,False,False,False,True,False,Mid-High,0,High_Missed,3,-0.14291801961050415,-0.39008084920406644,0.34545454545454546,0.09165564459527811,0.10163566491189359,0.41520467836257313,0.5,0.7209302325581395,0.18627906976744185,0.5068493150684932,0.12239991007741323,0.13429926085120608,0.7282352941176471,0.5,0.8260869565217391,0.19253846153846155,-0.10112715298885533,0.1861160065391211,-0.14834746730022919,-0.25471698113207547,1.0,1.3333333333333333,-0.02107243650047032,3.259249719006474,5.002999100539595,0.038417210910487894,-0.20560812021441524,0.21300359099175767,0.1754,9.5,0.2503
CUST00131,41.0,457250.77,89375.91,594.0,51,31.38,2023-06-07,1,Male,Secondary,Self-Employed,0,9.1,5.6,7.2,0,2023,6,7,Wednesday,1.0,1,True,False,False,False,False,False,False,True,False,Mid-High,0,Low_Missed,2,-0.2183926255814809,-0.36589720978044443,0.4181818181818181,0.08172796719443119,0.10541562134066924,0.3519151413888255,0.0,0.5813953488372092,0.23550387596899225,0.5616438356164384,0.11280824968136914,0.13794178198270265,0.6988235294117647,0.0,0.7391304347826086,0.24138461538461536,0.1845871327254304,0.06616791534468255,-0.11900259668434099,-0.49056603773584906,-0.5,0.6666666666666666,0.2178739416745061,3.477540948249489,5.601785429664367,0.03088326127239037,-0.16162125074535072,0.06578314202936848,0.1955,8.5,0.3138
CUST00132,49.0,1042560.39,44388.23,670.0,38,35.88,2024-04-26,0,Female,Post-Graduate,Unemployed,0,8.4,4.8,5.4,0,2024,4,26,Friday,3.0,0,False,False,True,False,True,False,False,False,False,High,0,Low_Missed,0,0.9178710890841549,-0.8268840541354202,0.5636363636363636,0.23118829833979965,0.03336235609893963,0.5443153337890179,0.0,0.2790697674418605,0.2703875968992248,0.6712328767123288,0.25720987366084824,0.06850829877153768,0.788235294117647,0.0,0.5507246376811594,0.276,0.7560157041540018,1.8719761327477071,-0.6783724692772107,0.22641509433962265,-0.5,-0.7777777777777778,0.3872060206961432,3.607669398688393,5.989991652748775,0.027114967462039043,-1.3697220960625482,1.3699064196566793,0.0426,6.33,0.3588
CUST00133,34.0,394325.47,87315.83,685.0,59,34.87,2019-07-10,0,Male,Primary,Salaried,0,8.4,4.8,5.4,0,2019,7,10,Wednesday,0.0,1,False,False,True,False,True,False,False,False,False,Mid-Low,0,Low_Missed,3,-0.34054974154422485,-0.38700676195825845,0.2909090909090909,0.06565982846228177,0.10211615156007191,0.5822890559732665,0.0,0.7674418604651163,0.26255813953488366,0.4657534246575342,0.09728396099908859,0.1347622775029505,0.8058823529411765,0.0,0.855072463768116,0.2682307692307692,-0.31541286727456963,-0.1279704004112598,-0.14461731358308128,0.36792452830188677,-0.5,1.5555555555555556,0.3492003762935089,3.579901291544191,5.90508255657785,0.027878449958182328,-0.1999415005452215,-0.21272112457483758,0.2214,9.83,0.3487
CUST00134,47.0,406037.05,46307.3,685.0,48,41.46,2017-08-17,0,Male,Graduate,Self-Employed,1,8.75,5.2,6.1,0,2017,8,17,Thursday,2.0,1,False,True,False,False,True,False,False,False,False,Mid-Low,0,Med_Missed,2,-0.3178140082832479,-0.807219425432711,0.5272727272727272,0.06865041082283732,0.036435981138671525,0.5822890559732665,0.16666666666666666,0.5116279069767442,0.3136434108527132,0.6438356164383562,0.10017332265243985,0.07147016999108156,0.8058823529411765,0.16666666666666666,0.6956521739130435,0.3189230769230769,0.613158561296859,-0.09183761413863206,-0.6545110489639873,0.36792452830188677,0.0,0.3333333333333333,0.5971777986829728,3.74856245627511,6.438944012802099,0.023551577955723033,-1.293146722328341,-0.15647181676655378,0.114,8.0,0.4146
CUST00135,40.0,678391.53,32574.27,572.0,31,91.2,2022-08-02,1,Male,Primary,Unemployed,2,8.4,4.8,5.4,0,2022,8,2,Tuesday,0.0,1,False,False,True,False,False,False,False,True,False,High,0,High_Missed,0,0.21090874387419603,-0.9479411999970409,0.4,0.13819683442292208,0.014440855958563766,0.2962203488519277,0.3333333333333333,0.11627906976744184,0.6992248062015504,0.547945205479452,0.1673658441252401,0.050274764761395904,0.6729411764705883,0.3333333333333333,0.4492753623188406,0.7015384615384616,0.11315856129685896,0.7484355357038868,-0.8252654253046666,-0.6981132075471698,0.5,-1.5555555555555556,2.468861712135466,4.523960130562548,9.549869109050658,0.010845986984815618,-1.9440150970990469,0.7387128368416797,0.048,5.17,0.912
CUST00136,24.0,227937.25,51477.1,518.0,52,29.44,2015-06-08,1,Male,Secondary,Salaried,0,8.55,5.0,5.9,0,2015,6,8,Monday,1.0,1,False,False,False,True,True,False,False,False,False,Low,0,Low_Missed,2,-0.6635598040369668,-0.7542447046214498,0.10909090909090907,0.023172164480458918,0.04471604738451246,0.15951494898863317,0.0,0.6046511627906976,0.22046511627906978,0.3287671232876712,0.05623435518694623,0.07944918161170927,0.6094117647058823,0.0,0.7536231884057971,0.22646153846153846,-1.029698581560284,-0.641314457450784,-0.5902305533409496,-1.2075471698113207,-0.5,0.7777777777777778,0.14487300094073385,3.415757532993485,5.4258639865002145,0.0328515111695138,-1.1036976686532716,-1.3845126383916126,0.2258,8.67,0.2944
CUST00137,22.0,396154.04,244070.15,671.0,41,56.53,2025-04-17,0,Female,Primary,Salaried,1,8.55,5.0,5.9,0,2025,4,17,Thursday,0.0,0,False,False,False,True,False,True,False,False,False,Mid-Low,0,Med_Missed,1,-0.3369999318883949,1.219248090832774,0.0727272727272727,0.06612675855941991,0.35317734424097835,0.5468469152679678,0.16666666666666666,0.34883720930232565,0.43046511627906975,0.3013698630136986,0.09773508715273042,0.3766951454791961,0.7894117647058824,0.16666666666666666,0.5942028985507246,0.4348461538461539,-1.1725557244174267,-0.12232886195150124,1.8044417178402314,0.2358490566037736,0.0,-0.4444444444444444,1.164252116650988,4.052306550875202,7.518643494673757,0.01738223535546671,1.372627180692656,-0.2037896967949708,0.6161,6.83,0.5653
CUST00138,50.0,352264.47,83923.7,610.0,47,36.83,2023-03-16,0,Male,Secondary,Unemployed,1,8.75,5.2,6.1,0,2023,3,16,Thursday,1.0,1,False,True,False,False,False,False,False,True,False,Mid-Low,0,Med_Missed,1,-0.4222029152995978,-0.42176577385533437,0.5818181818181818,0.05491944290650473,0.09668324098045482,0.3924204450520239,0.16666666666666666,0.4883720930232558,0.2777519379844961,0.684931506849315,0.08690709976417352,0.12952690192001112,0.7176470588235294,0.16666666666666666,0.6811594202898551,0.2833076923076923,0.8274442755825733,-0.25773778648666484,-0.18679453467824453,-0.33962264150943394,0.0,0.2222222222222222,0.4229539040451552,3.6331024386449378,6.068772528279504,0.026434047052603753,-0.2653505084871701,-0.4351797110686214,0.2382,7.83,0.3683
CUST00139,51.0,412728.01,112637.1,797.0,50,97.65,2020-10-16,0,Female,Secondary,Unemployed,1,9.1,5.6,7.2,0,2020,10,16,Friday,1.0,0,True,False,False,False,False,False,False,True,False,Mid-Low,1,Med_Missed,2,-0.3048248230648686,-0.12754078477605385,0.6,0.07035896483102264,0.1426712587264662,0.8658261816156552,0.16666666666666666,0.558139534883721,0.7492248062015504,0.6986301369863014,0.10182404810947528,0.17384284301400543,0.9376470588235294,0.16666666666666666,0.7246376811594203,0.7511538461538462,0.8988728470111447,-0.0711945388542809,0.17022345112827209,1.4245283018867925,0.0,0.5555555555555556,2.711571025399812,4.591578232468624,9.881801455200362,0.01013684744044602,0.21160290641016843,-0.12531902680096715,0.2729,8.33,0.9765
CUST00140,42.0,676172.31,72540.64,801.0,49,26.36,2017-04-19,0,Male,Secondary,Salaried,0,8.4,4.8,5.4,0,2017,4,19,Wednesday,1.0,1,False,False,True,False,False,False,True,False,False,High,1,Low_Missed,2,0.2066005639388308,-0.538407505736226,0.4363636363636363,0.13763015083401334,0.0784518798290791,0.8759525075314549,0.0,0.5348837209302326,0.1965891472868217,0.5753424657534246,0.16681834078509727,0.11195841416065827,0.9423529411764706,0.0,0.7101449275362319,0.20276923076923076,0.2560157041540018,0.7415887565372893,-0.32832974658330366,1.4622641509433962,-0.5,0.4444444444444444,0.028974600188146744,3.3090820927543496,5.134199061197374,0.03654970760233918,-0.5092083410812347,0.7335113033344391,0.1073,8.17,0.2636
CUST00141,54.0,583663.99,33714.03,809.0,43,24.21,2017-11-16,1,Male,Graduate,Salaried,1,8.55,5.0,5.9,0,2017,11,16,Thursday,2.0,1,False,False,False,True,False,True,False,False,False,Mid-High,1,Med_Missed,1,0.027013822616046113,-0.9362621277327671,0.6545454545454545,0.1140079111364978,0.016266320832322843,0.896205159363054,0.16666666666666666,0.39534883720930236,0.17992248062015503,0.7397260273972602,0.14399563091811554,0.052033857624703306,0.951764705882353,0.16666666666666666,0.6231884057971014,0.18623076923076923,1.1131585612968589,0.45618035263279055,-0.8110938253024784,1.5377358490566038,0.0,-0.2222222222222222,-0.05192850423330195,3.2272407411998283,4.920365840057018,0.03966679888932963,-1.8789170305725087,0.4934653756151202,0.0578,7.17,0.2421
CUST00142,50.0,304266.38,173107.47,575.0,46,54.12,2026-06-13,1,Male,Secondary,Self-Employed,0,8.75,5.2,6.1,0,2026,6,13,Saturday,1.0,1,False,True,False,False,False,False,False,False,True,Low,0,Low_Missed,1,-0.515381783674007,0.4920965257782534,0.5818181818181818,0.04266300600436533,0.23952194337780913,0.30381509328877754,0.0,0.4651162790697674,0.4117829457364341,0.684931506849315,0.07506550019519123,0.2671721371711599,0.6764705882352942,0.0,0.6666666666666666,0.41630769230769227,0.8274442755825733,-0.40582239398320635,0.9221027025709713,-0.6698113207547169,-0.5,0.1111111111111111,1.073565380997178,4.009512626705403,7.356629663099808,0.018142235123367198,0.8727710052066632,-0.7380162129945832,0.5689,7.67,0.5412
CUST00143,46.0,473709.53,26814.05,696.0,38,54.17,2015-03-03,0,Female,Graduate,Salaried,1,8.55,5.0,5.9,0,2015,3,3,Tuesday,2.0,0,False,False,False,True,False,True,False,False,False,Mid-High,0,Med_Missed,0,-0.18644117435402596,-1.0069659294472018,0.509090909090909,0.08593075429340652,0.005215159956664675,0.6101364522417154,0.16666666666666666,0.2790697674418605,0.4121705426356589,0.6301369863013698,0.1168687872011326,0.041384505502358386,0.8188235294117647,0.16666666666666666,0.5507246376811594,0.4166923076923077,0.5417299898682876,0.1169467903890808,-0.8968871121199659,0.4716981132075472,0.0,-0.7777777777777778,1.075446848541863,4.01041932728434,7.360027173862879,0.0181257930034439,-2.3185039534046963,0.13011582418343895,0.0566,6.33,0.5417
CUST00144,28.0,932123.7,70765.32,720.0,49,19.93,2015-02-08,0,Male,Post-Graduate,Salaried,0,8.55,5.0,5.9,0,2015,2,8,Sunday,3.0,1,False,False,False,True,False,True,False,False,False,High,1,Low_Missed,2,0.7034799372442495,-0.5565991343003189,0.18181818181818177,0.20298800281416246,0.07560848797493265,0.6708944077365129,0.0,0.5348837209302326,0.14674418604651163,0.3835616438356164,0.22996405907314624,0.10921840508674192,0.8470588235294118,0.0,0.7101449275362319,0.1533076923076923,-0.7439842958459982,1.5312547854635286,-0.350403801573727,0.6981132075471698,-0.5,0.4444444444444444,-0.21298212605832553,3.0411835364579085,4.464302857109943,0.047778308647873864,-0.5511738422170798,1.2148064866137576,0.0759,8.17,0.1993
CUST00145,57.0,291943.96,95533.39,711.0,52,35.88,2018-12-29,0,Male,Graduate,Salaried,0,8.75,5.2,6.1,0,2018,12,29,Saturday,2.0,1,False,True,False,False,True,False,False,False,False,Low,1,Low_Missed,2,-0.5393033428700956,-0.30280177399938446,0.7090909090909091,0.03951644406384518,0.11527757776208607,0.6481101744259639,0.0,0.6046511627906976,0.2703875968992248,0.7808219178082192,0.07202543832271216,0.14744516789198014,0.8364705882352941,0.0,0.7536231884057971,0.276,1.3274442755825733,-0.4438397552804482,-0.04244144031679456,0.6132075471698113,-0.5,0.7777777777777778,0.3872060206961432,3.607669398688393,5.989991652748775,0.027114967462039043,-0.05284589527095973,-0.8264443069840385,0.3272,8.67,0.3588
CUST00146,44.0,475719.37,113356.59,622.0,48,41.76,2017-08-22,1,Male,Secondary,Salaried,0,8.75,5.2,6.1,0,2017,8,22,Tuesday,1.0,1,False,True,False,False,True,False,False,False,False,Mid-High,0,Low_Missed,2,-0.18253946458154086,-0.12016820133443257,0.47272727272727266,0.08644397215568803,0.1438236098547922,0.42279942279942273,0.0,0.5116279069767442,0.31596899224806196,0.6027397260273972,0.11736463444167326,0.17495329584988406,0.731764705882353,0.0,0.6956521739130435,0.3212307692307692,0.39887284701114467,0.12314758645265009,0.17916947878810782,-0.22641509433962265,-0.5,0.3333333333333333,0.6084666039510819,3.7556030861568446,6.4621977685614045,0.023386342376052388,0.22170132014877292,0.1377628728531012,0.2383,8.0,0.4176
CUST00147,34.0,588245.1,63838.92,752.0,56,40.12,2022-10-11,0,Male,Secondary,Salaried,1,8.55,5.0,5.9,1,2022,10,11,Tuesday,1.0,1,False,False,False,True,False,False,False,True,False,Mid-High,1,Med_Missed,3,0.035907148281685904,-0.6275736606315347,0.2909090909090909,0.11517770946923897,0.06451501224179157,0.7519050150629096,0.16666666666666666,0.6976744186046513,0.30325581395348833,0.4657534246575342,0.1451258356867107,0.0985282766312667,0.8847058823529412,0.16666666666666666,0.8115942028985508,0.30861538461538457,-0.31541286727456963,0.4703140791258339,-0.4365255905952382,1.0,0.0,1.2222222222222223,0.5467544684854186,3.7164946211469094,6.334035048845246,0.024319066147859923,-0.7272480526729154,0.5065469827186282,0.1085,9.33,0.4012
CUST00148,31.0,428693.5,32768.5,650.0,43,33.31,2015-06-26,1,Male,Post-Graduate,Self-Employed,2,8.75,5.2,6.1,0,2015,6,26,Friday,3.0,1,False,True,False,False,False,False,True,False,False,Mid-Low,0,High_Missed,1,-0.2738309586997877,-0.94595093344453,0.23636363636363633,0.07443579415478818,0.014751939030816015,0.49368370421001995,0.3333333333333333,0.39534883720930236,0.25046511627906975,0.4246575342465753,0.10576289108223923,0.05057453717562363,0.7647058823529411,0.3333333333333333,0.6231884057971014,0.25623076923076926,-0.5296985815602839,-0.021937509665411935,-0.8228503994497279,0.03773584905660377,0.5,-0.2222222222222222,0.2904985888993416,3.5354368568703585,5.771481612203231,0.029146021568055958,-1.9327389902664862,-0.05368840618130469,0.0764,7.17,0.3331
CUST00149,41.0,195765.19,61043.62,691.4,49,4.54,2024-01-11,1,Male,Primary,Self-Employed,1,8.4,4.8,5.4,0,2024,1,11,Thursday,0.0,1,False,False,True,False,False,False,False,True,False,Low,0,Med_Missed,2,-0.7260155422564167,-0.6562169808922252,0.4181818181818181,0.014956945428995762,0.06003799781628204,0.5984911774385457,0.16666666666666666,0.5348837209302326,0.027441860465116277,0.5616438356164384,0.04829719244090211,0.0942140418091961,0.8134117647058823,0.16666666666666666,0.7101449275362319,0.034923076923076925,0.1845871327254304,-0.7405723003660997,-0.47128191954705,0.4283018867924526,0.0,0.4444444444444444,-0.7920978363123238,1.7119945007591924,2.130727575266252,0.18050541516245489,-0.8046027983302138,-1.7533582070215643,0.3118,8.17,0.0454
CUST00150,20.0,895718.46,62990.88,527.0,48,40.53,2023-12-30,1,Male,Secondary,Salaried,0,8.55,5.0,5.9,0,2023,12,30,Saturday,1.0,1,False,False,False,True,False,True,False,False,False,High,0,Low_Missed,2,0.6328063111458199,-0.6362634904579848,0.036363636363636376,0.193691830258812,0.06315677258472109,0.18229918229918218,0.0,0.5116279069767442,0.30643410852713177,0.273972602739726,0.2209825293020096,0.09721942116011557,0.62,0.0,0.6956521739130435,0.3117692307692308,-1.3154128672745695,1.4189366562167731,-0.44706998912287194,-1.1226415094339623,-0.5,0.3333333333333333,0.5621825023518345,3.726416057642662,6.366317616958802,0.024078979051288224,-0.7502998710590886,1.158081595821132,0.0703,8.0,0.4053
CUST00151,46.0,300386.14,62077.81,702.0,44,41.86,2017-08-21,1,Female,Post-Graduate,Salaried,0,9.1,5.6,7.2,0,2017,8,21,Monday,3.0,0,True,False,False,False,True,False,False,False,False,Low,1,Low_Missed,1,-0.5229145078349292,-0.6456196799297513,0.509090909090909,0.041672176645839665,0.06169437943854715,0.6253259411154146,0.0,0.4186046511627908,0.3167441860465116,0.6301369863013698,0.07410820692973946,0.09581019911275464,0.8258823529411765,0.0,0.6376811594202898,0.322,0.5417299898682876,-0.4177937832070771,-0.4584229606379261,0.5283018867924528,-0.5,-0.1111111111111111,0.6122295390404516,3.7579389900454307,6.469930447848725,0.02333177788147457,-0.7755197453759214,-0.7653272563751766,0.2067,7.33,0.4186
CUST00152,28.0,738987.28,176669.34,629.0,50,34.29,2021-08-26,1,Female,Post-Graduate,Salaried,1,8.4,4.8,5.4,0,2021,8,26,Thursday,3.0,0,False,False,True,False,False,False,True,False,False,High,0,Med_Missed,2,0.3285434958674235,0.5285948562390075,0.18181818181818177,0.15367011651420562,0.24522671330296553,0.4405204931520721,0.16666666666666666,0.558139534883721,0.2580620155038759,0.3835616438356164,0.18231540997425952,0.27266948757565623,0.74,0.16666666666666666,0.7246376811594203,0.26376923076923076,-0.7439842958459982,0.9353866801079362,0.9663904446392967,-0.16037735849056603,0.0,0.5555555555555556,0.32737535277516466,3.5635996376871786,5.85576638878294,0.028336639274582034,0.9031009790040785,0.8723605313297182,0.2391,8.33,0.3429
CUST00153,42.0,324263.49,47659.55,687.0,46,18.21,2022-09-20,0,Male,Secondary,Salaried,2,8.4,4.8,5.4,0,2022,9,20,Tuesday,1.0,1,False,False,True,False,False,True,False,False,False,Mid-Low,0,High_Missed,1,-0.47656132059810996,-0.7933629771722313,0.4363636363636363,0.047769319962694526,0.03860177470533531,0.5873522189311662,0.3333333333333333,0.4651162790697674,0.13341085271317832,0.5753424657534246,0.07999898336414424,0.07355721754881955,0.808235294117647,0.3333333333333333,0.6666666666666666,0.14007692307692307,0.2560157041540018,-0.3441269351552579,-0.637697381083943,0.3867924528301887,0.5,0.1111111111111111,-0.2777046095954845,2.955430976780465,4.267317658670374,0.052056220718375845,-1.2413378054078623,-0.6044355831185549,0.147,7.67,0.1821
CUST00154,32.0,323594.89,118253.7,669.0,46,66.27,2024-10-01,1,Male,Graduate,Salaried,1,8.75,5.2,6.1,0,2024,10,1,Tuesday,2.0,1,False,True,False,False,False,False,False,True,False,Mid-Low,0,Med_Missed,1,-0.47785927623332647,-0.0699877233600361,0.2545454545454545,0.0475985912167638,0.1516669297536607,0.5417837523100679,0.16666666666666666,0.4651162790697674,0.5059689922480619,0.4383561643835616,0.07983403318650548,0.1825114407679645,0.7870588235294118,0.16666666666666666,0.6666666666666666,0.5097692307692308,-0.4582700101317125,-0.3461897124151902,0.24005938902071525,0.2169811320754717,0.0,0.1111111111111111,1.5307619943555972,4.208714372037514,8.140638795573723,0.014865467518953472,0.28854291449171204,-0.6087188412487949,0.3654,7.67,0.6627
CUST00155,35.0,353097.46,108551.31,651.6,42,11.13,2023-06-03,1,Male,Graduate,Salaried,2,8.55,5.0,5.9,1,2023,6,3,Saturday,2.0,1,False,False,False,True,False,False,True,False,False,Mid-Low,0,High_Missed,1,-0.42058582875371225,-0.16940770120288717,0.3090909090909091,0.05513214906575219,0.13612736691893113,0.4977342345763398,0.3333333333333333,0.37209302325581395,0.07852713178294574,0.4794520547945205,0.08711260656715188,0.1675368803289026,0.7665882352941177,0.3333333333333333,0.6086956521739131,0.08561538461538462,-0.24398429584599818,-0.2551678301155144,0.11942136860831938,0.0528301886792455,0.5,-0.3333333333333333,-0.5441204139228599,2.495681722955959,3.3361654635224554,0.08244023083264633,0.15282105490894865,-0.4304274519600107,0.3074,7.0,0.1113
CUST00156,30.0,727189.44,175654.28,646.0,54,54.84,2026-01-24,1,Female,Graduate,Salaried,2,8.4,4.8,5.4,0,2026,1,24,Saturday,2.0,0,False,False,True,False,False,True,False,False,False,High,0,High_Missed,2,0.30564030575168455,0.5181935795732412,0.21818181818181814,0.15065750743868744,0.2436009707126326,0.4835573782942204,0.3333333333333333,0.6511627906976745,0.4173643410852713,0.410958904109589,0.17940476713286888,0.2711028553005906,0.76,0.3333333333333333,0.782608695652174,0.42184615384615387,-0.6011271529888553,0.8989877628654582,0.9537693451988696,0.0,0.5,1.0,1.10065851364064,4.022490458454117,7.405403432629448,0.01790830945558739,0.8945293450143434,0.8475366361559151,0.2416,9.0,0.5484
CUST00157,36.0,491065.57,91137.16,713.0,47,11.0,2016-05-01,1,Male,Primary,Salaried,0,8.75,5.2,6.1,0,2016,5,1,Sunday,0.0,1,False,True,False,False,False,False,False,False,True,Mid-High,1,Low_Missed,1,-0.15274783016760143,-0.3478497559081798,0.32727272727272727,0.09036266417004968,0.10823647837101612,0.6531733373838635,0.0,0.4883720930232558,0.07751937984496124,0.4931506849315068,0.12115069249743167,0.14066007557565222,0.8388235294117647,0.0,0.6811594202898551,0.08461538461538462,-0.17255572441742675,0.1704939705184208,-0.09710348590325177,0.6320754716981132,-0.5,0.2222222222222222,-0.5490122295390405,2.4849066497880004,3.3166247903554,0.08333333333333333,-0.1296525099234966,0.19473541835587801,0.1856,7.83,0.11
CUST00158,59.0,647306.56,158685.35,615.0,43,50.29,2022-01-05,1,Female,Secondary,Salaried,1,8.4,4.8,5.4,0,2022,1,5,Wednesday,1.0,0,False,False,True,False,False,False,True,False,False,Mid-High,0,Med_Missed,1,0.15056337746373138,0.3443136752798774,0.7454545454545455,0.13025920662544313,0.21642315638305737,0.40507835244677337,0.16666666666666666,0.39534883720930236,0.3820930232558139,0.8082191780821918,0.15969687714439093,0.2449131981263057,0.7235294117647059,0.16666666666666666,0.6231884057971014,0.38684615384615384,1.470301418439716,0.6525316032454959,0.7427802874804603,-0.29245283018867924,0.0,-0.2222222222222222,0.9294449670743181,3.937495801401177,7.091544260596559,0.019496977968414896,0.7422229419359073,0.6636608537029862,0.2451,7.17,0.5029
CUST00159,53.0,382974.47,89024.59,534.0,36,11.46,2023-11-19,0,Female,Graduate,Self-Employed,5,8.55,5.0,5.9,0,2023,11,19,Sunday,2.0,0,False,False,False,True,True,False,False,False,False,Mid-Low,0,High_Missed,0,-0.36258547952708875,-0.3694971708844354,0.6363636363636364,0.0627613211409241,0.10485293944320921,0.20002025265183154,0.8333333333333333,0.2325581395348837,0.08108527131782946,0.726027397260274,0.09448355796831137,0.13739955861573314,0.6282352941176471,0.8333333333333334,0.5217391304347826,0.08815384615384617,1.0417299898682875,-0.16299071850502653,-0.12337085536403576,-1.0566037735849056,2.0,-1.0,-0.5317027281279398,2.522523513359307,3.3852621759621515,0.08025682182985554,-0.16808435356007198,-0.26945551275386276,0.2325,6.0,0.1146
CUST00160,42.0,440566.28,128108.84,696.0,34,48.29,2017-08-30,0,Female,Secondary,Self-Employed,1,8.75,5.2,6.1,0,2017,8,30,Wednesday,1.0,0,False,True,False,False,False,True,False,False,False,Mid-High,0,Med_Missed,0,-0.250782287286856,0.030997477238805547,0.4363636363636363,0.07746753935387804,0.16745114037342101,0.6101364522417154,0.16666666666666666,0.18604651162790697,0.3665891472868217,0.5753424657534246,0.10869202235664248,0.19772175385220622,0.8188235294117647,0.16666666666666666,0.4927536231884058,0.37146153846153845,0.2560157041540018,0.014692613870603638,0.36259667936742557,0.4716981132075472,0.0,-1.2222222222222223,0.8541862652869239,3.8977212207172864,6.949100661236676,0.02028809089064719,0.413940901829563,-0.0027368475426194695,0.2908,5.67,0.4829
CUST00161,38.0,317803.26,40064.08,585.0,61,76.29,2017-07-05,1,Male,Graduate,Unemployed,1,8.55,5.0,5.9,0,2017,7,5,Wednesday,2.0,1,False,False,False,True,True,False,False,False,False,Low,0,Med_Missed,3,-0.4891025888202082,-0.8711934353486228,0.36363636363636365,0.0461196834590689,0.02643670163320533,0.3291309080782765,0.16666666666666666,0.8139534883720931,0.5836434108527132,0.5205479452054794,0.07840518126111208,0.06183445392273553,0.6882352941176471,0.16666666666666666,0.8840579710144928,0.5868461538461539,-0.0296985815602839,-0.36405815791615065,-0.7321382832638946,-0.5754716981132075,0.0,1.7777777777777777,1.9078080903104426,4.34756458111878,8.734414691323055,0.012938284383490747,-1.5571036731722345,-0.6463338224054592,0.1261,10.17,0.7629
CUST00162,47.0,695253.96,23557.8763,544.0,47,76.49,2016-01-24,1,Female,Secondary,Self-Employed,1,9.1,5.6,7.2,0,2016,1,24,Sunday,1.0,0,True,False,False,False,False,False,False,True,False,High,0,Med_Missed,1,0.24364384115499793,-1.0403318029182202,0.5272727272727272,0.1425026997044727,0.0,0.2253360674413305,0.16666666666666666,0.4883720930232558,0.5851937984496124,0.6438356164383562,0.17152597099320493,0.036358963355450906,0.64,0.16666666666666666,0.6811594202898551,0.5883846153846154,0.613158561296859,0.8004598210033206,-0.9373738735557469,-0.9622641509433962,0.0,0.2222222222222222,1.9153339604891815,4.350148895775859,8.74585616163449,0.012904890953671443,-2.573538266726492,0.7774924686950945,0.0339,7.83,0.7649
CUST00163,50.0,312791.88,123813.06,568.0,57,65.5,2026-05-01,0,Male,Post-Graduate,Salaried,1,8.55,5.0,5.9,0,2026,5,1,Friday,3.0,1,False,False,False,True,False,False,False,True,False,Low,0,Med_Missed,3,-0.4988311992168749,-0.01302119779051843,0.5818181818181818,0.04484001456468907,0.1605709239283828,0.2860940229361282,0.16666666666666666,0.7209302325581395,0.5,0.684931506849315,0.07716882466342233,0.1910916949447707,0.668235294117647,0.16666666666666666,0.8260869565217391,0.5038461538461538,0.8274442755825733,-0.3795193614831263,0.3091836135839267,-0.7358490566037735,0.0,1.3333333333333333,1.5017873941674507,4.197201947661808,8.093207028119323,0.015037593984962405,0.36068739443455144,-0.6796434616784377,0.3958,9.5,0.655
CUST00164,29.0,929663.69,127862.39,673.0,43,26.24,2024-12-15,0,Male,Graduate,Salaried,1,8.55,5.0,5.9,0,2024,12,15,Sunday,2.0,1,False,False,False,True,False,False,False,True,False,High,0,Med_Missed,1,0.6987043107976612,0.028472114566374284,0.19999999999999996,0.2023598328735746,0.16705642059194253,0.5519100782258677,0.16666666666666666,0.39534883720930236,0.19565891472868213,0.3972602739726027,0.2293571504783315,0.1973413856727982,0.7917647058823529,0.16666666666666666,0.6231884057971014,0.20184615384615384,-0.6725557244174267,1.5236651164727923,0.3595323580887886,0.25471698113207547,0.0,-0.2222222222222222,0.024459078080903054,3.3046864812813115,5.122499389946279,0.03671071953010279,0.41094132775525316,1.2110691673336842,0.1375,7.17,0.2624
CUST00165,37.0,377785.9,131308.05,642.0,26,15.79,2016-05-22,1,Male,Graduate,Salaried,2,8.55,5.0,5.9,0,2016,5,22,Sunday,2.0,1,False,False,False,True,False,False,False,True,False,Mid-Low,0,High_Missed,0,-0.37265806952142816,0.0637796460976771,0.34545454545454546,0.06143640631999407,0.17257506600581618,0.47343105237842065,0.3333333333333333,0.0,0.11465116279069766,0.5068493150684932,0.09320348685973946,0.2026593788602971,0.7552941176470588,0.3333333333333333,0.37681159420289856,0.12146153846153845,-0.10112715298885533,-0.1789985919832904,0.4023751629455481,-0.03773584905660377,0.5,-2.111111111111111,-0.3687676387582315,2.8207834710894493,3.9736632972611052,0.05955926146515784,0.45229005818753387,-0.2961581941827261,0.3476,4.33,0.1579
CUST00166,18.0,446973.36,72044.59,479.0,52,23.14,2017-10-25,1,Male,Graduate,Salaried,1,8.55,5.0,5.9,0,2017,10,25,Wednesday,2.0,1,False,False,False,True,False,False,False,False,True,Mid-High,0,Med_Missed,2,-0.23834419935493398,-0.5434905089971697,0.0,0.07910360386700677,0.07765739515631624,0.06078327130958705,0.16666666666666666,0.6046511627906976,0.17162790697674418,0.2465753424657534,0.11027271183337863,0.11119281612699887,0.5635294117647058,0.16666666666666666,0.7536231884057971,0.178,-1.4582700101317125,0.034459857254641124,-0.33449755575460777,-1.5754716981132075,0.0,0.7777777777777778,-0.09219190968955784,3.1838702156693857,4.810405388322278,0.041425020712510356,-0.520814800712225,0.023987831993337816,0.1612,8.67,0.2314
CUST00167,50.0,646522.97,241308.95,619.0,61,52.04,2020-04-07,1,Female,Secondary,Salaried,1,8.75,5.2,6.1,0,2020,4,7,Tuesday,1.0,0,False,True,False,False,True,False,False,False,False,Mid-High,0,Med_Missed,3,0.14904219131925125,1.1909541918223572,0.5818181818181818,0.13005911488445618,0.34875494513114513,0.41520467836257313,0.16666666666666666,0.8139534883720931,0.39565891472868214,0.684931506849315,0.1595035578059285,0.3724335402165404,0.7282352941176471,0.16666666666666666,0.8840579710144928,0.4003076923076923,0.8274442755825733,0.6501140566808674,1.7701093830276018,-0.25471698113207547,0.0,1.7777777777777777,0.995296331138288,3.971046345877607,7.213875518748574,0.01885369532428356,1.3564661482117075,0.6617057096800927,0.3732,10.17,0.5204
CUST00168,61.0,447723.98,74912.3,744.0,47,40.08,2025-04-08,1,Female,Graduate,Salaried,3,8.55,5.0,5.9,0,2025,4,8,Tuesday,2.0,0,False,False,False,True,False,False,True,False,False,Mid-High,1,High_Missed,1,-0.23688701799252565,-0.5141052065449158,0.7818181818181819,0.07929527663289149,0.08225038304247442,0.7316523632313106,0.5,0.4883720930232558,0.3029457364341085,0.8356164383561644,0.11045789714947077,0.1156188077349122,0.8752941176470588,0.5,0.6811594202898551,0.3083076923076923,1.6131585612968589,0.03677568415690022,-0.29884089203393355,0.9245283018867925,1.0,0.2222222222222222,0.5452492944496707,3.7155213850603572,6.330876716537765,0.024342745861733205,-0.4549444378723225,0.027084573388946934,0.1673,7.83,0.4008
CUST00169,39.0,381187.19,127074.32,614.0,47,103.5,2024-06-28,1,Male,Secondary,Salaried,1,8.4,4.8,5.4,0,2024,6,28,Friday,1.0,1,False,False,True,False,False,False,True,False,False,Mid-Low,0,Med_Missed,1,-0.36605513275429447,0.02039679478036126,0.38181818181818183,0.06230493455248995,0.16579423021584289,0.40254677096782343,0.16666666666666666,0.4883720930232558,0.7945736434108527,0.5342465753424658,0.09404261846264249,0.19612508723033079,0.7223529411764706,0.16666666666666666,0.6811594202898551,0.7961538461538461,0.04172998986828753,-0.16850486828237005,0.3497336172892129,-0.3018867924528302,0.0,0.2222222222222222,2.93170272812794,4.6491870714048655,10.173494974687902,0.009569377990430622,0.40130504549384605,-0.2785976786511647,0.3334,7.83,1.035
CUST00170,18.0,435821.61,141037.59,637.0,46,17.12,2025-02-04,1,Female,Post-Graduate,Salaried,3,8.4,4.8,5.4,0,2025,2,4,Tuesday,3.0,0,False,False,True,False,False,False,True,False,False,Mid-High,0,High_Missed,1,-0.25999313258111695,0.16347782883627388,0.0,0.07625597555047514,0.1881581128822059,0.46077314498367117,0.5,0.4651162790697674,0.12496124031007753,0.2465753424657534,0.10752146573184837,0.21767584230634188,0.7494117647058823,0.5,0.6666666666666666,0.1316923076923077,-1.4582700101317125,5.426899790927806e-05,0.523350762269346,-0.08490566037735849,1.0,0.1111111111111111,-0.31872060206961433,2.8970163006148333,4.13763217311544,0.05518763796909492,0.5626564590887719,-0.022871272135475764,0.3236,7.67,0.1712
CUST00171,45.0,691701.08,276853.59,733.0,53,79.79,2024-07-09,1,Male,Graduate,Self-Employed,1,8.55,5.0,5.9,0,2024,7,9,Tuesday,2.0,1,False,False,False,True,False,False,True,False,False,High,1,Med_Missed,2,0.2367466221641991,1.5551786067584832,0.49090909090909085,0.14159546257189362,0.4056840282454954,0.7038049669628617,0.16666666666666666,0.627906976744186,0.6107751937984497,0.6164383561643836,0.1706494406505049,0.4272927408840766,0.8623529411764705,0.16666666666666666,0.7681159420289855,0.6137692307692308,0.4703014184397161,0.7894984089912527,2.2120659530965505,0.8207547169811321,0.0,0.8888888888888888,2.0395108184383823,4.391853195491617,8.932524839036274,0.012377769525931425,1.549884919221741,0.7694290072560328,0.4003,8.83,0.7979
CUST00172,28.0,317608.22,81616.13,714.0,44,24.58,2022-03-20,0,Male,Post-Graduate,Self-Employed,2,8.55,5.0,5.9,0,2022,3,20,Sunday,3.0,1,False,False,False,True,True,False,False,False,False,Low,1,High_Missed,1,-0.48948122068842936,-0.4454113455413651,0.18181818181818177,0.04606987948867354,0.09298738573133201,0.6557049188628135,0.3333333333333333,0.4186046511627908,0.18279069767441858,0.3835616438356164,0.07835706298015685,0.12596542413645823,0.84,0.3333333333333333,0.6376811594202898,0.18907692307692306,-0.7439842958459982,-0.36465989898222495,-0.21548650405517447,0.6415094339622641,0.5,-0.1111111111111111,-0.03800564440263412,3.2418107961506966,4.957822102496216,0.03909304143862393,-0.3115999439937325,-0.6476167932511332,0.257,7.33,0.2458
CUST00173,31.0,415351.94,66708.27,732.0,41,10.96,2018-05-06,1,Male,Post-Graduate,Self-Employed,0,9.1,5.6,7.2,0,2018,5,6,Sunday,3.0,1,True,False,False,False,False,False,True,False,False,Mid-Low,1,Low_Missed,1,-0.29973097812033717,-0.5981715531690038,0.23636363636363633,0.07102899216920694,0.06911062678829312,0.7012733854839117,0.0,0.34883720930232565,0.0772093023255814,0.4246575342465753,0.10247139737601983,0.10295679939687623,0.8611764705882353,0.0,0.5942028985507246,0.08430769230769232,-0.5296985815602839,-0.06309914080514187,-0.40084853536757686,0.8113207547169812,-0.5,-0.4444444444444444,-0.5505174035747884,2.481567748522486,3.3105890714493698,0.08361204013377926,-0.6517745153205265,-0.11328946253618381,0.1606,6.83,0.1096
CUST00174,45.0,4053345.1346999966,40179.52,454.99,64,32.5,2021-12-10,0,Female,Post-Graduate,Self-Employed,0,8.4,4.8,5.4,0,2021,12,10,Friday,3.0,0,False,False,True,False,True,False,False,False,False,High,0,Low_Missed,3,6.762718570100179,-0.8700105265764361,0.49090909090909085,1.0,0.026621592895424345,0.0,0.0,0.8837209302325582,0.2441860465116279,0.6164383561643836,1.0,0.06201262273032678,0.5352823529411764,0.0,0.927536231884058,0.25,0.4703014184397161,11.16090569589229,-0.7307029201135362,-1.8019811320754715,-0.5,2.111111111111111,0.2600188146754469,3.5115454388310208,5.70087712549569,0.029850746268656716,-1.5518055809217781,2.824666099397965,0.0099,10.67,0.325
CUST00175,41.0,681664.31,250551.61,789.0,39,39.36,2020-09-05,0,Male,Secondary,Salaried,0,8.4,4.8,5.4,0,2020,9,5,Saturday,1.0,1,False,False,True,False,False,False,False,True,False,High,1,Low_Missed,0,0.21726220370641855,1.2856633359001568,0.4181818181818181,0.1390325472932589,0.36355819420998453,0.8455735297840561,0.0,0.3023255813953488,0.2973643410852713,0.5616438356164384,0.16817327105071517,0.38669855850458074,0.928235294117647,0.0,0.5652173913043478,0.3027692307692308,0.1845871327254304,0.758532777942537,1.8850311915453828,1.349056603773585,-0.5,-0.6666666666666666,0.5181561618062089,3.6978391954854084,6.273754856543249,0.024777006937561942,1.4097546438739312,0.7463415797845762,0.3676,6.5,0.3936
CUST00176,33.0,420869.17,127114.88,537.6,33,61.46,2025-12-05,0,Male,Post-Graduate,Salaried,2,8.4,4.8,5.4,0,2025,12,5,Friday,3.0,1,False,False,True,False,False,False,False,False,True,Mid-Low,0,High_Missed,0,-0.2890203592611005,0.02081241137599448,0.2727272727272727,0.07243783117445882,0.16585919201067661,0.20913394597605128,0.3333333333333333,0.16279069767441867,0.46868217054263567,0.4520547945205479,0.10383255213009393,0.1961876870816466,0.6324705882352941,0.3333333333333333,0.4782608695652174,0.4727692307692308,-0.386841438703141,-0.04607727933069274,0.35023793407177123,-1.022641509433962,0.5,-1.3333333333333333,1.3497648165569147,4.134526351854933,7.839642849007856,0.01601024655779699,0.40180266817351284,-0.08833005494783334,0.302,5.5,0.6146
CUST00177,31.0,1092686.11,129551.88,847.0,32,17.06,2020-02-26,0,Male,Graduate,Self-Employed,1,8.4,4.8,5.4,0,2020,2,26,Wednesday,2.0,1,False,False,True,False,False,False,False,True,False,High,1,Med_Missed,0,1.015180333390595,0.04578424676944167,0.23636363636363633,0.24398803108654665,0.16976234521604516,0.9924052555631504,0.16666666666666666,0.13953488372093026,0.12449612403100775,0.4246575342465753,0.26957638041865734,0.19994892568265046,0.9964705882352941,0.16666666666666666,0.463768115942029,0.13123076923076923,-0.5296985815602839,2.0266249442250297,0.3805392161007361,1.8962264150943395,0.0,-1.4444444444444444,-0.32097836312323624,2.8936995479888394,4.1303752856126765,0.05537098560354375,0.43137283127478687,1.4331001276318915,0.1186,5.33,0.1706
CUST00178,39.0,409106.47,640511.62,587.0,44,32.49,2023-09-09,1,Other,Secondary,Salaried,4,8.4,4.8,5.4,0,2023,9,9,Saturday,1.0,2,False,False,True,False,False,True,False,False,False,Mid-Low,0,High_Missed,1,-0.31185533196579907,5.281566979620723,0.38181818181818183,0.069434195189177,0.9881267879715996,0.33419407103617615,0.6666666666666666,0.4186046511627908,0.24410852713178294,0.5342465753424658,0.10093057867135696,0.9885584856526517,0.6905882352941176,0.6666666666666666,0.6376811594202898,0.24992307692307694,0.04172998986828753,-0.08236778198610199,6.7337337943471764,-0.5566037735849056,1.5,-0.1111111111111111,0.25964252116651,3.5112468868061133,5.7,0.02985965959988056,2.650950320426016,-0.1420945234764568,1.5656,7.33,0.3249
CUST00179,33.0,392840.2,119973.58,509.0,42,26.59,2016-12-29,1,Female,Graduate,Salaried,0,8.75,5.2,6.1,0,2016,12,29,Thursday,2.0,0,False,True,False,False,True,False,False,False,False,Mid-Low,0,Low_Missed,1,-0.34343310164939683,-0.05236418611896837,0.2727272727272727,0.06528056091147631,0.15442152767522377,0.13673071567808415,0.0,0.37209302325581395,0.1983720930232558,0.4520547945205479,0.0969175303225383,0.1851658843646385,0.5988235294117648,0.0,0.6086956521739131,0.20453846153846153,-0.386841438703141,-0.13255278327225242,0.26144411160420983,-1.2924528301886793,-0.5,-0.3333333333333333,0.03762935089369709,3.3174533882291946,5.156549233741495,0.03624501631025734,0.31126964963912185,-0.22001740491852567,0.3054,7.0,0.2659
CUST00180,38.415780141843975,406152.48,45188.92,651.0,47,19.87,2022-11-08,1,Female,Secondary,Salaried,2,8.75,5.2,6.1,0,2022,11,8,Tuesday,1.0,0,False,True,False,False,False,False,False,True,False,Mid-Low,0,High_Missed,1,-0.3175899236003687,-0.8186794177459336,0.37119600257898133,0.06867988617303593,0.03464475894670595,0.4962152856889699,0.3333333333333333,0.4883720930232558,0.14627906976744187,0.5262435635869037,0.100201800365579,0.06974407478115514,0.7658823529411765,0.3333333333333333,0.6811594202898551,0.15284615384615385,0.0,-0.09148148733768385,-0.6684168133446002,0.04716981132075472,0.5,0.2222222222222222,-0.2152398871119473,3.038312721089109,4.457577817604534,0.0479156684235745,-1.3373207442930084,-0.1559284592946401,0.1113,7.83,0.1987
CUST00181,38.415780141843975,229046.26,87768.49,628.0,44,74.4,2020-03-20,1,Female,Secondary,Unemployed,1,8.55,5.0,5.9,0,2020,3,20,Friday,1.0,0,False,False,False,True,False,False,False,True,False,Low,0,Med_Missed,1,-0.6614068788514874,-0.38236837418263353,0.37119600257898133,0.023455353063355486,0.10284114184728659,0.43798891167312215,0.16666666666666666,0.4186046511627908,0.5689922480620155,0.5262435635869037,0.05650795883113284,0.13546090789487927,0.7388235294117647,0.16666666666666666,0.6376811594202898,0.5723076923076924,0.0,-0.6378929189987385,-0.13898900897773397,-0.16981132075471697,0.0,-0.1111111111111111,1.836688617121355,4.32280727501391,8.62554346113913,0.01326259946949602,-0.19143335751584586,-1.373078963939032,0.3832,7.33,0.744
CUST00182,42.0,263454.66,55002.32,702.0,42,39.76,2020-01-04,0,Female,Secondary,Self-Employed,0,8.4,4.8,5.4,0,2020,1,4,Saturday,1.0,0,False,False,True,False,False,True,False,False,False,Low,1,Low_Missed,1,-0.5946097255778047,-0.7181219251525586,0.4363636363636363,0.0322416273401772,0.05036211785748307,0.6253259411154146,0.0,0.37209302325581395,0.30046511627906974,0.5753424657534246,0.06499684858923302,0.08488996681525084,0.8258823529411765,0.0,0.6086956521739131,0.3058461538461538,0.2560157041540018,-0.5317354779717309,-0.5463985117184024,0.5283018867924528,-0.5,-0.3333333333333333,0.5332079021636877,3.707701208354524,6.305553108173778,0.02453385672227674,-0.9865937948778304,-1.0519054693366667,0.2088,7.0,0.3976
CUST00183,36.0,339309.03,77845.31,850.0,46,2.54,2023-09-04,0,Male,Primary,Salaried,1,8.55,5.0,5.9,0,2023,9,4,Monday,0.0,1,False,False,False,True,False,True,False,False,False,Mid-Low,1,Med_Missed,1,-0.4473533585462468,-0.4840507777688245,0.32727272727272727,0.05161123766543259,0.0869479568557194,1.0,0.16666666666666666,0.4651162790697674,0.01193798449612403,0.4931506849315068,0.08371086564902487,0.12014558263402188,1.0,0.16666666666666666,0.6666666666666666,0.01953846153846154,-0.17255572441742675,-0.297708152960518,-0.2623722981874936,1.9245283018867925,0.0,0.1111111111111111,-0.8673565380997179,1.264126727145683,1.5937377450509227,0.2824858757062147,-0.3904935833957234,-0.511121725911212,0.2294,7.67,0.0254
CUST00184,22.0,4053345.1346999966,77532.02,643.0,58,32.88,2020-07-24,1,Male,Graduate,Self-Employed,3,9.1,5.6,7.2,0,2020,7,24,Friday,2.0,1,True,False,False,False,False,False,False,False,True,High,0,High_Missed,3,6.762718570100179,-0.48726104707962176,0.0727272727272727,1.0,0.0864461846490268,0.4759626338573706,0.5,0.7441860465116279,0.24713178294573646,0.3013698630136986,1.0,0.1196620543446052,0.7564705882352941,0.5,0.8405797101449275,0.2529230769230769,-1.1725557244174267,11.16090569589229,-0.2662676977143111,-0.02830188679245283,1.0,1.4444444444444444,0.27431796801505187,3.522824869783854,5.73410847473258,0.029515938606847696,-0.3972442573387765,2.824666099397965,0.0191,9.67,0.3288
CUST00185,38.415780141843975,1248215.76,69409.94,631.0,36,5.78,2015-09-05,1,Female,Post-Graduate,Salaried,2,8.75,5.2,6.1,1,2015,9,5,Saturday,3.0,0,False,True,False,False,True,False,False,False,False,High,0,High_Missed,0,1.3171106140677624,-0.57048765553773,0.37119600257898133,0.28370293102604066,0.0734376813309062,0.44558365610997175,0.3333333333333333,0.2325581395348837,0.037054263565891477,0.5262435635869037,0.30794707051078324,0.10712652672193741,0.7423529411764705,0.3333333333333333,0.5217391304347826,0.04446153846153846,0.0,2.5064679374425616,-0.3672563873908869,-0.14150943396226415,0.5,-1.0,-0.7454374412041394,1.9139771019523042,2.4041630560342617,0.14749262536873156,-0.5840319450547986,1.6064355955174,0.0556,6.0,0.0578
CUST00186,18.0,347207.51,42788.75,692.0,37,30.52,2019-06-21,0,Male,Graduate,Salaried,1,8.75,5.2,6.1,0,2019,6,21,Friday,2.0,1,False,True,False,False,False,True,False,False,False,Mid-Low,0,Med_Missed,0,-0.43202001031764226,-0.8432738576951704,0.0,0.053628135040782524,0.03080059348551209,0.6000101263259157,0.16666666666666666,0.2558139534883721,0.2288372093023256,0.2465753424657534,0.08565949813343446,0.06603967919109711,0.8141176470588235,0.16666666666666666,0.5362318840579711,0.23476923076923076,-1.4582700101317125,-0.2733396143245164,-0.6982601568355566,0.4339622641509434,0.0,-0.8888888888888888,0.18551269990592664,3.4506222649896783,5.524490926773253,0.031725888324873094,-1.4364979740397412,-0.4643624643140636,0.1232,6.17,0.3052
CUST00187,33.0,816896.25,256658.32,629.0,40,6.88,2026-01-26,1,Male,Graduate,Salaried,1,8.75,5.2,6.1,0,2026,1,26,Monday,2.0,1,False,True,False,False,False,False,False,False,True,High,0,Med_Missed,1,0.4797884654238329,1.3482385336496514,0.2727272727272727,0.17356437428395588,0.37333883627430803,0.4405204931520721,0.16666666666666666,0.32558139534883723,0.045581395348837206,0.4520547945205479,0.2015363170055988,0.3961235865624947,0.74,0.16666666666666666,0.5797101449275363,0.05292307692307692,-0.386841438703141,1.175752895574215,1.9609610815655307,-0.16037735849056603,0.0,-0.5555555555555556,-0.7040451552210726,2.064327903869788,2.6229754097208002,0.12690355329949238,1.4437434910902929,1.023739573003544,0.3142,6.67,0.0688
CUST00188,31.0,960864.39,118102.58,623.0,48,39.9,2025-11-16,0,Male,Secondary,Salaried,0,8.55,5.0,5.9,0,2025,11,16,Sunday,1.0,1,False,False,False,True,False,False,True,False,False,High,0,Low_Missed,2,0.7592743442821068,-0.07153624357532441,0.23636363636363633,0.21032701262703107,0.15142489261275166,0.42533100427837267,0.0,0.5116279069767442,0.30155038759689917,0.4246575342465753,0.23705466918526227,0.18227820384659243,0.7329411764705882,0.0,0.6956521739130435,0.3069230769230769,-0.5296985815602839,1.6199261012977584,0.23818038625493065,-0.2169811320754717,-0.5,0.3333333333333333,0.5384760112888053,3.711130063048756,6.316644678941502,0.02444987775061125,0.28652793864114257,1.2574972734835341,0.1229,8.0,0.399
CUST00189,40.0,828764.43,86225.12,733.0,57,5.69,2022-01-23,0,Female,Graduate,Self-Employed,2,8.75,5.2,6.1,0,2022,1,23,Sunday,2.0,0,False,True,False,False,True,False,False,False,False,High,1,High_Missed,3,0.5028282068398726,-0.39818322095784275,0.4,0.17659494486110244,0.10036924625328998,0.7038049669628617,0.3333333333333333,0.7209302325581395,0.03635658914728682,0.547945205479452,0.20446431341488516,0.1330788878622033,0.8623529411764705,0.3333333333333333,0.8260869565217391,0.043769230769230776,0.11315856129685896,1.2123688271039552,-0.15817903345251602,0.8207547169811321,0.5,1.3333333333333333,-0.748824082784572,1.900613874140137,2.3853720883753127,0.14947683109118085,-0.2206513817206407,1.0450737470888634,0.104,9.5,0.0569
CUST00190,44.0,288789.98,155528.25,751.0,37,11.53,2022-05-02,0,Male,Secondary,Salaried,0,8.4,4.8,5.4,0,2022,5,2,Monday,1.0,1,False,False,True,False,False,False,False,True,False,Low,1,Low_Missed,0,-0.5454261758260637,0.31196300580074227,0.47272727272727266,0.038711067081956735,0.2113666750598448,0.7493734335839599,0.0,0.2558139534883721,0.08162790697674419,0.6027397260273972,0.0712473205224293,0.2400405652222313,0.8835294117647059,0.0,0.5362318840579711,0.08869230769230768,0.39887284701114467,-0.4535704735309442,0.703525393145768,0.9905660377358491,-0.5,-0.8888888888888888,-0.5290686735653811,2.528125768907977,3.395585369269929,0.07980845969672785,0.7118306635213146,-0.8498991174256053,0.5386,6.17,0.1153
CUST00191,50.0,345371.42,130959.1,737.0,40,46.41,2018-01-08,0,Female,Graduate,Self-Employed,0,8.55,5.0,5.9,0,2018,1,8,Monday,2.0,0,False,False,False,True,False,True,False,False,False,Mid-Low,1,Low_Missed,1,-0.43558441857708696,0.060203970282928246,0.5818181818181818,0.05315928469211971,0.17201617995287682,0.7139312928786612,0.0,0.32558139534883723,0.35201550387596897,0.684931506849315,0.08520651672203636,0.2021208133248764,0.8670588235294118,0.0,0.5797101449275363,0.357,0.8274442755825733,-0.2790043536293164,0.3980363724802191,0.8584905660377359,-0.5,-0.5555555555555556,0.7834430856067733,3.8588331769140267,6.812488532100439,0.021092596498628984,0.4481593972988346,-0.47510195243185893,0.3792,6.67,0.4641
CUST00192,30.0,1095660.61,116472.96,637.0,55,26.24,2023-12-20,0,Male,Secondary,Salaried,1,8.55,5.0,5.9,0,2023,12,20,Wednesday,1.0,1,False,False,False,True,False,False,False,True,False,High,0,Med_Missed,3,1.0209547411634812,-0.08823489043370328,0.21818181818181814,0.2447475773844392,0.14881485710740383,0.46077314498367117,0.16666666666666666,0.6744186046511629,0.19565891472868213,0.410958904109589,0.2703102187425977,0.17976306652653995,0.7494117647058823,0.16666666666666666,0.7971014492753623,0.20184615384615384,-0.6011271529888553,2.035801927413287,0.21791794258646877,-0.08490566037735849,0.0,1.1111111111111112,0.024459078080903054,3.3046864812813115,5.122499389946279,0.03671071953010279,0.2646099437833568,1.4367255256185154,0.1063,9.17,0.2624
CUST00193,44.0,499104.04,148895.33,479.0,46,7.55,2021-11-21,1,Male,Graduate,Self-Employed,1,8.75,5.2,6.1,0,2021,11,21,Sunday,2.0,1,False,True,False,False,False,False,False,True,False,Mid-High,0,Med_Missed,1,-0.13714271883792906,0.24399575655252562,0.47272727272727266,0.09241530835536499,0.20074324339839494,0.06078327130958705,0.16666666666666666,0.4651162790697674,0.05077519379844961,0.6027397260273972,0.12313386188786526,0.22980339052326923,0.5635294117647058,0.16666666666666666,0.6666666666666666,0.058076923076923075,0.39887284701114467,0.19529440892800587,0.6210526891672854,-1.5754716981132075,0.0,0.1111111111111111,-0.6788334901222954,2.145931282948669,2.7477263328068173,0.11695906432748537,0.6456127931464304,0.22361856879300998,0.2983,7.67,0.0755
CUST00194,40.0,387002.51,106976.11,638.0,49,71.29,2015-06-06,1,Female,Graduate,Self-Employed,3,8.75,5.2,6.1,0,2015,6,6,Saturday,2.0,0,False,True,False,False,True,False,False,False,False,Mid-Low,0,High_Missed,2,-0.35476583068341894,-0.18554870863487646,0.4,0.06378989161319276,0.13360449169156285,0.4633047264626211,0.5,0.5348837209302326,0.5448837209302326,0.547945205479452,0.09547731494338775,0.16510573422947658,0.7505882352941177,0.5,0.7101449275362319,0.5483846153846155,0.11315856129685896,-0.15056333394909158,0.0998355748241481,-0.07547169811320754,1.0,0.4444444444444444,1.719661335841957,4.280685807012206,8.443340571124677,0.01383317194632729,0.12947919539296965,-0.24906318183058263,0.2764,8.17,0.7129
CUST00195,19.0,633600.55,147581.06,589.0,30,18.93,2025-11-29,1,Male,Graduate,Self-Employed,2,8.75,5.2,6.1,0,2025,11,29,Saturday,2.0,1,False,True,False,False,False,False,False,True,False,Mid-High,0,High_Missed,0,0.1239558499198575,0.23052848773736534,0.018181818181818188,0.12675934138611608,0.19863827944139056,0.33925723399407604,0.3333333333333333,0.09302325581395354,0.1389922480620155,0.2602739726027397,0.15631547004864052,0.22777496087364213,0.6929411764705883,0.3333333333333333,0.43478260869565216,0.14561538461538462,-1.3868414387031411,0.6102455641303212,0.6047112587478322,-0.5377358490566038,0.5,-1.6666666666666667,-0.2506114769520226,2.9922261342247034,4.350861983561418,0.05017561465127948,0.6320914721348518,0.6289895205655694,0.2329,5.0,0.1893
CUST00196,59.0,732083.26,155106.52,640.0,46,21.57,2024-10-18,0,Male,Post-Graduate,Self-Employed,0,8.75,5.2,6.1,0,2024,10,18,Friday,3.0,1,False,True,False,False,False,False,True,False,False,High,0,Low_Missed,1,0.3151406964886505,0.3076415564201601,0.7454545454545455,0.15190715708183844,0.2106912229460573,0.468367889420521,0.0,0.4651162790697674,0.15945736434108526,0.8082191780821918,0.1806121205255284,0.23938967184709736,0.7529411764705882,0.0,0.6666666666666666,0.16592307692307692,1.470301418439716,0.9140862681155366,0.6982816673886586,-0.05660377358490566,-0.5,0.1111111111111111,-0.15126999059266227,3.1166215908294443,4.644351407893248,0.044306601683650866,0.7077174223654006,0.8578999208457299,0.2119,7.67,0.2157
CUST00197,22.0,332460.13,108839.68,596.0,42,23.14,2015-12-09,0,Male,Secondary,Unemployed,0,8.75,5.2,6.1,0,2015,12,9,Wednesday,1.0,1,False,True,False,False,True,False,False,False,False,Mid-Low,0,Low_Missed,1,-0.4606491532666095,-0.1664527860726417,0.0727272727272727,0.049862353268177145,0.13658922670138174,0.3569783043467254,0.0,0.37209302325581395,0.17162790697674418,0.3013698630136986,0.08202117484491156,0.16798194736844774,0.7011764705882353,0.0,0.6086956521739131,0.178,-1.1725557244174267,-0.318838507695114,0.12300691669969914,-0.4716981132075472,-0.5,-0.3333333333333333,-0.09219190968955784,3.1838702156693857,4.810405388322278,0.041425020712510356,0.15705224395373335,-0.5528850533773166,0.3274,7.0,0.2314
CUST00198,43.0,493718.1,86488.2,648.0,49,42.24,2019-10-20,1,Female,Post-Graduate,Salaried,2,9.1,5.6,7.2,0,2019,10,20,Sunday,3.0,0,True,False,False,False,False,False,False,True,False,Mid-High,0,High_Missed,2,-0.14759846393804588,-0.3954874513824188,0.4545454545454545,0.09103999459249007,0.10079060101129915,0.48862054125212007,0.3333333333333333,0.5348837209302326,0.31968992248062017,0.589041095890411,0.12180509766448544,0.13348492259800637,0.7623529411764706,0.3333333333333333,0.7101449275362319,0.3249230769230769,0.3274442755825732,0.17867760582396727,-0.15490793731949176,0.018867924528301886,0.5,0.4444444444444444,0.6265286923800566,3.7667659927710075,6.499230723708768,0.02312673450508788,-0.21562882227759908,0.2043370935855328,0.1752,8.17,0.4224
CUST00199,42.0,703118.02,247270.63,567.0,44,20.13,2023-07-15,0,Male,Graduate,Self-Employed,0,8.55,5.0,5.9,0,2023,7,15,Saturday,2.0,1,False,False,False,True,False,True,False,False,False,High,0,Low_Missed,1,0.25891036971120635,1.252043273327653,0.4363636363636363,0.1445108078434557,0.35830330393351756,0.28356244145717824,0.0,0.4186046511627908,0.14829457364341087,0.5753424657534246,0.17346611172602266,0.3816347305911127,0.6670588235294118,0.0,0.6376811594202898,0.15484615384615383,0.2560157041540018,0.8247221664097578,1.844235992402423,-0.7452830188679245,-0.5,-0.1111111111111111,-0.20545625587958613,3.0506938316279655,4.486646854834911,0.047326076668244205,1.3910995170555618,0.7951422770439998,0.3517,7.33,0.2013
CUST00200,41.0,247670.97,74106.54,548.0,50,23.86,2023-06-22,1,Male,Graduate,Self-Employed,3,8.4,4.8,5.4,0,2023,6,22,Thursday,2.0,1,False,False,True,False,True,False,False,False,False,Low,0,High_Missed,2,-0.625250660935284,-0.5223617950088568,0.4181818181818181,0.028211221118431107,0.08095985997035386,0.23546239335713004,0.5,0.558139534883721,0.1772093023255814,0.5616438356164384,0.06110285745956619,0.11437520674388023,0.6447058823529411,0.5,0.7246376811594203,0.18353846153846154,0.1845871327254304,-0.5804316143908486,-0.308859587564364,-0.9245283018867925,1.0,0.5555555555555556,-0.06509877704609598,3.213260086082565,4.884669896727925,0.04022526146419952,-0.4731571321656186,-1.1916674103774387,0.2992,8.33,0.2386
CUST00201,33.0,445152.74,124840.0,748.0,48,57.44,2016-12-03,0,Female,Graduate,Salaried,4,9.1,5.6,7.2,0,2016,12,3,Saturday,2.0,0,True,False,False,False,True,False,False,False,False,Mid-High,1,High_Missed,2,-0.24187857564657012,-0.0024981872698180965,0.2727272727272727,0.07863870382300975,0.16221569378998357,0.7417786891471101,0.6666666666666666,0.5116279069767442,0.4375193798449612,0.4520547945205479,0.10982354702271052,0.19267666267924544,0.88,0.6666666666666666,0.6956521739130435,0.44184615384615383,-0.386841438703141,0.028842846283988897,0.321952427111553,0.9622641509433962,1.5,0.3333333333333333,1.1984948259642523,4.068000586882499,7.578918128598566,0.017111567419575632,0.3736082938438367,0.016447180692503015,0.2804,8.0,0.5744
CUST00202,47.0,253420.43,126543.96,572.0,38,52.64,2015-06-18,1,Other,Graduate,Salaried,2,8.75,5.2,6.1,0,2015,6,18,Thursday,2.0,2,False,True,False,False,False,False,False,True,False,Low,0,High_Missed,0,-0.614089213124258,0.014962218408072108,0.5272727272727272,0.02967936065713722,0.16494479388675004,0.2962203488519277,0.3333333333333333,0.2790697674418605,0.4003100775193798,0.6438356164383562,0.06252130563235558,0.1953065355256002,0.6729411764705883,0.3333333333333333,0.5507246376811594,0.40492307692307694,0.613158561296859,-0.562693272564808,0.34313920287112426,-0.6981132075471698,0.5,-0.7777777777777778,1.0178739416745064,3.9822950584134778,7.255342858886822,0.018642803877703205,0.3947813884129212,-1.1393851631947363,0.4993,6.33,0.5264
CUST00203,21.0,270549.34,68477.83,650.0,36,22.73,2026-04-26,0,Male,Post-Graduate,Salaried,1,8.55,5.0,5.9,0,2026,4,26,Sunday,3.0,1,False,False,False,True,False,False,False,False,True,Low,0,Med_Missed,0,-0.5808367972408945,-0.5800389470800303,0.05454545454545451,0.03405327229856765,0.07194479329879455,0.49368370421001995,0.16666666666666666,0.2325581395348837,0.1684496124031008,0.2876712328767123,0.06674717572996024,0.10568791855107909,0.7647058823529411,0.16666666666666666,0.5217391304347826,0.17484615384615385,-1.2439842958459981,-0.5098468381714062,-0.3788460993285227,0.03773584905660377,0.0,-1.0,-0.10761994355597365,3.166740070447672,4.767598976424087,0.04214075010535188,-0.6070578231278906,-0.9927483387154072,0.2531,6.0,0.2273
CUST00204,37.0,333850.97,60797.66,726.0,55,23.35,2025-04-10,0,Male,Secondary,Salaried,2,9.1,5.6,7.2,0,2025,4,10,Thursday,1.0,1,True,False,False,False,True,False,False,False,False,Mid-Low,1,High_Missed,3,-0.45794911046720105,-0.6587373225554883,0.34545454545454546,0.0502175078733077,0.05964406282966224,0.6860838966102123,0.3333333333333333,0.6744186046511629,0.17325581395348838,0.5068493150684932,0.082364308714291,0.09383442989031925,0.8541176470588235,0.3333333333333333,0.7971014492753623,0.17961538461538462,-0.10112715298885533,-0.31454746204120393,-0.47434014824128234,0.7547169811320755,0.5,1.1111111111111112,-0.08428974600188142,3.192531849528599,4.832183771339828,0.04106776180698152,-0.8116026066102676,-0.5443095771799848,0.1821,9.17,0.2335
CUST00205,32.0,561608.22,79832.73,723.0,57,1.41,2023-06-27,0,Male,Graduate,Salaried,0,8.55,5.0,5.9,0,2023,6,27,Tuesday,2.0,1,False,False,False,True,True,False,False,False,False,Mid-High,1,Low_Missed,3,-0.015803124677611753,-0.46368576952194523,0.2545454545454545,0.10837591300213248,0.09013105277012794,0.6784891521733627,0.0,0.7209302325581395,0.0031782945736434105,0.4383561643835616,0.13855425613579456,0.12321294448072154,0.8505882352941176,0.0,0.8260869565217391,0.010846153846153846,-0.4582700101317125,0.3881334773616287,-0.23766102451904655,0.7264150943396226,-0.5,1.3333333333333333,-0.9098777046095956,0.8796267475025636,1.1874342087037917,0.41493775933609955,-0.3483808335478506,0.4284661878604817,0.1422,9.5,0.0141
CUST00206,31.0,376618.75,73472.75,714.0,41,30.12,2022-08-02,0,Male,Graduate,Salaried,1,8.55,5.0,5.9,0,2022,8,2,Tuesday,2.0,1,False,False,False,True,False,True,False,False,False,Mid-Low,1,Med_Missed,1,-0.37492386210240786,-0.5288562141939256,0.23636363636363633,0.061138371537144756,0.07994476786119074,0.6557049188628135,0.16666666666666666,0.34883720930232565,0.22573643410852712,0.4246575342465753,0.09291553950731486,0.11339702233151659,0.84,0.16666666666666666,0.5942028985507246,0.2316923076923077,-0.5296985815602839,-0.18259950505378117,-0.31674003464566786,0.6415094339622641,0.0,-0.4444444444444444,0.17046095954844787,3.4378506993101907,5.488169093604897,0.032133676092544985,-0.4876427054235109,-0.3022338145873221,0.1951,6.83,0.3012
CUST00207,43.0,319908.71,41155.86,674.0,43,47.64,2022-11-21,0,Male,Graduate,Self-Employed,1,8.4,4.8,5.4,0,2022,11,21,Monday,2.0,1,False,False,True,False,True,False,False,False,False,Low,0,Med_Missed,1,-0.4850152710036263,-0.8600060121045285,0.4545454545454545,0.04665731558308904,0.028185320675699094,0.5544416597048176,0.16666666666666666,0.39534883720930236,0.3615503875968992,0.589041095890411,0.07892461642639707,0.06351949498954061,0.7929411764705883,0.16666666666666666,0.6231884057971014,0.36646153846153845,0.3274442755825732,-0.3575623840873672,-0.7185632591795355,0.2641509433962264,0.0,-0.2222222222222222,0.8297271872060209,3.8844462376579116,6.902173570694959,0.02055921052631579,-1.5076816688246863,-0.6325521821997084,0.1286,7.17,0.4764
CUST00208,50.0,453965.86,66776.26,708.0,42,19.28,2020-04-04,1,Female,Post-Graduate,Salaried,2,8.75,5.2,6.1,0,2020,4,4,Saturday,3.0,0,False,True,False,False,True,False,False,False,False,Mid-High,1,High_Missed,1,-0.22476963342724693,-0.597474862529529,0.5818181818181818,0.08088915689710047,0.06921952107899192,0.640515429989114,0.3333333333333333,0.37209302325581395,0.14170542635658917,0.684931506849315,0.11199783016592288,0.10306173440404989,0.8329411764705882,0.3333333333333333,0.6086956521739131,0.1483076923076923,0.8274442755825733,0.056033249402528,-0.40000315819681403,0.5849056603773585,0.5,-0.3333333333333333,-0.2374412041392286,3.0096351787229825,4.39089968002003,0.049309664694280074,-0.6500314507940176,0.052564726054557066,0.1471,7.0,0.1928
CUST00209,38.415780141843975,249326.52,115813.2,760.0,34,64.27,2022-11-13,0,Male,Secondary,Self-Employed,2,8.75,5.2,6.1,0,2022,11,13,Sunday,1.0,1,False,True,False,False,False,True,False,False,False,Low,1,High_Missed,0,-0.6220367356408139,-0.09499542310468438,0.37119600257898133,0.028633970109345888,0.14775817087073,0.7721576668945089,0.3333333333333333,0.18604651162790697,0.4904651162790697,0.5262435635869037,0.061511297882225265,0.1787448003060236,0.8941176470588236,0.3333333333333333,0.4927536231884058,0.49438461538461537,0.0,-0.575323880480168,0.20971458853171696,1.0754716981132075,0.5,-1.2222222222222223,1.4555032925682032,4.178532512647126,8.016857239592083,0.01532097441397273,0.2556363384406248,-1.1764444782290266,0.4645,5.67,0.6427
CUST00210,47.0,548203.37,210990.03,684.0,34,5.01,2018-06-28,0,Male,Graduate,Salaried,0,8.4,4.8,5.4,0,2018,6,28,Thursday,2.0,1,False,False,True,False,False,False,False,False,True,Mid-High,0,Low_Missed,0,-0.04182600920757322,0.8802775075601109,0.5272727272727272,0.10495294975072719,0.3001954909738562,0.5797574744943166,0.0,0.18604651162790697,0.031085271317829455,0.6438356164383562,0.1352471481658259,0.3256396574735171,0.8047058823529412,0.0,0.4927536231884058,0.038538461538461535,0.613158561296859,0.34677658272686274,1.3931286092345676,0.3584905660377358,-0.5,-1.2222222222222223,-0.774412041392286,1.7934247485471162,2.238302928559939,0.1663893510815308,1.1637335592783846,0.3872358837629225,0.3849,5.67,0.0501
CUST00211,39.0,778943.18,137672.75,503.0,53,12.26,2015-12-18,1,Female,Secondary,Self-Employed,1,8.55,5.0,5.9,0,2015,12,18,Friday,1.0,0,False,False,False,True,False,False,False,False,True,High,0,Med_Missed,2,0.4061100312624999,0.12899845640899166,0.38181818181818183,0.16387295931937124,0.18276891057135142,0.12154122680438473,0.16666666666666666,0.627906976744186,0.08728682170542636,0.5342465753424658,0.19217292239232242,0.21248258580482288,0.591764705882353,0.16666666666666666,0.7681159420289855,0.0943076923076923,0.04172998986828753,1.0586593721811224,0.48151286082398603,-1.349056603773585,0.0,0.8888888888888888,-0.5015992474129822,2.5847519847577165,3.5014282800023193,0.07541478129713423,0.5255004884620618,0.952575727900068,0.1767,8.83,0.1226
CUST00212,28.0,425235.32,23557.8763,608.0,43,60.87,2018-07-29,1,Male,Secondary,Salaried,1,8.4,4.8,5.4,0,2018,7,29,Sunday,1.0,1,False,False,True,False,False,True,False,False,False,Mid-Low,0,Med_Missed,1,-0.2805443362328315,-1.0403318029182202,0.18181818181818177,0.073552738913085,0.0,0.38735728209412423,0.16666666666666666,0.39534883720930236,0.4641085271317829,0.3835616438356164,0.10490972415835823,0.036358963355450906,0.7152941176470589,0.16666666666666666,0.6231884057971014,0.46823076923076923,-0.7439842958459982,-0.032606751461333176,-0.9373738735557469,-0.3584905660377358,0.0,-0.2222222222222222,1.3275634995296333,4.125035409542898,7.801922839915811,0.01616292225634395,-2.573538266726492,-0.06889206398969375,0.0554,7.17,0.6087
CUST00213,35.0,399782.33,145042.52,706.0,57,46.34,2018-05-18,1,Male,Graduate,Salaried,0,8.55,5.0,5.9,0,2018,5,18,Friday,2.0,1,False,False,False,True,True,False,False,False,False,Mid-Low,1,Low_Missed,3,-0.32995631918767726,0.20451617628078692,0.3090909090909091,0.06705325183129102,0.1945724975218352,0.6354522670312144,0.0,0.7209302325581395,0.35147286821705426,0.4794520547945205,0.09863022188205284,0.22385700656991114,0.8305882352941176,0.0,0.8260869565217391,0.3564615384615385,-0.24398429584599818,-0.11113479359308046,0.5731474440240698,0.5660377358490566,-0.5,1.3333333333333333,0.7808090310442147,3.857355604085838,6.807348970047004,0.021123785382340513,0.6055803291897773,-0.18623303884539893,0.3628,9.5,0.4634
CUST00214,35.0,533236.42,70622.84,600.0,43,4.67,2018-06-27,1,Female,Secondary,Salaried,1,8.4,4.8,5.4,0,2018,6,27,Wednesday,1.0,0,False,False,True,False,False,False,True,False,False,Mid-High,0,Med_Missed,1,-0.07088140420383995,-0.5580591208029282,0.3090909090909091,0.1011311002085376,0.07538028884949115,0.36710463026252493,0.16666666666666666,0.39534883720930236,0.028449612403100774,0.4794520547945205,0.13155465480475717,0.10899850304494009,0.7058823529411765,0.16666666666666666,0.6231884057971014,0.035923076923076926,-0.24398429584599818,0.3006002678741185,-0.35217537591245796,-0.4339622641509434,0.0,-0.2222222222222222,-0.7872060206961432,1.7351891177396608,2.1610182784974308,0.1763668430335097,-0.5545939329394982,0.33954548491319386,0.1324,7.17,0.0467
CUST00215,30.0,160454.44,129553.35,670.8,39,5.75,2020-05-31,1,Female,Secondary,Self-Employed,2,8.75,5.2,6.1,0,2020,5,31,Sunday,1.0,0,False,True,False,False,True,False,False,False,False,Low,0,High_Missed,0,-0.7945644308986871,0.04579930979694614,0.21818181818181814,0.005940253736842607,0.16976469960062124,0.5463405989721777,0.3333333333333333,0.3023255813953488,0.036821705426356585,0.410958904109589,0.03958568408753967,0.19995119446424403,0.7891764705882353,0.3333333333333333,0.5652173913043478,0.04423076923076923,-0.6011271529888553,-0.8495136885371396,0.38055749385395016,0.23396226415094296,0.5,-0.6666666666666666,-0.7465663217309503,1.9095425048844386,2.3979157616563596,0.14814814814814814,0.4313904754250856,-2.267328571257528,0.8074,6.5,0.0575
CUST00216,43.0,1181526.45,647924.8616000001,645.0,35,40.34,2016-07-04,0,Female,Secondary,Salaried,0,8.4,4.8,5.4,1,2016,7,4,Monday,1.0,0,False,False,True,False,True,False,False,False,False,High,0,Low_Missed,0,1.1876464116699132,5.357530151129569,0.4545454545454545,0.26667364256764126,1.0,0.48102579681527047,0.0,0.2093023255813954,0.30496124031007754,0.589041095890411,0.2914941636440365,1.0,0.7588235294117647,0.0,0.5072463768115942,0.31030769230769234,0.3274442755825732,2.300716827438701,6.825908896715029,-0.009433962264150943,-0.5,-1.1111111111111112,0.5550329256820322,3.7218305542536223,6.351377803280167,0.024189646831156264,2.665149200562096,1.5359303728383842,0.5484,5.83,0.4034
CUST00217,38.415780141843975,2086383.83,87938.01,657.0,43,34.57,2019-09-08,1,Male,Graduate,Unemployed,1,9.1,5.6,7.2,0,2019,9,8,Sunday,2.0,1,True,False,False,False,False,False,False,True,False,High,0,Med_Missed,1,2.944249366258999,-0.38063130994960237,0.37119600257898133,0.497731323892152,0.10311264883595052,0.5114047745626693,0.16666666666666666,0.39534883720930236,0.2602325581395349,0.5262435635869037,0.5147313541447097,0.13572254317089164,0.7729411764705882,0.16666666666666666,0.6231884057971014,0.26592307692307693,0.0,5.092399787274166,-0.13688122345063106,0.10377358490566038,0.0,-0.2222222222222222,0.33791157102539987,3.571502585960364,5.87962583843564,0.028113578858588697,-0.18825999387871026,2.202207046880544,0.0421,7.17,0.3457
CUST00218,21.0,416092.09,92842.39,740.0,42,21.28,2020-05-01,1,Male,Graduate,Salaried,1,9.1,5.6,7.2,0,2020,5,1,Friday,2.0,1,True,False,False,False,False,False,False,True,False,Mid-Low,1,Med_Missed,1,-0.29829412220737644,-0.33037633659428245,0.05454545454545451,0.0712179913934077,0.11096761252792652,0.721526037315511,0.16666666666666666,0.37209302325581395,0.1572093023255814,0.2876712328767123,0.10265399964042207,0.14329190852583268,0.8705882352941177,0.16666666666666666,0.6086956521739131,0.1636923076923077,-1.2439842958459981,-0.06081561614325284,-0.07590091915961136,0.8867924528301887,0.0,-0.3333333333333333,-0.1621825023518344,3.1036894150590832,4.613025037868319,0.04488330341113106,-0.0993670889875627,-0.10991492015536589,0.2231,7.0,0.2128
CUST00219,20.0,416831.56,97396.49,635.0,37,62.78,2017-02-28,1,Female,Post-Graduate,Salaried,0,8.4,4.8,5.4,0,2017,2,28,Tuesday,3.0,0,False,False,True,False,False,True,False,False,False,Mid-Low,0,Low_Missed,0,-0.2968585863809129,-0.283710667507168,0.036363636363636376,0.07140681697784293,0.1182615600094895,0.4557099820257715,0.0,0.2558139534883721,0.47891472868217055,0.273972602739726,0.10283643414215486,0.1503206556381969,0.7470588235294118,0.0,0.5362318840579711,0.48292307692307695,-1.3154128672745695,-0.058534189430117727,-0.019275942348733553,-0.10377358490566038,-0.5,-0.8888888888888888,1.3994355597365946,4.155439661581911,7.923383115816122,0.01567889620570712,-0.02150704326255323,-0.10655164010541376,0.2337,6.17,0.6278
CUST00220,43.0,641653.36,221160.28,664.0,42,15.09,2020-03-18,1,Male,Primary,Salaried,0,8.75,5.2,6.1,0,2020,3,18,Wednesday,0.0,1,False,True,False,False,False,False,False,False,True,Mid-High,0,Low_Missed,1,0.13958879954418882,0.9844916269323745,0.4545454545454545,0.12881564732766326,0.31648438875264145,0.5291258449153184,0.0,0.37209302325581395,0.10922480620155038,0.589041095890411,0.15830217725772103,0.3413363078148628,0.7811764705882352,0.0,0.6086956521739131,0.11607692307692308,0.3274442755825732,0.6350902445768601,1.519583928707313,0.16981132075471697,-0.5,-0.3333333333333333,-0.39510818438381945,2.7781979610042917,3.8845849199110063,0.062150403977625855,1.2317347820067734,0.6494826519681328,0.3447,7.0,0.1509
CUST00221,29.0,1007181.44,97558.15,722.0,39,2.73,2022-10-01,0,Male,Graduate,Self-Employed,0,9.1,5.6,7.2,0,2022,10,1,Saturday,2.0,1,True,False,False,False,False,True,False,False,False,High,1,Low_Missed,0,0.849189803531442,-0.282054144359977,0.19999999999999996,0.2221541916005743,0.11852047824797117,0.6759575706944128,0.0,0.3023255813953488,0.013410852713178295,0.3972602739726027,0.24848153969857917,0.15057015987793357,0.8494117647058823,0.0,0.5652173913043478,0.021,-0.6725557244174267,1.7628243326575412,-0.017265886849019918,0.7169811320754716,-0.5,-0.6666666666666666,-0.8602069614299155,1.3164082336557241,1.6522711641858305,0.2680965147453083,-0.018820182880272908,1.3227549378236172,0.0969,6.5,0.0273
CUST00222,41.0,372049.38,189344.18,532.0,36,42.23,2019-09-26,1,Male,Graduate,Salaried,1,8.75,5.2,6.1,1,2019,9,26,Thursday,2.0,1,False,True,False,False,True,False,False,False,False,Mid-Low,0,Med_Missed,0,-0.3837943968629363,0.6584734028611987,0.4181818181818181,0.05997157104388494,0.2655270179289539,0.19495708969393166,0.16666666666666666,0.2325581395348837,0.31961240310077516,0.5616438356164384,0.09178823111186578,0.2922316941696438,0.6258823529411764,0.16666666666666666,0.5217391304347826,0.32484615384615384,0.1845871327254304,-0.1966970110786349,1.1239874497734803,-1.0754716981132075,0.0,-1.0,0.6261523988711195,3.7665346986795405,6.498461356351979,0.023132084200786492,1.0056149675601742,-0.32626900775561596,0.5089,6.0,0.4223
CUST00223,47.0,150571.99,173501.85,627.0,47,49.0,2015-01-11,1,Female,Graduate,Salaried,1,8.55,5.0,5.9,0,2015,1,11,Sunday,2.0,0,False,False,False,True,False,True,False,False,False,Low,0,Med_Missed,1,-0.8137492673737777,0.4961377208715927,0.5272727272727272,0.0034167444708791475,0.24015359112550438,0.4354573301941722,0.16666666666666666,0.4883720930232558,0.37209302325581395,0.6438356164383562,0.03714758674532274,0.2677808188615431,0.7376470588235294,0.16666666666666666,0.6811594202898551,0.3769230769230769,0.613158561296859,-0.8800032086275057,0.927006362647534,-0.1792452830188679,0.0,0.2222222222222222,0.8809031044214489,3.912023005428146,7.0,0.02,0.8761642187703585,-2.439576039552412,1.1523,7.83,0.49
CUST00224,24.0,586365.98,147300.11,716.0,49,15.85,2023-01-30,1,Female,Secondary,Salaried,2,8.75,5.2,6.1,0,2023,1,30,Monday,1.0,0,False,True,False,False,False,False,False,True,False,Mid-High,1,High_Missed,2,0.03225920572522752,0.227649605031666,0.10909090909090907,0.11469787129835449,0.19818830369537155,0.6607680818207133,0.3333333333333333,0.5348837209302326,0.11511627906976744,0.3287671232876712,0.14466223835227374,0.22734134577928344,0.8423529411764706,0.3333333333333333,0.7101449275362319,0.12192307692307693,-1.029698581560284,0.4645165828579845,0.601217969791723,0.660377358490566,0.5,0.4444444444444444,-0.3665098777046097,2.8243506567983707,3.9812058474788765,0.05934718100890207,0.6291831586969358,0.501197910750567,0.2512,8.17,0.1585
CUST00225,22.0,1600721.58,33793.67,655.0,47,9.32,2021-08-25,1,Male,Secondary,Salaried,1,8.75,5.2,6.1,0,2021,8,25,Wednesday,1.0,1,False,True,False,False,False,False,False,False,True,High,0,Med_Missed,1,2.001431456896992,-0.9354460600385799,0.0727272727272727,0.3737162073973903,0.016393874021192578,0.5063416116047694,0.16666666666666666,0.4883720930232558,0.06449612403100775,0.3013698630136986,0.3949137136871212,0.05215677311185306,0.7705882352941177,0.16666666666666666,0.6811594202898551,0.0716923076923077,-1.1725557244174267,3.5940255047321465,-0.8101035938290329,0.08490566037735849,0.0,0.2222222222222222,-0.6122295390404516,2.334083760053417,3.0528675044947495,0.09689922480620154,-1.874462770287087,1.908792178922682,0.0211,7.83,0.0932
CUST00226,56.0,603934.2,192910.11,767.0,33,2.91,2019-10-29,0,Female,Graduate,Salaried,1,8.4,4.8,5.4,0,2019,10,29,Tuesday,2.0,0,False,False,True,False,False,False,True,False,False,Mid-High,1,Med_Missed,0,0.06636445572481421,0.695013335969346,0.6909090909090908,0.11918396188889474,0.27123829044008224,0.7898787372471583,0.16666666666666666,0.16279069767441867,0.014806201550387598,0.7671232876712328,0.1489964905356374,0.29773531073282705,0.9023529411764706,0.16666666666666666,0.4782608695652174,0.022384615384615385,1.2560157041540019,0.518718384702868,1.1683256732554443,1.1415094339622642,0.0,-1.3333333333333333,-0.85343367826905,1.3635373739972745,1.705872210923198,0.2557544757033248,1.033045954800722,0.5503165423891363,0.3194,5.5,0.0291
CUST00227,42.0,248376.01,75001.19,524.0,50,25.86,2015-04-06,0,Male,Graduate,Unemployed,1,8.4,4.8,5.4,0,2015,4,6,Monday,2.0,1,False,False,True,False,False,True,False,False,False,Low,0,Med_Missed,2,-0.6238819641942533,-0.5131943544939829,0.4363636363636363,0.02839125491297345,0.08239275123632966,0.17470443786233258,0.16666666666666666,0.558139534883721,0.19271317829457363,0.5753424657534246,0.061276797742609024,0.11575599956882407,0.6164705882352941,0.16666666666666666,0.7246376811594203,0.19892307692307692,0.2560157041540018,-0.5782564117594655,-0.2977356474875426,-1.150943396226415,0.0,0.5555555555555556,0.010159924741298199,3.2906381910950917,5.085272854036448,0.03723008190618019,-0.4529489832854036,-1.1851675947237892,0.302,8.33,0.2586
CUST00228,33.0,509362.29,151666.05,515.0,40,33.33,2016-01-09,1,Male,Graduate,Salaried,2,8.4,4.8,5.4,0,2016,1,9,Saturday,2.0,1,False,False,True,False,False,False,False,True,False,Mid-High,0,High_Missed,1,-0.11722834044283492,0.27238720659820964,0.2727272727272727,0.095034779127043,0.20518088995119704,0.15192020455178334,0.3333333333333333,0.32558139534883723,0.2506201550387597,0.4520547945205479,0.12566467277593418,0.23407968884767358,0.6058823529411764,0.3333333333333333,0.5797101449275363,0.2563846153846154,-0.386841438703141,0.22694335422669168,0.6555033941912056,-1.2358490566037736,0.5,-0.5555555555555556,0.29125117591721544,3.5360196074696004,5.773214009544423,0.029129041654529567,0.6736760870500245,0.2595697244509738,0.2978,6.67,0.3333
CUST00229,28.0,233201.08,55076.6,712.0,46,51.49,2015-11-30,0,Female,Graduate,Salaried,0,8.4,4.8,5.4,0,2015,11,30,Monday,2.0,0,False,False,True,False,False,False,False,True,False,Low,1,Low_Missed,1,-0.6533411115282594,-0.7173607811504965,0.18181818181818177,0.0245162971377915,0.050481086351572016,0.6506417559049138,0.0,0.4651162790697674,0.3913953488372093,0.3835616438356164,0.05753299367566934,0.08500460973822276,0.8376470588235294,0.0,0.6666666666666666,0.3960769230769231,-0.7439842958459982,-0.6250743904089804,-0.5454749256580366,0.6226415094339622,-0.5,0.1111111111111111,0.9746001881467548,3.9606226752642084,7.175653280364095,0.019051247856734614,-0.984219462162099,-1.3309054906286648,0.2362,7.67,0.5149
CUST00230,32.0,819460.8,48482.37,719.0,48,34.83,2024-10-16,0,Male,Graduate,Unemployed,2,8.55,5.0,5.9,0,2024,10,16,Wednesday,2.0,1,False,False,False,True,False,False,False,True,False,High,1,High_Missed,2,0.48476703575631064,-0.7849315756135788,0.2545454545454545,0.17421923878496792,0.03991962145151559,0.6683628262575629,0.3333333333333333,0.5116279069767442,0.2622480620155038,0.4383561643835616,0.20216901664374343,0.07482714875344737,0.8458823529411764,0.3333333333333333,0.6956521739130435,0.26792307692307693,-0.4582700101317125,1.183665093333652,-0.6274665641454642,0.6886792452830188,0.5,0.3333333333333333,0.34769520225776107,3.5787855313168624,5.901694671871801,0.027909572983533353,-1.2106293999202211,1.0283852388021308,0.0592,8.0,0.3483
CUST00231,25.0,274322.23,323137.51,635.0,48,16.93,2018-07-20,0,Male,Graduate,Salaried,1,8.4,4.8,5.4,0,2018,7,20,Friday,2.0,1,False,False,True,False,False,True,False,False,False,Low,0,Med_Missed,2,-0.5735124720291805,2.029447967285146,0.12727272727272726,0.03501668955587335,0.47981338019667386,0.4557099820257715,0.16666666666666666,0.5116279069767442,0.12348837209302325,0.3424657534246575,0.06767798469752159,0.4987268264440989,0.7470588235294118,0.16666666666666666,0.6956521739130435,0.13023076923076923,-0.9582700101317124,-0.4982066471809392,2.7875530738704724,-0.10377358490566038,0.0,0.3333333333333333,-0.3258701787394168,2.8864752876170416,4.114608122288197,0.055772448410485224,1.7629512050389218,-0.9621434733399123,1.1779,8.0,0.1693
CUST00232,48.0,459145.22,55592.87,682.0,51,30.12,2019-11-20,0,Male,Secondary,Salaried,0,8.4,4.8,5.4,0,2019,11,20,Wednesday,1.0,1,False,False,True,False,False,False,True,False,False,Mid-High,0,Low_Missed,2,-0.21471492283972815,-0.7120705844091856,0.5454545454545454,0.08221171992061796,0.05130795582442209,0.5746943115364167,0.0,0.5813953488372092,0.22573643410852712,0.6575342465753424,0.11327562907716297,0.08580141509420974,0.8023529411764706,0.0,0.7391304347826086,0.2316923076923077,0.6845871327254304,0.07201270801605378,-0.5390557041261967,0.33962264150943394,-0.5,0.6666666666666666,0.17046095954844787,3.4378506993101907,5.488169093604897,0.032133676092544985,-0.9678176595024892,0.07334766142483798,0.1211,8.5,0.3012
CUST00233,38.415780141843975,288113.56,196351.95,710.0,36,53.29,2022-12-31,1,Female,Graduate,Self-Employed,2,8.4,4.8,5.4,0,2022,12,31,Saturday,2.0,0,False,False,True,False,False,True,False,False,False,Low,1,High_Missed,0,-0.5467393124559966,0.7302817241230526,0.37119600257898133,0.03853834147872241,0.27675081765730253,0.6455785929470139,0.3333333333333333,0.2325581395348837,0.4053488372093023,0.5262435635869037,0.07108044107409185,0.3030474081749605,0.8352941176470589,0.3333333333333333,0.5217391304347826,0.4099230769230769,0.0,-0.4556573772015446,1.2111209808215393,0.6037735849056604,0.5,-1.0,1.0423330197554093,3.9943400479173596,7.3,0.01841959845275373,1.0589776094028764,-0.8549748750107563,0.6815,6.0,0.5329
CUST00234,50.0,336642.22,105984.93,585.0,41,33.01,2022-07-13,1,Male,Post-Graduate,Unemployed,3,8.75,5.2,6.1,0,2022,7,13,Wednesday,3.0,1,False,True,False,False,False,False,False,True,False,Mid-Low,0,High_Missed,1,-0.45253044659224123,-0.19570528795587655,0.5818181818181818,0.05093026080791607,0.13201699583842486,0.3291309080782765,0.5,0.34883720930232565,0.24813953488372092,0.684931506849315,0.08305293746591262,0.16357595807988978,0.6882352941176471,0.5,0.5942028985507246,0.2539230769230769,0.8274442755825733,-0.30593584518989336,0.08751139561960576,-0.5754716981132075,1.0,-0.4444444444444444,0.27920978363123233,3.526654599019104,5.74543296888929,0.02940311673037342,0.11458903907577103,-0.5272456718854261,0.3148,6.83,0.3301
CUST00235,38.415780141843975,930125.98,76720.79,593.0,41,48.08,2015-09-28,1,Female,Secondary,Salaried,1,9.1,5.6,7.2,0,2015,9,28,Monday,1.0,0,True,False,False,False,False,False,False,True,False,High,0,Med_Missed,1,0.6996017560722712,-0.49557368640101135,0.37119600257898133,0.20247787982534893,0.08514690070368779,0.3493835599098756,0.16666666666666666,0.34883720930232565,0.3649612403100775,0.5262435635869037,0.2294712019554787,0.11841001101662309,0.6976470588235294,0.16666666666666666,0.5942028985507246,0.3698461538461538,0.0,1.525091382251276,-0.27635440638085085,-0.5,0.0,-0.4444444444444444,0.8462841015992475,3.8934516198427107,6.9339743293438865,0.020374898125509373,-0.4148704409738132,1.2117725198707479,0.0825,6.83,0.4808
CUST00236,27.0,465901.06,96095.97,665.0,37,9.76,2025-09-08,1,Female,Graduate,Salaried,5,8.75,5.2,6.1,0,2025,9,8,Monday,2.0,0,False,True,False,False,False,True,False,False,False,Mid-High,0,High_Missed,0,-0.2015997858390981,-0.2970370406568955,0.16363636363636364,0.08393684120525553,0.11617861835719324,0.5316574263942684,0.8333333333333333,0.2558139534883721,0.06790697674418604,0.3698630136986301,0.11494236106654242,0.14831344758510806,0.7823529411764706,0.8333333333333334,0.5362318840579711,0.07507692307692307,-0.8154128672745696,0.09285595229326231,-0.03544640738948429,0.1792452830188679,2.0,-0.8888888888888888,-0.5956726246472249,2.3758355547336385,3.1240998703626617,0.0929368029739777,-0.04330965385911931,0.09998105609376015,0.2063,6.17,0.0976
CUST00237,33.0,334502.21,45222.2,722.0,43,41.09,2018-01-17,1,Male,Secondary,Unemployed,2,9.1,5.6,7.2,0,2018,1,17,Wednesday,1.0,1,True,False,False,False,False,False,False,False,True,Mid-Low,1,High_Missed,1,-0.45668485586373336,-0.8183383990007986,0.2727272727272727,0.05038380369816553,0.034698060932210534,0.6759575706944128,0.3333333333333333,0.39534883720930236,0.31077519379844964,0.4520547945205479,0.08252497600966265,0.06979543876172198,0.8494117647058823,0.3333333333333333,0.6231884057971014,0.3160769230769231,-0.386841438703141,-0.31253824417886705,-0.6680030149589113,0.7169811320754716,0.5,-0.2222222222222222,0.5832549388523051,3.7398101827824792,6.410148204214939,0.023758612497030172,-1.3359882576331343,-0.5403109618986071,0.1352,7.17,0.4109
CUST00238,18.0,249542.87,97904.46,698.2,44,34.87,2023-10-27,1,Female,Graduate,Salaried,0,8.75,5.2,6.1,0,2023,10,27,Friday,2.0,0,False,True,False,False,False,True,False,False,False,Low,0,Low_Missed,1,-0.6216167345913387,-0.278505520512991,0.0,0.028689215643569813,0.11907513601840665,0.6157059314954052,0.0,0.4186046511627908,0.26255813953488366,0.2465753424657534,0.06156467354918929,0.15110465086681896,0.8214117647058824,0.0,0.6376811594202898,0.2682307692307692,-1.4582700101317125,-0.5746563934024139,-0.01295992173640145,0.4924528301886797,-0.5,-0.1111111111111111,0.3492003762935089,3.579901291544191,5.90508255657785,0.027878449958182328,-0.013081464691851202,-1.1744653012312607,0.3923,7.33,0.3487
CUST00239,37.0,173537.55,51552.49,634.0,51,19.97,2024-07-25,0,Male,Secondary,Unemployed,2,8.55,5.0,5.9,0,2024,7,25,Thursday,1.0,1,False,False,False,True,False,False,False,True,False,Low,0,High_Missed,2,-0.7691661414122113,-0.7534721864965784,0.34545454545454546,0.009281059843892887,0.04483679367919967,0.45317840054682157,0.3333333333333333,0.5813953488372092,0.14705426356589146,0.5068493150684932,0.0428134156438776,0.07956553769629264,0.7458823529411764,0.3333333333333333,0.7391304347826086,0.1536153846153846,-0.10112715298885533,-0.8091494321847706,-0.5892931657118304,-0.11320754716981132,0.5,0.6666666666666666,-0.21147695202257769,3.0430928449138284,4.468780594300866,0.047687172150691466,-1.1010982836440297,-2.0603408922277606,0.2971,8.5,0.1997
CUST00240,36.0,236655.24,77865.15,630.0,53,53.97,2021-03-11,1,Male,Graduate,Self-Employed,3,8.4,4.8,5.4,0,2021,3,11,Thursday,2.0,1,False,False,True,False,False,False,True,False,False,Low,0,High_Missed,2,-0.6466355380359776,-0.4838474781323018,0.32727272727272727,0.02539832586205728,0.0869797330393856,0.44305207463102203,0.5,0.627906976744186,0.41062015503875965,0.4931506849315068,0.058385168826122116,0.12017620346859058,0.7411764705882353,0.5,0.7681159420289855,0.41515384615384615,-0.17255572441742675,-0.6144175511924563,-0.2621256106883329,-0.1509433962264151,1.0,0.8888888888888888,1.0679209783631234,4.006787581872569,7.346427703312679,0.01819174094960888,-0.3900671244019873,-1.2966163169709983,0.329,8.83,0.5397
CUST00241,47.0,467885.84,171987.96,683.0,45,90.44,2016-11-11,0,Female,Secondary,Unemployed,1,8.55,5.0,5.9,0,2016,11,11,Friday,1.0,0,False,False,False,True,False,False,False,False,True,Mid-High,0,Med_Missed,1,-0.1977467251366376,0.4806249544030715,0.5272727272727272,0.0844436599314721,0.2377289113528021,0.5772258930153666,0.16666666666666666,0.4418604651162792,0.6933333333333332,0.6438356164383562,0.11543202575929425,0.2654442979318452,0.8035294117647059,0.16666666666666666,0.6521739130434783,0.6956923076923077,0.613158561296859,0.09897943277481876,0.9081828879446903,0.3490566037735849,0.0,0.0,2.440263405456256,4.515683019486556,9.509994742374992,0.010936132983377079,0.8630904312285367,0.10770573067136727,0.3676,7.5,0.9044
CUST00242,18.0,722242.97,114980.11,649.0,41,4.49,2021-04-07,1,Female,Graduate,Salaried,0,8.4,4.8,5.4,0,2021,4,7,Wednesday,2.0,0,False,False,True,False,True,False,False,False,False,High,0,Low_Missed,1,0.29603770537637875,-0.10353206091671838,0.0,0.14939441348133778,0.14642387546496044,0.49115212273107,0.0,0.34883720930232565,0.027054263565891475,0.2465753424657534,0.17818442446881738,0.17745901849801776,0.7635294117647059,0.0,0.5942028985507246,0.03453846153846154,-1.4582700101317125,0.8837268208479027,0.19935607599765448,0.02830188679245283,-0.5,-0.4444444444444444,-0.7939793038570087,1.7029282555214393,2.118962010041709,0.18214936247723132,0.24422129108529445,0.8369647902141685,0.1592,6.83,0.0449
CUST00243,51.0,334310.09,40566.49,606.0,51,20.77,2017-10-23,0,Male,Post-Graduate,Salaried,0,8.75,5.2,6.1,0,2017,10,23,Monday,3.0,1,False,True,False,False,True,False,False,False,False,Mid-Low,0,Low_Missed,2,-0.45705781912523175,-0.8660452614380683,0.6,0.050334745357351565,0.027241372622909557,0.38229411913622435,0.0,0.5813953488372092,0.15325581395348836,0.6986301369863014,0.08247757812134682,0.0626098679094119,0.7129411764705882,0.0,0.7391304347826086,0.15976923076923077,0.8988728470111447,-0.31313097640617515,-0.7258913948337871,-0.37735849056603776,-0.5,0.6666666666666666,-0.18137347130762,3.080532875246456,4.557411546042337,0.04593477262287552,-1.5341719142253512,-0.5414894748575775,0.1213,8.5,0.2077
CUST00244,47.0,970213.86,164537.35,750.0,54,24.45,2024-10-06,0,Male,Secondary,Self-Employed,0,8.55,5.0,5.9,0,2024,10,6,Sunday,1.0,1,False,False,False,True,False,False,False,False,True,High,1,Low_Missed,2,0.7774245047260012,0.4042788704881059,0.5272727272727272,0.21271442406618302,0.22579584926685586,0.74684185210501,0.0,0.6511627906976745,0.1817829457364341,0.6438356164383562,0.2393612751340034,0.2539451096130002,0.8823529411764706,0.0,0.782608695652174,0.18807692307692306,0.613158561296859,1.6487712614958139,0.8155431526562924,0.9811320754716981,-0.5,1.0,-0.042897460018814705,3.2367157429965316,4.944694126030447,0.03929273084479371,0.7967701059475952,1.2710111759110716,0.1696,9.0,0.2445
CUST00245,52.0,309047.35,98296.15,607.0,40,25.88,2023-09-03,0,Male,Post-Graduate,Salaried,0,9.1,5.6,7.2,0,2023,9,3,Sunday,3.0,1,True,False,False,False,False,False,True,False,False,Low,0,Low_Missed,1,-0.5061004690564462,-0.27449188973528926,0.6181818181818182,0.043883839107016306,0.11970247540248984,0.3848257006151743,0.0,0.32558139534883723,0.19286821705426355,0.7123287671232876,0.07624501238601626,0.15170918084122487,0.7141176470588235,0.0,0.5797101449275363,0.19907692307692307,0.9703014184397161,-0.3910720556696873,-0.008089708704836045,-0.36792452830188677,-0.5,-0.5555555555555556,0.010912511759172124,3.2913825156549485,5.087238936790762,0.03720238095238095,-0.00661867812218166,-0.7050112147066371,0.3181,6.67,0.2588
CUST00246,37.0,392775.76,71302.65,627.0,44,15.4,2024-06-19,1,Female,Post-Graduate,Salaried,1,8.55,5.0,5.9,0,2024,6,19,Wednesday,3.0,0,False,False,False,True,False,False,False,False,True,Mid-Low,0,Med_Missed,1,-0.3435581992580318,-0.5510931366343523,0.34545454545454546,0.06526410599016644,0.07646908761048482,0.4354573301941722,0.16666666666666666,0.4186046511627908,0.11162790697674418,0.5068493150684932,0.09690163234250981,0.11004771421168134,0.7376470588235294,0.16666666666666666,0.6376811594202898,0.11846153846153847,-0.10112715298885533,-0.13275159476885734,-0.34372272325094355,-0.1792452830188679,0.0,-0.1111111111111111,-0.3834430856067733,2.797281334830153,3.924283374069717,0.06097560975609757,-0.538346294975721,-0.22033481268206132,0.1815,7.33,0.154
CUST00247,38.415780141843975,257870.2,154508.72,523.0,45,5.52,2024-07-09,1,Male,Post-Graduate,Unemployed,0,8.4,4.8,5.4,0,2024,7,9,Tuesday,3.0,1,False,False,True,False,False,False,False,True,False,Low,0,Low_Missed,1,-0.6054508582829217,0.3015159252350134,0.37119600257898133,0.03081562097987159,0.209733773218454,0.17217285638338264,0.0,0.4418604651162792,0.035038759689922476,0.5262435635869037,0.06361910753476609,0.23846703399905467,0.6152941176470588,0.0,0.6521739130434783,0.04246153846153846,0.0,-0.5489647587031128,0.6908487144149553,-1.1603773584905661,-0.5,0.0,-0.7552210724365006,1.8748743759385615,2.349468024894146,0.15337423312883436,0.7018649475228143,-1.1000190947714892,0.5992,7.5,0.0552
CUST00248,22.0,726054.87,89292.78,593.0,47,21.64,2017-01-19,1,Male,Secondary,Self-Employed,3,9.1,5.6,7.2,0,2017,1,19,Thursday,1.0,1,True,False,False,False,True,False,False,False,False,High,0,High_Missed,1,0.3034377608443445,-0.36674903935625786,0.0727272727272727,0.15036779204342776,0.105282478490459,0.3493835599098756,0.5,0.4883720930232558,0.15999999999999998,0.3013698630136986,0.17912485758598942,0.13781348006850427,0.6976470588235294,0.5,0.6811594202898551,0.16646153846153847,-1.1725557244174267,0.8954873662220222,-0.12003622227936274,-0.5,1.0,0.2222222222222222,-0.14863593603010347,3.119718253334982,4.651881339845203,0.044169611307420496,-0.16314793368599595,0.84512045689768,0.123,7.83,0.2164
CUST00249,46.0,1262690.48,49050.38,691.0,51,24.6,2015-05-08,1,Male,Graduate,Salaried,0,8.55,5.0,5.9,0,2015,5,8,Friday,2.0,1,False,False,False,True,True,False,False,False,False,High,0,Low_Missed,2,1.3452104411574743,-0.7791112012919407,0.509090909090909,0.28739908835972067,0.04082935885495481,0.5974785448469657,0.0,0.5813953488372092,0.18294573643410855,0.6301369863013698,0.3115181259030528,0.07570380904797186,0.8129411764705883,0.0,0.7391304347826086,0.18923076923076923,0.5417299898682876,2.5511256150672823,-0.6204040154358736,0.42452830188679247,-0.5,0.6666666666666666,-0.03725305738476006,3.242592351485517,4.959838707054898,0.0390625,-1.189776608733404,1.6210625246702086,0.0388,8.5,0.246
CUST00250,30.0,183338.88,299145.64,676.0,47,20.18,2022-03-15,1,Male,Primary,Salaried,3,9.1,5.6,7.2,0,2022,3,15,Tuesday,0.0,1,True,False,False,False,False,False,False,False,True,Low,0,High_Missed,1,-0.7501387834910076,1.7836042953848656,0.21818181818181814,0.011783854907239079,0.44138746953057384,0.5595048226627173,0.5,0.4883720930232558,0.14868217054263566,0.410958904109589,0.045231499886468365,0.4616980420558074,0.7952941176470588,0.5,0.6811594202898551,0.15523076923076923,-0.6011271529888553,-0.7789101850398513,2.489241863664374,0.2830188679245283,1.0,0.2222222222222222,-0.20357478833490125,3.0530573401732606,4.49221548904324,0.047214353163361665,1.657214630286319,-1.9187290527784202,1.6317,7.83,0.2018
CUST00251,20.0,372100.39,97697.14,698.0,48,25.05,2022-01-21,1,Female,Secondary,Salaried,1,8.4,4.8,5.4,0,2022,1,21,Friday,1.0,0,False,False,True,False,False,True,False,False,False,Mid-Low,0,Med_Missed,2,-0.38369537096261863,-0.2806299197389941,0.036363636363636376,0.059984596579825605,0.11874308771207219,0.6151996151996151,0.16666666666666666,0.5116279069767442,0.18643410852713177,0.273972602739726,0.09180081577917262,0.1507846754926868,0.8211764705882353,0.16666666666666666,0.6956521739130435,0.1926923076923077,-1.3154128672745695,-0.19653963406991642,-0.015537706631865222,0.49056603773584906,0.0,0.3333333333333333,-0.020319849482596398,3.260017768199376,5.004997502496879,0.03838771593090211,-0.016514177568138787,-0.3259984737157946,0.2626,8.0,0.2505
CUST00252,26.0,832667.7,94011.17,694.0,46,30.65,2024-12-13,1,Female,Post-Graduate,Salaried,2,9.1,5.6,7.2,0,2024,12,13,Friday,3.0,0,True,False,False,False,True,False,False,False,False,High,0,High_Missed,1,0.5104056392243648,-0.31839989762376414,0.14545454545454545,0.1775916549899224,0.11283955647678605,0.6050732892838155,0.3333333333333333,0.4651162790697674,0.22984496124031006,0.3561643835616438,0.2054272884072155,0.14509579053325214,0.8164705882352942,0.3333333333333333,0.6666666666666666,0.23576923076923076,-0.886841438703141,1.224411268915765,-0.061368488954517575,0.4528301886792453,0.5,0.1111111111111111,0.19040451552210721,3.4547381485901854,5.5362442142665635,0.031595576619273306,-0.07897449485942251,1.0519994271676123,0.1129,7.67,0.3065
CUST00253,38.0,214599.17,77415.08,817.0,47,22.29,2022-05-01,0,Male,Graduate,Salaried,0,9.1,5.6,7.2,0,2022,5,1,Sunday,2.0,1,True,False,False,False,False,False,False,True,False,Low,1,Low_Missed,1,-0.689453067720737,-0.4884593262880378,0.36363636363636365,0.01976625112191304,0.08625889095356688,0.9164578111946531,0.0,0.4883720930232558,0.1650387596899225,0.5205479452054794,0.05294372003085874,0.11948157045375521,0.9611764705882353,0.0,0.6811594202898551,0.17146153846153844,-0.0296985815602839,-0.6824653520292446,-0.26772171163325537,1.6132075471698113,-0.5,0.2222222222222222,-0.12417685794920043,3.1480240838962494,4.72122865364515,0.042936882782310004,-0.39977204698651764,-1.5282513230223789,0.3607,7.83,0.2229
CUST00254,29.0,587329.9,200381.72,590.0,34,15.25,2024-03-26,1,Male,Graduate,Self-Employed,0,8.55,5.0,5.9,0,2024,3,26,Tuesday,2.0,1,False,False,False,True,False,False,True,False,False,Mid-High,0,Low_Missed,0,0.034130467160911,0.7715746059915185,0.19999999999999996,0.11494401077304423,0.28320498659140103,0.341788815473026,0.0,0.18604651162790697,0.11046511627906977,0.3972602739726027,0.14490004687041547,0.30926691021729424,0.6941176470588235,0.0,0.4927536231884058,0.11730769230769231,-0.6725557244174267,0.4674904869207935,1.261226519304043,-0.5283018867924528,-0.5,-1.2222222222222223,-0.3890874882408279,2.7880929087757464,3.905124837953327,0.06153846153846154,1.0886858208001493,0.5039447039159419,0.3412,5.67,0.1525
CUST00255,42.0,814831.07,72046.92,520.0,41,25.16,2019-01-03,1,Male,Secondary,Self-Employed,0,8.4,4.8,5.4,0,2019,1,3,Thursday,1.0,1,False,False,True,False,False,True,False,False,False,High,0,Low_Missed,1,0.4757793239061294,-0.5434666335862272,0.4363636363636363,0.17303702520899142,0.07766112693595043,0.16457811194653305,0.0,0.34883720930232565,0.18728682170542638,0.5753424657534246,0.20102681684428253,0.11119641222299409,0.611764705882353,0.0,0.5942028985507246,0.19353846153846155,0.2560157041540018,1.1693813635047154,-0.3344685848940712,-1.1886792452830188,-0.5,-0.4444444444444444,-0.01618062088428974,3.264231526588998,5.015974481593781,0.0382262996941896,-0.5207600704016441,1.0199840366137733,0.0884,6.83,0.2516
CUST00256,18.0,460061.02,39066.17,566.0,38,32.41,2016-06-07,1,Female,Graduate,Salaried,2,8.4,4.8,5.4,0,2016,6,7,Tuesday,2.0,0,False,False,True,False,False,False,True,False,False,Mid-High,0,High_Missed,0,-0.21293707693674976,-0.8814189766935039,0.0,0.08244557182837053,0.024838426862926574,0.2810308599782283,0.3333333333333333,0.2790697674418605,0.2434883720930232,0.2465753424657534,0.11350156591934303,0.06029429076626128,0.6658823529411765,0.3333333333333333,0.5507246376811594,0.24930769230769229,-1.4582700101317125,0.07483815135234778,-0.7445461422501582,-0.7547169811320755,0.5,-0.7777777777777778,0.256632173095014,3.508855256368665,5.692978130996113,0.0299311583358276,-1.6036435659473303,0.07698920266082675,0.0849,6.33,0.3241
CUST00257,18.0,582527.42,65696.01,594.0,39,26.88,2015-06-09,1,Female,Graduate,Salaried,1,8.55,5.0,5.9,0,2015,6,9,Tuesday,2.0,0,False,False,False,True,True,False,False,False,False,Mid-High,0,Med_Missed,0,0.024807395101361724,-0.6085441383538094,0.0,0.1137176850360454,0.06748936874000983,0.3519151413888255,0.16666666666666666,0.3023255813953488,0.20062015503875968,0.2465753424657534,0.14371522795162003,0.10139448861056019,0.6988235294117647,0.16666666666666666,0.5652173913043478,0.20676923076923076,-1.4582700101317125,0.45267378555184346,-0.4134348200399775,-0.49056603773584906,0.0,-0.6666666666666666,0.048541862652869215,3.327909585892323,5.184592558726288,0.035868005738880916,-0.6779689276250469,0.4901981516977799,0.1128,6.5,0.2688
CUST00258,53.0,1067095.67,218833.13,572.0,39,94.45,2020-01-04,1,Male,Graduate,Self-Employed,2,8.4,4.8,5.4,0,2020,1,4,Saturday,2.0,1,False,False,True,False,False,True,False,False,False,High,0,High_Missed,0,0.9655015182460085,0.9606454198187674,0.6363636363636364,0.23745344579038202,0.3127571737416142,0.2962203488519277,0.3333333333333333,0.3023255813953488,0.7244186046511628,0.726027397260274,0.26326296787924025,0.3377446104778394,0.6729411764705883,0.3333333333333333,0.5652173913043478,0.7265384615384616,1.0417299898682875,1.9476728387753373,1.4906485046311104,-0.6981132075471698,0.5,-0.6666666666666666,2.5911571025399818,4.558602550171757,9.718538984847465,0.010476689366160294,1.2164950187084715,1.4013437557894166,0.2051,6.5,0.9445
CUST00259,48.0,1171989.48,162637.54,637.0,47,34.11,2015-01-09,1,Male,Post-Graduate,Self-Employed,4,9.1,5.6,7.2,0,2015,1,9,Friday,3.0,1,True,False,False,False,False,False,False,True,False,High,0,High_Missed,1,1.1691322567874858,0.38481159818657745,0.5454545454545454,0.26423835251667055,0.222753071469937,0.46077314498367117,0.6666666666666666,0.4883720930232558,0.25666666666666665,0.6575342465753424,0.28914129960629253,0.2510129640624983,0.7494117647058823,0.6666666666666666,0.6811594202898551,0.2623846153846154,0.6845871327254304,2.2712931887239876,0.7919212082117097,-0.08490566037735849,1.5,0.2222222222222222,0.3206020696142992,3.558485990180341,5.840376700179536,0.028481913984619765,0.7793084062807337,1.5254040854891047,0.1388,7.83,0.3411
CUST00260,26.0,428916.01,84710.14,750.0,56,25.98,2020-12-15,1,Male,Secondary,Self-Employed,1,8.4,4.8,5.4,0,2020,12,15,Tuesday,1.0,1,False,False,True,False,False,True,False,False,False,Mid-Low,1,Med_Missed,3,-0.2733989992196919,-0.4137071566100235,0.14545454545454545,0.07449261266100572,0.0979428207124327,0.74684185210501,0.16666666666666666,0.6976744186046513,0.1936434108527132,0.3561643835616438,0.10581778648162062,0.13074068463867075,0.8823529411764706,0.16666666666666666,0.8115942028985508,0.19984615384615384,-0.886841438703141,-0.021251017640123913,-0.17701606104719847,0.9811320754716981,0.0,1.2222222222222223,0.014675446848541886,3.2950958507796098,5.0970579749498635,0.037064492216456635,-0.24991984910361736,-0.05271588343356718,0.1975,9.33,0.2598
CUST00261,38.0,339018.88,225021.92,773.0,47,13.41,2019-08-10,0,Male,Secondary,Salaried,1,8.75,5.2,6.1,0,2019,8,10,Saturday,1.0,1,False,True,False,False,True,False,False,False,False,Mid-Low,1,Med_Missed,1,-0.4479166278067286,1.024061687838715,0.36363636363636365,0.05153714710959681,0.3226692769528793,0.8050682261208577,0.16666666666666666,0.4883720930232558,0.0962015503875969,0.5205479452054794,0.08363928279822934,0.3472963198916706,0.9094117647058824,0.16666666666666666,0.6811594202898551,0.10315384615384615,-0.0296985815602839,-0.2986033291824286,1.56759896470827,1.1981132075471699,0.0,0.2222222222222222,-0.45832549388523053,2.667922410011431,3.661966684720111,0.06939625260235947,1.2566229593157325,-0.5128676293609167,0.6637,7.83,0.1341
CUST00262,49.0,279291.12,154626.12,690.0,32,13.69,2017-12-18,1,Female,Graduate,Self-Employed,0,9.1,5.6,7.2,0,2017,12,18,Monday,2.0,0,True,False,False,False,True,False,False,False,False,Low,0,Low_Missed,0,-0.5638663476255444,0.3027189180438729,0.5636363636363636,0.03628550851843357,0.20992180366010776,0.594946963368016,0.0,0.13953488372093026,0.09837209302325581,0.6712328767123288,0.0689038585954688,0.23864822784877063,0.8117647058823529,0.0,0.463768115942029,0.10530769230769231,0.7560157041540018,-0.4828765345588851,0.6923084479029324,0.41509433962264153,-0.5,-1.4444444444444444,-0.4477892756349954,2.6871669901857858,3.6999999999999997,0.06807351940095303,0.7030163382692872,-0.9227013801281698,0.5536,5.33,0.1369
CUST00263,43.0,721063.2,84123.93,821.0,45,20.22,2021-10-17,0,Male,Post-Graduate,Salaried,0,8.75,5.2,6.1,0,2021,10,17,Sunday,3.0,1,False,True,False,False,True,False,False,False,False,High,1,Low_Missed,1,0.2937474135430562,-0.4197140255579073,0.4545454545454545,0.14909315614872232,0.09700393378567064,0.9265841371104528,0.0,0.4418604651162792,0.1489922480620155,0.589041095890411,0.17789336363861563,0.12983593466727375,0.9658823529411765,0.0,0.6521739130434783,0.15553846153846154,0.3274442755825732,0.8800869723167174,-0.18430490574896283,1.650943396226415,-0.5,0.0,-0.2020696142991534,3.054944133185837,4.496665431183423,0.047125353440150806,-0.2614061637727263,0.8344287394347604,0.1167,7.5,0.2022
CUST00264,40.0,222818.37,89362.29,621.0,34,20.72,2022-10-23,1,Male,Secondary,Salaried,2,8.75,5.2,6.1,0,2022,10,23,Sunday,1.0,1,False,True,False,False,False,False,False,True,False,Low,0,High_Missed,0,-0.6734971045783924,-0.3660367733414042,0.4,0.021865045181969682,0.10539380724684193,0.4202678413204728,0.3333333333333333,0.18604651162790697,0.15286821705426357,0.547945205479452,0.05497147728489487,0.13792076102671344,0.7305882352941176,0.3333333333333333,0.4927536231884058,0.15938461538461537,0.11315856129685896,-0.6571073220339767,-0.11917194566309963,-0.2358490566037736,0.5,-1.2222222222222223,-0.18325493885230487,3.0782334950657346,4.551922670696417,0.04604051565377532,-0.16187127080486086,-1.4382873573841608,0.4011,5.67,0.2072
CUST00265,50.0,4053345.1346999966,120281.56,519.0,41,20.1,2015-06-16,1,Female,Secondary,Self-Employed,1,9.1,5.6,7.2,0,2015,6,16,Tuesday,1.0,0,True,False,False,False,True,False,False,False,False,High,0,Med_Missed,1,6.762718570100179,-0.0492083281524219,0.5818181818181818,1.0,0.15491479526824364,0.1620465304675831,0.16666666666666666,0.34883720930232565,0.148062015503876,0.684931506849315,1.0,0.18564121725931929,0.6105882352941177,0.16666666666666666,0.5942028985507246,0.15461538461538463,0.8274442755825733,11.16090569589229,0.2652734874102338,-1.1981132075471699,0.0,-0.4444444444444444,-0.20658513640639697,3.0492730404820207,4.483302354291979,0.04739336492890995,0.31529997757584743,2.824666099397965,0.0297,6.83,0.201
CUST00266,30.0,465722.33,59926.12,734.0,43,35.18,2020-06-22,1,Male,Secondary,Salaried,1,9.1,5.6,7.2,0,2020,6,22,Monday,1.0,1,True,False,False,False,True,False,False,False,False,Mid-High,1,Med_Missed,1,-0.201946755044426,-0.6676679558828601,0.21818181818181814,0.08389120203570692,0.058248185051817794,0.7063365484418116,0.16666666666666666,0.39534883720930236,0.2649612403100775,0.410958904109589,0.11489826662255591,0.09248930478144812,0.8635294117647059,0.16666666666666666,0.6231884057971014,0.2706153846153846,-0.6011271529888553,0.09230453114509049,-0.485176742143426,0.8301886792452831,0.0,-0.2222222222222222,0.3608654750705551,3.588506479967149,5.931273050534767,0.027639579878385848,-0.8366692526887941,0.0992832454931621,0.1287,7.17,0.3518
CUST00267,38.0,344035.02,98982.96,503.0,47,52.78,2025-10-19,1,Male,Post-Graduate,Salaried,0,8.55,5.0,5.9,0,2025,10,19,Sunday,3.0,1,False,False,False,True,False,False,False,True,False,Mid-Low,0,Low_Missed,1,-0.4381787768045822,-0.2674541768643111,0.36363636363636365,0.05281803148233534,0.12080248551860771,0.12154122680438473,0.0,0.4883720930232558,0.4013953488372093,0.5205479452054794,0.08487681373460525,0.15276919572984016,0.591764705882353,0.0,0.6811594202898551,0.406,-0.0296985815602839,-0.28312743997417666,0.0004499808767453058,-1.349056603773585,-0.5,0.2222222222222222,1.0231420507996238,3.9849016508407185,7.264984514780469,0.01859427296392711,0.0046426938610142285,-0.48296776452861234,0.2877,7.83,0.5278
CUST00268,38.0,508850.8,118789.47,590.0,37,42.33,2018-06-02,1,Male,Secondary,Salaried,3,8.75,5.2,6.1,0,2018,6,2,Saturday,1.0,1,False,True,False,False,False,True,False,False,False,Mid-High,0,High_Missed,0,-0.11822129785811593,-0.0644977109477475,0.36363636363636365,0.09490416882752745,0.15252503085864233,0.341788815473026,0.5,0.2558139534883721,0.32038759689922475,0.5205479452054794,0.12553848317623265,0.18333834220631484,0.6941176470588235,0.5,0.5362318840579711,0.3256153846153846,-0.0296985815602839,0.22536529568543714,0.24672107054416975,-0.5283018867924528,1.0,-0.8888888888888888,0.6299153339604893,3.768845235751818,6.506150935845248,0.023078698361412416,0.29566299781126315,0.25780060173021063,0.2334,6.17,0.4233
CUST00269,35.0,1594796.44,35875.87,692.0,45,38.93,2023-12-23,1,Male,Graduate,Salaried,1,8.75,5.2,6.1,0,2023,12,23,Saturday,2.0,1,False,True,False,False,False,True,False,False,False,High,0,Med_Missed,1,1.9899289608568378,-0.914109845161175,0.3090909090909091,0.3722032075145545,0.019728771683982252,0.6000101263259157,0.16666666666666666,0.4418604651162792,0.29403100775193797,0.4794520547945205,0.3934519235352597,0.055370417352727186,0.8141176470588235,0.16666666666666666,0.6521739130434783,0.29946153846153845,-0.24398429584599818,3.5757451516751377,-0.7842138402628815,0.4339622641509434,0.0,0.0,0.5019755409219192,3.6871279210751298,6.239390995922599,0.02504382669671926,-1.7620899257269182,1.9044820834106388,0.0225,7.5,0.3893
CUST00270,34.0,416316.35,88115.86,642.0,50,12.14,2018-11-15,0,Male,Post-Graduate,Salaried,2,8.55,5.0,5.9,0,2018,11,15,Thursday,3.0,1,False,False,False,True,False,True,False,False,False,Mid-Low,0,High_Missed,2,-0.2978587654458545,-0.3788088885607125,0.2909090909090909,0.07127525676666888,0.10339749733721225,0.47343105237842065,0.3333333333333333,0.558139534883721,0.08635658914728682,0.4657534246575342,0.1027093267819675,0.13599703487593412,0.7552941176470588,0.3333333333333333,0.7246376811594203,0.09338461538461539,-0.31541286727456963,-0.06012372498514286,-0.13466986398864847,-0.03773584905660377,0.5,0.5555555555555556,-0.5061147695202258,2.5756610130564646,3.4842502780368694,0.076103500761035,-0.18493821028015256,-0.10889407363061059,0.2117,8.33,0.1214
CUST00271,39.0,355861.61,82303.28,635.0,48,58.18,2018-02-14,0,Male,Primary,Self-Employed,1,8.75,5.2,6.1,0,2018,2,14,Wednesday,0.0,1,False,True,False,False,False,False,False,True,False,Mid-Low,0,Med_Missed,2,-0.41521977420826844,-0.43837014870484187,0.38181818181818183,0.05583798194499902,0.09408794039898442,0.4557099820257715,0.16666666666666666,0.5116279069767442,0.44325581395348834,0.5342465753424658,0.08779454948297627,0.12702596377727882,0.7470588235294118,0.16666666666666666,0.6956521739130435,0.44753846153846155,0.04172998986828753,-0.24663982269247817,-0.20694258696604725,-0.10377358490566038,0.0,0.3333333333333333,1.2263405456255883,4.080583646972063,7.6275815302099526,0.01689760054072322,-0.297672868512137,-0.4147666672025235,0.2313,8.0,0.5818
CUST00272,38.0,735029.5,182926.7,631.4,39,13.16,2024-11-05,1,Male,Graduate,Salaried,1,8.75,5.2,6.1,0,2024,11,5,Tuesday,2.0,1,False,True,False,False,False,False,False,True,False,High,0,Med_Missed,0,0.32086024301976074,0.592713758133772,0.36363636363636365,0.15265948711535765,0.25524863974578255,0.44659628870155177,0.16666666666666666,0.3023255813953488,0.09426356589147286,0.5205479452054794,0.18133898683029426,0.2823270271621878,0.7428235294117647,0.16666666666666666,0.5652173913043478,0.10123076923076924,-0.0296985815602839,0.9231760630217632,1.0441934935177393,-0.137735849056604,0.0,-0.6666666666666666,-0.4677328316086548,2.6504210882655737,3.627671429443411,0.07062146892655367,0.954726279541809,0.8640935261853975,0.2489,6.5,0.1316
CUST00273,26.0,498715.87,32640.26,649.0,45,31.83,2019-02-05,1,Male,Graduate,Salaried,2,8.4,4.8,5.4,0,2019,2,5,Tuesday,2.0,1,False,False,True,False,False,False,False,True,False,Mid-High,0,High_Missed,1,-0.1378962746843574,-0.947265003272538,0.14545454545454545,0.09231618813803336,0.014546547004941388,0.49115212273107,0.3333333333333333,0.4418604651162792,0.23899224806201547,0.3561643835616438,0.12303809654168811,0.05037661299089128,0.7635294117647059,0.3333333333333333,0.6521739130434783,0.24484615384615382,-0.886841438703141,0.19409681956368055,-0.8244449158253515,0.02830188679245283,0.5,0.0,0.2348071495766698,3.4913427315135013,5.641808220774612,0.03045994517209869,-1.940175410100073,0.2222384355431461,0.0654,7.5,0.3183
CUST00274,47.0,908606.95,78519.04,661.6,48,37.27,2024-12-15,1,Male,Graduate,Self-Employed,0,8.4,4.8,5.4,0,2024,12,15,Sunday,2.0,1,False,False,True,False,False,False,False,True,False,High,0,Low_Missed,2,0.6578267841116168,-0.47714709510176373,0.5272727272727272,0.1969829396435574,0.08802701775397666,0.5230500493658388,0.0,0.5116279069767442,0.2811627906976744,0.6438356164383562,0.22416224619551164,0.1211854099966211,0.7783529411764706,0.0,0.6956521739130435,0.2866923076923077,0.613158561296859,1.4587004672949453,-0.25399524330798007,0.14716981132075493,-0.5,0.3333333333333333,0.43951081843838213,3.644666299437611,6.104916051838878,0.026130128037627383,-0.37608098206756124,1.178517690379736,0.0864,8.0,0.3727
CUST00275,27.0,480385.32,73935.41,652.0,35,59.34,2022-07-11,1,Female,Secondary,Salaried,1,8.55,5.0,5.9,0,2022,7,11,Monday,1.0,0,False,False,False,True,False,False,False,True,False,Mid-High,0,Med_Missed,0,-0.17348143871235364,-0.5241153568434405,0.16363636363636364,0.08763543460270493,0.08068577437001136,0.4987468671679198,0.16666666666666666,0.2093023255813954,0.4522480620155039,0.3698630136986301,0.11851577007038043,0.11411108661183683,0.7670588235294118,0.16666666666666666,0.5072463768115942,0.4564615384615385,-0.8154128672745696,0.1375430629049108,-0.31098739158308225,0.05660377358490566,0.0,-1.1111111111111112,1.2699905926622768,4.099995233730915,7.703246069028303,0.016572754391779913,-0.47705437975110254,0.1553473139572258,0.1539,5.83,0.5934
CUST00276,36.0,390736.38,175613.81,584.0,51,83.36,2024-05-03,1,Male,Secondary,Unemployed,2,9.1,5.6,7.2,0,2024,5,3,Friday,1.0,1,True,False,False,False,True,False,False,False,False,Mid-Low,0,High_Missed,2,-0.3475172551409931,0.5177788852037817,0.32727272727272727,0.06474334501218826,0.24353615306379328,0.32659932659932656,0.3333333333333333,0.5813953488372092,0.6384496124031007,0.4931506849315068,0.09639849729424037,0.27104039435427024,0.6870588235294117,0.3333333333333333,0.7391304347826086,0.6412307692307693,-0.17255572441742675,-0.13904352819446444,0.9532661474624262,-0.5849056603773585,0.5,0.6666666666666666,2.1738476011288808,4.435093355610574,9.130169768410662,0.011853959222380275,0.8941864235932856,-0.23041687437153924,0.4494,8.5,0.8336
CUST00277,35.0,181341.55,96169.93,550.0,44,19.55,2024-05-13,1,Male,Secondary,Salaried,1,9.1,5.6,7.2,0,2024,5,13,Monday,1.0,1,True,False,False,False,False,False,True,False,False,Low,0,Med_Missed,1,-0.7540162075545539,-0.2962791756812291,0.3090909090909091,0.011273831505938109,0.11629707433219082,0.24052555631502992,0.16666666666666666,0.4186046511627908,0.14379844961240312,0.4794520547945205,0.04473873898562595,0.14842759662365143,0.6470588235294118,0.16666666666666666,0.6376811594202898,0.1503846153846154,-0.24398429584599818,-0.7850723850167893,-0.034526800159750196,-0.9056603773584906,0.0,-0.1111111111111111,-0.22728127939793039,3.022860940942244,4.421538193886829,0.048661800486618,-0.04206071714328921,-1.946737448188385,0.5303,7.33,0.1955
CUST00278,42.0,196837.28,290005.97,585.0,51,29.92,2025-07-03,1,Male,Graduate,Salaried,0,8.75,5.2,6.1,0,2025,7,3,Thursday,2.0,1,False,True,False,False,False,True,False,False,False,Low,0,Low_Missed,2,-0.7239342900025141,1.689950485458551,0.4363636363636363,0.015230706394034461,0.4267491715180539,0.3291309080782765,0.0,0.5813953488372092,0.22418604651162793,0.5753424657534246,0.04856168755897681,0.44759197738431084,0.6882352941176471,0.0,0.7391304347826086,0.23015384615384615,0.2560157041540018,-0.7372646681905075,2.3756006169176893,-0.5754716981132075,-0.5,0.6666666666666666,0.16293508936970846,3.4314032237192214,5.469917732470938,0.03234152652005175,1.6143540695131235,-1.7397630244943785,1.4733,8.5,0.2992
CUST00279,18.0,176689.75,146873.66,681.0,50,55.72,2021-05-18,1,Female,Graduate,Salaried,0,8.4,4.8,5.4,0,2021,5,18,Tuesday,2.0,0,False,False,True,False,True,False,False,False,False,Low,0,Low_Missed,2,-0.7630467639767797,0.22327979001175008,0.0,0.010085982298159796,0.19750529192498606,0.5721627300574668,0.0,0.558139534883721,0.4241860465116279,0.2465753424657534,0.043591094300702196,0.22668316760882878,0.8011764705882353,0.0,0.7246376811594203,0.4286153846153846,-1.4582700101317125,-0.7994242056236596,0.5959155562827975,0.330188679245283,-0.5,0.5555555555555556,1.1337723424270933,4.038126882223872,7.464583042608609,0.01763046544428773,0.6247565205085265,-2.0136312965850007,0.8313,8.33,0.5572
CUST00280,38.415780141843975,534811.48,77177.73,677.0,48,88.11,2025-12-11,1,Female,Secondary,Self-Employed,3,8.4,4.8,5.4,0,2025,12,11,Thursday,1.0,0,False,False,True,False,False,False,True,False,False,Mid-High,0,High_Missed,2,-0.06782373444194335,-0.49089144164734627,0.37119600257898133,0.10153329586897081,0.08587874593374979,0.5620364041416672,0.5,0.5116279069767442,0.6752713178294574,0.5262435635869037,0.13194323755496912,0.1191152471127834,0.7964705882352942,0.5,0.6956521739130435,0.6777692307692308,0.0,0.30545967252716805,-0.2706728849158056,0.29245283018867924,1.0,0.3333333333333333,2.352587017873942,4.4898715616246285,9.38669270829721,0.011222085063404781,-0.4049160939677257,0.3446496886552899,0.1443,8.0,0.8811
CUST00281,31.0,223882.19,113981.93,586.0,36,21.26,2015-09-08,1,Male,Secondary,Salaried,4,8.75,5.2,6.1,0,2015,9,8,Tuesday,1.0,1,False,True,False,False,False,False,False,True,False,Low,0,High_Missed,0,-0.6714319069058586,-0.11376036894012063,0.23636363636363633,0.022136694381036437,0.14482516825669833,0.33166248955722644,0.6666666666666666,0.2325581395348837,0.15705426356589147,0.4246575342465753,0.05523393211285729,0.1759184386265569,0.6894117647058824,0.6666666666666666,0.5217391304347826,0.16353846153846155,-0.5296985815602839,-0.6538252046174926,0.18694485987304535,-0.5660377358490566,1.5,-1.0,-0.16293508936970832,3.102791345847399,4.610856753359402,0.044923629829290206,0.23041889813826405,-1.42697396390066,0.5091,6.0,0.2126
CUST00282,51.0,828845.2,79822.34,473.0,38,12.69,2020-08-26,1,Male,Post-Graduate,Unemployed,5,8.75,5.2,6.1,0,2020,8,26,Wednesday,3.0,1,False,True,False,False,False,False,False,True,False,High,0,High_Missed,0,0.502985005937474,-0.4637922354102251,0.6,0.17661556969031095,0.09011441191587936,0.04559378243588763,0.8333333333333333,0.2790697674418605,0.09062015503875968,0.6986301369863014,0.20448424016607852,0.1231969086706828,0.5564705882352942,0.8333333333333334,0.5507246376811594,0.09761538461538462,0.8988728470111447,1.2126180202228372,-0.23779021217611712,-1.6320754716981132,2.0,-0.7777777777777778,-0.4854186265286925,2.6166656393003573,3.562302626111375,0.07304601899196494,-0.3485978633479825,1.0452175098331091,0.0963,6.33,0.1269
CUST00283,33.0,449154.98,165319.9,454.99,45,7.53,2019-07-23,1,Male,Primary,Salaried,3,8.4,4.8,5.4,0,2019,7,23,Tuesday,0.0,1,False,False,True,False,False,False,False,True,False,Mid-High,0,High_Missed,1,-0.2341090124376425,0.412297627068796,0.2727272727272727,0.07966068619829214,0.227049198688629,0.0,0.5,0.4418604651162792,0.05062015503875969,0.4520547945205479,0.11081093888474011,0.25515288854907553,0.5352823529411764,0.5,0.6521739130434783,0.057923076923076924,-0.386841438703141,0.04119063219603159,0.8252732586274726,-1.8019811320754715,1.0,0.0,-0.6795860771401694,2.143589361503588,2.7440845468024486,0.11723329425556857,0.8038957807111659,0.0329687130134314,0.3681,7.5,0.0753
CUST00284,37.0,391564.89,44386.09,578.0,46,4.74,2016-02-10,1,Male,Secondary,Salaried,0,8.75,5.2,6.1,0,2016,2,10,Wednesday,1.0,1,False,True,False,False,False,False,True,False,False,Mid-Low,0,Low_Missed,1,-0.34590886563555895,-0.8269059826244405,0.34545454545454546,0.06495490719180397,0.03335892862751594,0.31140983772562714,0.0,0.4651162790697674,0.028992248062015502,0.5068493150684932,0.09660289883727881,0.06850499591942188,0.68,0.0,0.6666666666666666,0.03646153846153846,-0.10112715298885533,-0.1364873936033388,-0.6783990777070598,-0.6415094339622641,-0.5,0.1111111111111111,-0.7845719661335844,1.747459210331475,2.177154105707724,0.17421602787456444,-1.3698095888090362,-0.2263123454320706,0.1134,7.67,0.0474
CUST00285,59.0,290126.54,60221.36,705.0,39,14.61,2025-01-14,0,Male,Graduate,Salaried,1,9.1,5.6,7.2,0,2025,1,14,Tuesday,2.0,1,True,False,False,False,False,True,False,False,False,Low,1,Med_Missed,0,-0.5428315069899808,-0.6646426441546857,0.7454545454545455,0.03905236114815652,0.05872104797851169,0.6329206855522644,0.16666666666666666,0.3023255813953488,0.10550387596899224,0.8082191780821918,0.0715770629834297,0.0929449749023182,0.8294117647058824,0.16666666666666666,0.5652173913043478,0.11238461538461537,1.470301418439716,-0.44944689355108297,-0.48150577353192353,0.5566037735849056,0.0,-0.6666666666666666,-0.41317027281279406,2.7479117345273405,3.8223029707232783,0.06406149903907751,-0.8281312994126945,-0.8399172552959835,0.2076,6.5,0.1461
CUST00286,35.0,603879.15,129756.38,590.0,42,48.42,2024-03-12,1,Male,Secondary,Salaried,4,9.1,5.6,7.2,0,2024,3,12,Tuesday,1.0,1,True,False,False,False,False,True,False,False,False,Mid-High,0,High_Missed,1,0.0662575869576611,0.04787974957533414,0.3090909090909091,0.11916990472846475,0.1700898769478867,0.341788815473026,0.6666666666666666,0.37209302325581395,0.3675968992248062,0.4794520547945205,0.1489829091607062,0.20026454870025626,0.6941176470588235,0.6666666666666666,0.6086956521739131,0.37246153846153846,-0.24398429584599818,0.5185485434103776,0.38308193755125863,-0.5283018867924528,1.5,-0.3333333333333333,0.8590780809031047,3.900355200560464,6.958448102845922,0.020234722784297856,0.43382521038367394,0.5501656812310541,0.2149,7.0,0.4842
CUST00287,52.0,295892.38,205963.42,571.0,52,50.38,2023-08-09,0,Male,Secondary,Salaried,0,8.75,5.2,6.1,0,2023,8,9,Wednesday,1.0,1,False,True,False,False,False,False,True,False,False,Low,0,Low_Missed,2,-0.5316382606248045,0.8287700485912741,0.6181818181818182,0.04052468336239112,0.2921447610051908,0.2936887673729778,0.0,0.6046511627906976,0.3827906976744186,0.7123287671232876,0.07299955226287438,0.31788164370076705,0.6717647058823529,0.0,0.7536231884057971,0.38753846153846155,0.9703014184397161,-0.43165801584182695,1.330628515980725,-0.7075471698113207,-0.5,0.7777777777777778,0.932831608654751,3.9392489916817377,7.097887009526145,0.019462826002335537,1.12872477087416,-0.7975639167086808,0.6961,8.67,0.5038
CUST00288,38.0,270306.29,26339.34,662.0,42,34.1,2022-04-13,0,Male,Graduate,Salaried,5,8.4,4.8,5.4,0,2022,4,13,Wednesday,2.0,1,False,False,True,False,False,False,False,False,True,Low,0,High_Missed,1,-0.5813086310984169,-1.0118302626353937,0.36363636363636365,0.03399120885002073,0.004454853900808908,0.5240626819574188,0.8333333333333333,0.37209302325581395,0.2565891472868217,0.5205479452054794,0.0666872129111222,0.04065184338652641,0.7788235294117647,0.8333333333333334,0.6086956521739131,0.2623076923076923,-0.0296985815602839,-0.5105967005899325,-0.9027895830235236,0.1509433962264151,2.0,-0.3333333333333333,0.3202257761053623,3.55820113047182,5.8395205282625735,0.02849002849002849,-2.353408456573287,-0.9947398403777283,0.0974,7.0,0.341
CUST00289,43.0,801447.67,225186.16,839.0,43,20.52,2021-12-01,0,Male,Secondary,Salaried,2,8.55,5.0,5.9,0,2021,12,1,Wednesday,1.0,1,False,False,False,True,False,True,False,False,False,High,1,High_Missed,1,0.4497980803399363,1.0257446481362198,0.4545454545454545,0.16961953927077822,0.32293232737653527,0.9721526037315509,0.3333333333333333,0.39534883720930236,0.15131782945736433,0.589041095890411,0.19772500079969582,0.3475498060746123,0.9870588235294118,0.3333333333333333,0.6231884057971014,0.15784615384615383,0.3274442755825732,1.1280906468122553,1.5696410995299512,1.820754716981132,0.5,-0.2222222222222222,-0.19078080903104425,3.0689827352935835,4.52990066116245,0.04646840148698885,1.2576706265004869,0.995327720186942,0.281,7.17,0.2052
CUST00290,39.0,528242.42,90755.01,710.0,47,35.26,2019-05-17,0,Male,Graduate,Salaried,0,9.1,5.6,7.2,0,2019,5,17,Friday,2.0,1,True,False,False,False,False,False,True,False,False,Mid-High,1,Low_Missed,1,-0.0805762747426843,-0.35176563071146505,0.38181818181818183,0.09985586934228263,0.10762441846234495,0.6455785929470139,0.0,0.4883720930232558,0.2655813953488372,0.5342465753424658,0.13032258602353072,0.14007026953077176,0.8352941176470589,0.0,0.6811594202898551,0.2712307692307692,0.04172998986828753,0.2851926854091135,-0.10185508004661213,0.6037735849056604,-0.5,0.2222222222222222,0.3638758231420508,3.590715205326705,5.938013135721409,0.027578599007170437,-0.13652857916210356,0.32322485993843664,0.1718,7.83,0.3526
CUST00291,47.0,393381.55,31878.12,661.0,50,27.2,2022-11-08,0,Female,Graduate,Salaried,0,8.55,5.0,5.9,0,2022,11,8,Tuesday,2.0,0,False,False,False,True,False,True,False,False,False,Mid-Low,0,Low_Missed,2,-0.3423821769064647,-0.9550746194509384,0.5272727272727272,0.06541879603951938,0.01332588669146597,0.5215311004784688,0.0,0.558139534883721,0.20310077519379843,0.6438356164383562,0.09705108667710717,0.04920033462102297,0.7776470588235294,0.0,0.7246376811594203,0.20923076923076922,0.613158561296859,-0.13088260009895847,-0.8339212470053086,0.14150943396226415,-0.5,0.5555555555555556,0.06058325493885229,3.339321977944068,5.215361924162119,0.03546099290780142,-1.9850716662786752,-0.2173537135387137,0.081,8.33,0.272
CUST00292,30.0,609696.45,23557.8763,679.0,49,21.3,2026-03-19,1,Male,Graduate,Salaried,0,8.4,4.8,5.4,0,2026,3,19,Thursday,2.0,1,False,False,True,False,True,False,False,False,False,Mid-High,0,Low_Missed,2,0.07755073280980739,-1.0403318029182202,0.21818181818181814,0.12065536738730837,0.0,0.5670995670995671,0.0,0.5348837209302326,0.1573643410852713,0.410958904109589,0.15041809412687132,0.036358963355450906,0.7988235294117647,0.0,0.7101449275362319,0.16384615384615386,-0.6011271529888553,0.5364961864767918,-0.9373738735557469,0.3113207547169811,-0.5,0.4444444444444444,-0.16142991533396048,3.104586678466073,4.61519230368573,0.04484304932735426,-2.573538266726492,0.5660047289813528,0.0386,8.17,0.213
CUST00293,27.0,444393.6,39433.4,510.0,39,32.98,2017-11-20,1,Female,Primary,Salaried,1,8.55,5.0,5.9,0,2017,11,20,Monday,0.0,0,False,False,False,True,True,False,False,False,False,Mid-High,0,Med_Missed,0,-0.24335229691626542,-0.8776559864959103,0.16363636363636364,0.07844485545300398,0.025426590568961654,0.13926229715703387,0.16666666666666666,0.3023255813953488,0.247906976744186,0.3698630136986301,0.10963625973905408,0.060861069449661624,0.6,0.16666666666666666,0.5652173913043478,0.25369230769230766,-0.8154128672745696,0.026500733317932814,-0.7399800610849975,-1.2830188679245282,0.0,-0.6666666666666666,0.2780809031044214,3.525772116243786,5.742821606144491,0.029429075927015894,-1.5863603628253928,0.013290540032646906,0.0887,6.5,0.3298
CUST00294,31.0,535794.82,97555.54,560.0,37,19.82,2018-11-22,0,Male,Graduate,Salaried,1,8.75,5.2,6.1,0,2018,11,22,Thursday,2.0,1,False,True,False,False,True,False,False,False,False,Mid-High,0,Med_Missed,0,-0.06591477288894639,-0.28208088891901556,0.23636363636363633,0.10178439429108196,0.11851629801413201,0.2658413711045289,0.16666666666666666,0.2558139534883721,0.14589147286821708,0.4246575342465753,0.1321858371775825,0.1505661316330634,0.6588235294117647,0.16666666666666666,0.5362318840579711,0.15246153846153845,-0.5296985815602839,0.3084934915382088,-0.01729833918635911,-0.8113207547169812,0.0,-0.8888888888888888,-0.21712135465663218,3.035914063186823,4.451965857910413,0.04803073967339097,-0.018863521758797627,0.34782596136987787,0.1821,6.17,0.1982
CUST00295,39.0,294070.86,94888.82,454.99,50,32.86,2016-04-03,1,Female,Secondary,Salaried,2,8.4,4.8,5.4,0,2016,4,3,Sunday,1.0,0,False,False,True,False,False,False,False,True,False,Low,0,High_Missed,2,-0.5351743840897456,-0.30940665538615264,0.38181818181818183,0.040059553501057374,0.11424522016603174,0.0,0.3333333333333333,0.558139534883721,0.24697674418604648,0.5342465753424658,0.07255016541337907,0.14645034574793048,0.5352823529411764,0.3333333333333333,0.7246376811594203,0.25276923076923075,0.04172998986828753,-0.43727780350935924,-0.05045592425500124,-1.8019811320754715,0.5,0.5555555555555556,0.2735653809971778,3.522234376704989,5.732364259186605,0.029533372711163616,-0.0638512430785118,-0.810821582525133,0.3227,8.33,0.3286
CUST00296,36.0,1245688.95,144339.04,788.0,41,36.68,2025-06-07,0,Female,Graduate,Self-Employed,0,8.75,5.2,6.1,0,2025,6,7,Saturday,2.0,0,False,True,False,False,False,True,False,False,False,High,1,Low_Missed,1,1.3122053085358725,0.197307646628517,0.32727272727272727,0.2830577035320154,0.19344578836430032,0.8430419483051061,0.0,0.34883720930232565,0.2765891472868217,0.4931506849315068,0.30732368170079305,0.2227712633893473,0.9270588235294117,0.0,0.5942028985507246,0.28215384615384614,-0.17255572441742675,2.498672175838957,0.5644004822342727,1.3396226415094339,-0.5,-0.4444444444444444,0.41730950141110074,3.629129449708162,6.056401571890688,0.02653927813163482,0.5981395209451311,1.6038584998204086,0.1159,6.83,0.3668
CUST00297,46.0,331104.73,70990.95,643.8,48,43.19,2021-02-03,1,Other,Secondary,Salaried,4,8.4,4.8,5.4,0,2021,2,3,Wednesday,1.0,2,False,False,True,False,True,False,False,False,False,Mid-Low,0,High_Missed,2,-0.4632803962638762,-0.5542871132827468,0.509090909090909,0.04951624835906179,0.07596986198302755,0.4779878990405304,0.6666666666666666,0.5116279069767442,0.32705426356589146,0.6301369863013698,0.08168678437112814,0.10956663991051889,0.7574117647058823,0.6666666666666666,0.6956521739130435,0.3322307692307692,0.5417299898682876,-0.3230202131963291,-0.3475983529630602,-0.020754716981132505,1.5,0.3333333333333333,0.6622765757290687,3.7884985191426486,6.5719099202591025,0.022629554197782304,-0.5457739045246665,-0.5612892022856467,0.2144,8.0,0.4319
CUST00298,38.415780141843975,963192.11,50775.83,681.0,48,5.76,2021-10-23,1,Female,Graduate,Self-Employed,1,8.4,4.8,5.4,0,2021,10,23,Saturday,2.0,0,False,False,True,False,False,True,False,False,False,High,0,Med_Missed,2,0.7637931556659031,-0.7614305884976759,0.37119600257898133,0.2109214019726456,0.043592877811952424,0.5721627300574668,0.16666666666666666,0.5116279069767442,0.03689922480620155,0.5262435635869037,0.23762894053957473,0.07836684932047991,0.8011764705882353,0.16666666666666666,0.6956521739130435,0.044307692307692305,0.0,1.6271076266993285,-0.5989500363316973,0.330188679245283,0.0,0.3333333333333333,-0.7461900282220132,1.9110228900548727,2.4,0.14792899408284024,-1.1280875960593342,1.2608785146077035,0.0527,8.0,0.0576
CUST00299,27.0,402546.37,77045.25,661.0,37,58.72,2018-01-23,0,Female,Secondary,Salaried,1,8.75,5.2,6.1,0,2018,1,23,Tuesday,1.0,0,False,True,False,False,False,False,False,False,True,Mid-Low,0,Med_Missed,0,-0.3245904781856374,-0.49224895857509504,0.16363636363636364,0.06775905662175224,0.08566656302991425,0.5215311004784688,0.16666666666666666,0.2558139534883721,0.44744186046511625,0.3698630136986301,0.09931213765979836,0.11891077895937308,0.7776470588235294,0.16666666666666666,0.5362318840579711,0.45169230769230767,-0.8154128672745696,-0.10260712554410731,-0.27232012079729806,0.14150943396226415,0.0,-0.8888888888888888,1.2466603951081845,4.089666972670989,7.662897624267207,0.016744809109176157,-0.4077951885539203,-0.1730034549765566,0.1914,6.17,0.5872
CUST00300,30.0,662349.44,100726.7,850.0,41,24.58,2015-06-03,0,Female,Secondary,Salaried,1,9.1,5.6,7.2,0,2015,6,3,Wednesday,1.0,0,True,False,False,False,False,True,False,False,False,High,1,Med_Missed,1,0.1797661756478263,-0.24958614721762692,0.21818181818181814,0.13410044509027483,0.12359529814492258,1.0,0.16666666666666666,0.34883720930232565,0.18279069767441858,0.410958904109589,0.1634081031811822,0.1554604645842162,1.0,0.16666666666666666,0.5942028985507246,0.18907692307692306,-0.6011271529888553,0.6989421787583456,0.022131375019210208,1.9245283018867925,0.0,-0.4444444444444444,-0.03800564440263412,3.2418107961506966,4.957822102496216,0.03909304143862393,0.03283709800387719,0.7005801407955422,0.1521,6.83,0.2458
CUST00301,22.0,638649.93,113375.85,632.0,55,83.98,2024-04-01,1,Female,Graduate,Self-Employed,0,8.4,4.8,5.4,0,2024,4,1,Monday,2.0,0,False,False,True,False,False,True,False,False,False,Mid-High,0,Low_Missed,3,0.13375822985606695,-0.1199708449332516,0.0727272727272727,0.12804871367915782,0.1438544570976053,0.4481152375889217,0.0,0.6744186046511629,0.6432558139534884,0.3013698630136986,0.15756120161903484,0.17498302151892606,0.7435294117647059,0.0,0.7971014492753623,0.646,-1.1725557244174267,0.6258240060100061,0.17940895465674883,-0.1320754716981132,-0.5,1.1111111111111112,2.197177798682973,4.442415934686665,9.164060235506966,0.011767474699929394,0.22197063551544288,0.6418806014085279,0.1775,9.17,0.8398
CUST00302,60.0,784989.7,61482.09,793.0,47,48.65,2024-11-20,0,Male,Primary,Salaried,0,8.75,5.2,6.1,0,2024,11,20,Wednesday,0.0,1,False,True,False,False,False,True,False,False,False,High,1,Low_Missed,1,0.4178481627423822,-0.6517239974433271,0.7636363636363636,0.165416953900354,0.060740261085037855,0.8556998556998554,0.0,0.4883720930232558,0.36937984496124027,0.821917808219178,0.19366465818068068,0.09489077151349734,0.9329411764705883,0.0,0.6811594202898551,0.3742307692307692,1.5417299898682875,1.0773142090906738,-0.46583005121252397,1.3867924528301887,-0.5,0.2222222222222222,0.8677328316086549,3.9049983904911816,6.974955196988724,0.02014098690835851,-0.7922040031951592,0.9642262872822447,0.0783,7.83,0.4865
CUST00303,41.0,1028896.8,169544.04,661.0,44,13.02,2018-12-02,0,Male,Secondary,Salaried,1,8.75,5.2,6.1,1,2018,12,2,Sunday,1.0,1,False,True,False,False,False,True,False,False,False,High,0,Med_Missed,1,0.8913459116420549,0.4555822100638212,0.4181818181818181,0.22769926515761046,0.23381467492208224,0.5215311004784688,0.16666666666666666,0.4186046511627908,0.0931782945736434,0.5616438356164384,0.25383893199515384,0.26167237908007446,0.7776470588235294,0.16666666666666666,0.6376811594202898,0.10015384615384615,0.1845871327254304,1.8298209686121412,0.8777955637033167,0.14150943396226415,0.0,-0.1111111111111111,-0.4730009407337724,2.640484881606444,3.608323710533743,0.07132667617689016,0.8417046445881372,1.3519583999019291,0.1648,7.33,0.1302
CUST00304,43.0,757529.46,67993.13,605.0,34,39.38,2023-10-05,1,Male,Graduate,Unemployed,1,8.4,4.8,5.4,0,2023,10,5,Thursday,2.0,1,False,False,True,False,True,False,False,False,False,High,0,Med_Missed,0,0.36453949799156216,-0.5850056473735075,0.4545454545454545,0.15840491031950307,0.07116848703755445,0.3797625376572744,0.16666666666666666,0.18604651162790697,0.29751937984496124,0.589041095890411,0.18688994764223738,0.10493983798074402,0.711764705882353,0.16666666666666666,0.4927536231884058,0.30292307692307696,0.3274442755825732,0.9925933616119339,-0.3848727843508613,-0.3867924528301887,0.0,-1.2222222222222223,0.518908748824083,3.6983346128846915,6.275348595894893,0.024764735017335313,-0.6191735240668957,0.9103027217459105,0.0898,5.67,0.3938
CUST00305,23.0,1113724.01,58581.23,509.0,42,55.86,2021-07-29,1,Male,Graduate,Unemployed,1,8.4,4.8,5.4,0,2021,7,29,Thursday,2.0,1,False,False,True,False,False,False,False,True,False,High,0,Med_Missed,1,1.0560212859154556,-0.6814489865362425,0.09090909090909088,0.24936011347364828,0.056094179424255985,0.13673071567808415,0.16666666666666666,0.37209302325581395,0.4252713178294573,0.3150684931506849,0.27476663668869417,0.09041361656556628,0.5988235294117648,0.16666666666666666,0.6086956521739131,0.4296923076923077,-1.1011271529888553,2.0915314678815227,-0.5018988969189428,-1.2924528301886793,0.0,-0.3333333333333333,1.1390404515522108,4.040592106222854,7.473954776421918,0.017587055926837847,-0.8761801943522728,1.4584571291661177,0.0526,7.0,0.5586
CUST00306,38.415780141843975,388735.14,71293.83,760.0,48,22.13,2022-05-21,0,Male,Primary,Self-Employed,2,8.4,4.8,5.4,0,2022,5,21,Saturday,0.0,1,False,False,True,False,False,False,True,False,False,Mid-Low,1,High_Missed,2,-0.35140226970189753,-0.551183514799379,0.37119600257898133,0.06423232318223548,0.0764549613030284,0.7721576668945089,0.3333333333333333,0.5116279069767442,0.16379844961240309,0.5262435635869037,0.09590477175804862,0.11003410152212006,0.8941176470588236,0.3333333333333333,0.6956521739130435,0.1702307692307692,0.0,-0.14521779137673643,-0.3438323897702276,1.0754716981132075,0.5,0.3333333333333333,-0.13019755409219197,3.141130476243348,4.70425339453563,0.043233895373973194,-0.5385559587444404,-0.24038036430160142,0.1834,8.0,0.2213
CUST00307,44.0,450157.6,188132.94,644.0,51,12.18,2016-12-26,0,Male,Post-Graduate,Salaried,0,8.75,5.2,6.1,0,2016,12,26,Monday,3.0,1,False,True,False,False,False,False,True,False,False,Mid-High,0,Low_Missed,2,-0.23216262254984596,0.6460618780758238,0.47272727272727266,0.07991670781846126,0.26358706910315555,0.4784942153363205,0.0,0.5813953488372092,0.08666666666666667,0.6027397260273972,0.11105829507245202,0.2903622798721141,0.7576470588235295,0.0,0.7391304347826086,0.09369230769230769,0.39887284701114467,0.044283934224678606,1.1089270784789529,-0.018867924528301886,-0.5,0.6666666666666666,-0.5046095954844779,2.578700529074361,3.4899856733230297,0.07587253414264036,0.9961627308651958,0.0370761893673475,0.4179,8.5,0.1218
CUST00308,35.0,340536.19,91155.5,509.0,35,10.44,2022-01-24,1,Female,Graduate,Salaried,0,9.1,5.6,7.2,0,2022,1,24,Monday,2.0,0,True,False,False,False,True,False,False,False,False,Mid-Low,0,Low_Missed,0,-0.4449710683319,-0.34766182670788615,0.3090909090909091,0.05192459615758986,0.10826585212144142,0.13673071567808415,0.0,0.2093023255813954,0.0731782945736434,0.4794520547945205,0.08401361805702844,0.14068838132696218,0.5988235294117648,0.0,0.5072463768115942,0.0803076923076923,-0.24398429584599818,-0.29392209591250934,-0.09687544917267685,-1.2924528301886793,-0.5,-1.1111111111111112,-0.5700846660395109,2.437115985951652,3.2310988842807022,0.08741258741258742,-0.1293233461746057,-0.5037600498005131,0.2677,5.83,0.1044
CUST00309,50.0,372049.38,65074.75,576.0,44,7.31,2016-11-07,0,Male,Post-Graduate,Unemployed,1,8.55,5.0,5.9,0,2016,11,7,Monday,3.0,1,False,False,False,True,False,False,True,False,False,Mid-Low,0,Med_Missed,1,-0.3837943968629363,-0.6149101631615782,0.5818181818181818,0.05997157104388494,0.06649434495651894,0.30634667476772726,0.16666666666666666,0.4186046511627908,0.04891472868217054,0.684931506849315,0.09178823111186578,0.10043564286035107,0.6776470588235294,0.16666666666666666,0.6376811594202898,0.05623076923076923,0.8274442755825733,-0.1966970110786349,-0.4211594710343618,-0.660377358490566,0.0,-0.1111111111111111,-0.6878645343367829,2.1174596088673567,2.7037011669191546,0.1203369434416366,-0.6942751170736745,-0.32626900775561596,0.1749,7.33,0.0731
CUST00310,63.0,222063.34,172071.38,548.0,46,3.13,2017-07-07,1,Male,Graduate,Unemployed,2,8.4,4.8,5.4,1,2017,7,7,Friday,2.0,1,False,False,True,False,False,False,False,False,True,Low,0,High_Missed,1,-0.6749628470899951,0.48147975559655604,0.8181818181818182,0.021672246311134978,0.23786251867343888,0.23546239335713004,0.3333333333333333,0.4651162790697674,0.016511627906976745,0.863013698630137,0.05478520397854937,0.26557304742880694,0.6447058823529411,0.3333333333333333,0.6666666666666666,0.024076923076923076,1.7560157041540019,-0.6594367547509475,0.909220119354972,-0.9245283018867925,0.5,0.1111111111111111,-0.8451552210724367,1.4182774069729414,1.7691806012954132,0.24213075060532688,0.8638142596549989,-1.4463616392773682,0.7749,7.67,0.0313
CUST00311,38.415780141843975,267769.75,357056.43,639.0,60,24.95,2019-02-06,1,Male,Graduate,Salaried,1,9.1,5.6,7.2,0,2019,2,6,Wednesday,2.0,1,True,False,False,False,True,False,False,False,False,Low,0,Med_Missed,3,-0.5862328255150369,2.3770136984970884,0.37119600257898133,0.033343496775232906,0.5341386741321026,0.46583630794157105,0.16666666666666666,0.7906976744186047,0.18565891472868218,0.5262435635869037,0.06606142361470008,0.5510769090080552,0.7517647058823529,0.16666666666666666,0.8695652173913043,0.19192307692307692,0.0,-0.5184224813720276,3.2092956922692815,-0.0660377358490566,0.0,1.6666666666666667,-0.024082784571966158,3.2561716096118976,4.994997497496871,0.03853564547206166,1.8980225816244207,-1.0156704776853143,1.3334,10.0,0.2495
CUST00312,38.415780141843975,276216.59,111950.22,667.0,46,10.94,2017-06-19,1,Male,Graduate,Salaried,0,8.55,5.0,5.9,0,2017,6,19,Monday,2.0,1,False,False,False,True,False,True,False,False,False,Low,0,Low_Missed,1,-0.5698349440047581,-0.13457921493405595,0.37119600257898133,0.03550041930032646,0.1415711364967971,0.5367205893521683,0.0,0.4651162790697674,0.07705426356589147,0.5262435635869037,0.06814534188943273,0.1727827200881714,0.7847058823529411,0.0,0.6666666666666666,0.08415384615384615,0.0,-0.49236213217925573,0.16168289117749016,0.19811320754716982,-0.5,0.1111111111111111,-0.5512699905926624,2.479894107964456,3.3075670817082456,0.08375209380234507,0.20189308633504982,-0.9469923708362076,0.4053,7.67,0.1094
CUST00313,28.0,989990.34,206965.1,610.0,36,15.87,2025-06-13,1,Male,Graduate,Salaried,0,8.55,5.0,5.9,0,2025,6,13,Friday,2.0,1,False,False,False,True,True,False,False,False,False,High,0,Low_Missed,0,0.8158166579727062,0.8390342209658773,0.18181818181818177,0.21776439958117583,0.293749073891015,0.3924204450520239,0.0,0.2325581395348837,0.11527131782945736,0.3835616438356164,0.24424032671801407,0.3194276254331649,0.7176470588235294,0.0,0.5217391304347826,0.12207692307692307,-0.7439842958459982,1.7097860285097348,1.3430832505653671,-0.33962264150943394,-0.5,-1.0,-0.36575729068673574,2.825536896557877,3.983716857408418,0.05927682276229995,1.135778622836168,1.2990201958893415,0.2091,6.0,0.1587
CUST00314,56.0,604570.89,183807.96,712.0,58,85.29,2015-05-03,0,Male,Post-Graduate,Salaried,0,9.1,5.6,7.2,0,2015,5,3,Sunday,3.0,1,True,False,False,False,False,False,False,False,True,Mid-High,1,Low_Missed,3,0.06760046435985174,0.6017439918879077,0.6909090909090908,0.11934654233347541,0.2566600852910279,0.6506417559049138,0.0,0.7441860465116279,0.6534108527131783,0.7671232876712328,0.14915356820330242,0.2836871540105754,0.8376470588235294,0.0,0.8405797101449275,0.6560769230769231,1.2560157041540019,0.5206827126323124,1.0551509444003182,0.6226415094339622,-0.5,1.4444444444444444,2.2464722483537165,4.4577137165202165,9.235258523723092,0.011588828369451848,0.9618343962272404,0.5520599912860813,0.304,9.67,0.8529
CUST00315,49.0,1277205.6,68639.0,656.0,43,36.8,2025-05-23,0,Male,Secondary,Self-Employed,0,8.55,5.0,5.9,0,2025,5,23,Friday,1.0,1,False,False,False,True,False,False,False,True,False,High,0,Low_Missed,1,1.3733886969155422,-0.5783874449420074,0.5636363636363636,0.291105561938294,0.07220292674241754,0.5088731930837194,0.0,0.39534883720930236,0.2775193798449612,0.6712328767123288,0.31509914837156616,0.10593666653028459,0.7717647058823529,0.0,0.6231884057971014,0.28307692307692306,0.7560157041540018,2.595907935529726,-0.3768421364132136,0.09433962264150944,-0.5,-0.2222222222222222,0.4218250235183443,3.632309102625542,6.06630035524124,0.026455026455026457,-0.6030508954089107,1.635502519205632,0.0537,7.17,0.368
CUST00316,37.0,353196.8,100305.97,735.0,39,12.68,2016-10-09,1,Male,Secondary,Salaried,3,8.55,5.0,5.9,0,2016,10,9,Sunday,1.0,1,False,False,False,True,False,False,True,False,False,Mid-Low,1,High_Missed,0,-0.4203929796469184,-0.2538973496407229,0.34545454545454546,0.05515751579267525,0.1229214476532957,0.7088681299207613,0.5,0.3023255813953488,0.09054263565891472,0.5068493150684932,0.08713711471948007,0.15481111459792143,0.8647058823529412,0.5,0.5652173913043478,0.09753846153846153,-0.10112715298885533,-0.2548613444843424,0.016900083107824784,0.839622641509434,1.0,-0.6666666666666666,-0.4857949200376294,2.615934912194404,3.560898762952971,0.07309941520467836,0.026085745219380344,-0.4298617312035111,0.284,6.5,0.1268
CUST00317,38.415780141843975,471248.37,45728.33,621.0,56,111.59,2025-01-01,1,Male,Primary,Salaried,2,8.55,5.0,5.9,0,2025,1,1,Wednesday,0.0,1,False,False,False,True,False,False,False,True,False,Mid-High,0,High_Missed,3,-0.19121903329983742,-0.8131521064083959,0.37119600257898133,0.08530229069733279,0.03550868995635219,0.4202678413204728,0.3333333333333333,0.6976744186046513,0.8572868217054264,0.5262435635869037,0.11626159489003861,0.07057659415488,0.7305882352941176,0.3333333333333333,0.8115942028985508,0.8583846153846154,0.0,0.10935357339677562,-0.661709872622711,-0.2358490566037736,0.5,1.2222222222222223,3.23612417685795,4.723752901815039,10.56361680486376,0.008881783462119193,-1.3158606959382664,0.12069112688501964,0.097,9.33,1.1159
CUST00318,29.0,317953.85,87293.79,850.0,50,32.67,2018-11-13,0,Female,Post-Graduate,Salaried,1,8.4,4.8,5.4,0,2018,11,13,Tuesday,3.0,0,False,False,True,False,False,False,True,False,False,Low,1,Med_Missed,2,-0.4888102479002153,-0.38723260490125055,0.19999999999999996,0.046158137006555744,0.1020808518076524,1.0,0.16666666666666666,0.558139534883721,0.24550387596899226,0.3972602739726027,0.07844233329110104,0.13472826121293566,1.0,0.16666666666666666,0.7246376811594203,0.25130769230769234,-0.6725557244174267,-0.3635935548237589,-0.1448913555428345,1.9245283018867925,0.0,0.5555555555555556,0.26641580432737544,3.516607233172983,5.715767664977295,0.0297000297000297,-0.20035704950037547,-0.6453439772418039,0.2745,8.33,0.3267
CUST00319,48.0,475275.82,67797.85,605.0,51,105.25,2025-08-02,0,Male,Secondary,Salaried,2,8.75,5.2,6.1,0,2025,8,2,Saturday,1.0,1,False,True,False,False,False,False,False,True,False,Mid-High,0,High_Missed,2,-0.18340052982533425,-0.5870066732313788,0.5454545454545454,0.08633071051156961,0.07085572226203357,0.3797625376572744,0.3333333333333333,0.5813953488372092,0.8081395348837209,0.6575342465753424,0.11725520630632826,0.1046384450082352,0.711764705882353,0.3333333333333333,0.7391304347826086,0.8096153846153846,0.6845871327254304,0.12177913767364473,-0.3873008657438101,-0.3867924528301887,0.5,0.6666666666666666,2.99755409219191,4.665794807804526,10.259142264341596,0.009411764705882352,-0.6240827564029283,0.13607904363920845,0.1426,8.5,1.0525
CUST00320,34.0,182216.65,620247.07,578.0,38,72.14,2021-03-19,0,Male,Graduate,Salaried,1,8.75,5.2,6.1,0,2021,3,19,Friday,2.0,1,False,True,False,False,True,False,False,False,False,Low,0,Med_Missed,0,-0.752317372711033,5.0739169972972595,0.2909090909090909,0.011497290563018549,0.9556706356171262,0.31140983772562714,0.16666666666666666,0.2790697674418605,0.5514728682170542,0.4657534246575342,0.0449546347386198,0.9572824053522936,0.68,0.16666666666666666,0.5507246376811594,0.554923076923077,-0.31541286727456963,-0.7823725100838446,6.48176750598441,-0.6415094339622641,0.0,-0.7777777777777778,1.7516462841015994,4.292375412721235,8.49352694703443,0.013672409078479627,2.6111566475321926,-1.9344144843578397,3.4039,6.33,0.7214
CUST00321,35.0,623109.33,62947.92,568.0,44,33.5,2020-08-17,1,Female,Graduate,Salaried,0,8.4,4.8,5.4,0,2020,8,17,Monday,2.0,0,False,False,True,False,False,True,False,False,False,Mid-High,0,Low_Missed,1,0.10358920600825647,-0.6367036997515846,0.3090909090909091,0.12408038112006248,0.06308796689670196,0.2860940229361282,0.0,0.4186046511627908,0.25193798449612403,0.4794520547945205,0.1537271831765983,0.09715311717558577,0.668235294117647,0.0,0.6376811594202898,0.25769230769230766,-0.24398429584599818,0.5778778554181645,-0.4476041471351675,-0.7358490566037735,-0.5,-0.1111111111111111,0.297648165569144,3.5409593240373143,5.787918451395113,0.028985507246376812,-0.7514770663222738,0.6017520760223263,0.101,7.33,0.335
CUST00322,45.0,520079.54,83095.17,633.0,47,24.8,2016-07-03,0,Male,Post-Graduate,Salaried,1,8.4,4.8,5.4,0,2016,7,3,Sunday,3.0,1,False,False,True,False,False,False,True,False,False,Mid-High,0,Med_Missed,1,-0.09642290366221223,-0.4302556855412321,0.49090909090909085,0.09777145674045332,0.09535624897173754,0.45064681906787163,0.16666666666666666,0.4883720930232558,0.18449612403100774,0.6164383561643836,0.12830872346588199,0.1282481579651118,0.7447058823529412,0.16666666666666666,0.6811594202898551,0.19076923076923077,0.4703014184397161,0.2600084149341555,-0.19709634887580638,-0.12264150943396226,0.0,0.2222222222222222,-0.029727187206020668,3.250374491927572,4.979959839195493,0.03875968992248062,-0.281787014992805,0.29609016594516857,0.1598,7.83,0.248
CUST00323,36.0,429863.36,135854.48,512.0,38,47.97,2019-12-25,0,Male,Secondary,Unemployed,0,8.4,4.8,5.4,0,2019,12,25,Wednesday,1.0,1,False,False,True,False,False,False,False,True,False,Mid-Low,0,Low_Missed,0,-0.2715599051858565,0.11036672102087391,0.32727272727272727,0.07473452094317365,0.17985672904540745,0.14432546011493375,0.0,0.2790697674418605,0.36410852713178293,0.4931506849315068,0.10605150701824353,0.20967628818026512,0.6023529411764705,0.0,0.5507246376811594,0.369,-0.17255572441742675,-0.018328235652093863,0.45890477215972436,-1.2641509433962264,-0.5,-0.7777777777777778,0.8421448730009409,3.891207865714226,6.926037828369117,0.02042066571370227,0.5049873205071308,-0.04858299297195549,0.316,6.33,0.4797
CUST00324,35.0,363966.77,91886.08,674.0,42,31.45,2021-05-29,0,Male,Graduate,Salaried,0,9.1,5.6,7.2,0,2021,5,29,Saturday,2.0,1,True,False,False,False,True,False,False,False,False,Mid-Low,0,Low_Missed,1,-0.39948519733669857,-0.3401756045077447,0.3090909090909091,0.05790765559496602,0.10943596523952849,0.5544416597048176,0.0,0.37209302325581395,0.23604651162790696,0.4794520547945205,0.0897941719505064,0.14181595034506697,0.7929411764705883,0.0,0.6086956521739131,0.2419230769230769,-0.24398429584599818,-0.22163363104408812,-0.08779153016376375,0.2641509433962264,-0.5,-0.3333333333333333,0.22050799623706493,3.479700443150099,5.608029957123981,0.03081664098613251,-0.1162722821510537,-0.36978542851205787,0.2525,7.0,0.3145
CUST00325,38.0,282836.14,32253.31,498.0,46,18.52,2026-04-21,1,Female,Post-Graduate,Salaried,4,9.1,5.6,7.2,0,2026,4,21,Tuesday,3.0,0,True,False,False,False,False,True,False,False,False,Low,0,High_Missed,1,-0.5569843872816089,-0.9512300634717561,0.36363636363636365,0.03719073857960521,0.013926799309899388,0.10888331940963525,0.6666666666666666,0.4651162790697674,0.1358139534883721,0.5205479452054794,0.06977844979907781,0.04977939867958294,0.5858823529411765,0.6666666666666666,0.6666666666666666,0.14246153846153845,-0.0296985815602839,-0.47193937236623545,-0.829256192428186,-1.3962264150943395,1.5,0.1111111111111111,-0.26603951081843846,2.9714395809849465,4.303486958270002,0.05122950819672131,-1.9628182233490579,-0.8951417122719835,0.114,7.67,0.1852
CUST00326,47.0,636574.32,63090.64,663.0,38,17.6,2018-01-10,1,Female,Primary,Salaried,1,8.55,5.0,5.9,0,2018,1,10,Wednesday,0.0,0,False,False,False,True,False,False,True,False,False,Mid-High,0,Med_Missed,0,0.1297288405410626,-0.6352412539791787,0.5272727272727272,0.12751870127661324,0.06331655041146199,0.5265942634363687,0.16666666666666666,0.2790697674418605,0.12868217054263564,0.6438356164383562,0.15704912827442097,0.09737338963070899,0.78,0.16666666666666666,0.5507246376811594,0.1353846153846154,0.613158561296859,0.6194202951088866,-0.445829588673463,0.16037735849056603,0.0,-0.7777777777777778,-0.30065851364063967,2.9231615807191558,4.1952353926806065,0.05376344086021505,-0.7475697749049831,0.6365984394159754,0.0991,6.33,0.176
CUST00327,56.0,246336.81,39670.39,542.0,56,53.32,2015-12-14,0,Female,Graduate,Salaried,1,8.75,5.2,6.1,0,2015,12,14,Monday,2.0,0,False,True,False,False,False,True,False,False,False,Low,0,Med_Missed,3,-0.6278406706425537,-0.8752275600412968,0.6909090909090908,0.027870539898462596,0.02580615900480092,0.22027290448343084,0.16666666666666666,0.6976744186046513,0.4055813953488372,0.7671232876712328,0.060773707102105015,0.061226837170651326,0.6376470588235295,0.16666666666666666,0.8115942028985508,0.41015384615384615,1.2560157041540019,-0.5845477898456966,-0.7370333639869079,-0.9811320754716981,0.0,1.2222222222222223,1.0434619002822203,3.9948924832504407,7.302054505411474,0.018409425625920472,-1.5753042218867919,-1.2040364310884992,0.161,9.33,0.5332
CUST00328,44.0,571458.96,114283.35,619.0,48,12.65,2017-12-02,0,Male,Secondary,Salaried,3,8.75,5.2,6.1,0,2017,12,2,Saturday,1.0,1,False,True,False,False,False,False,False,True,False,Mid-High,0,High_Missed,2,0.0033201530580341354,-0.11067173101468232,0.47272727272727266,0.11089132503726512,0.14530792920834468,0.41520467836257313,0.5,0.5116279069767442,0.09031007751937985,0.6027397260273972,0.14098453030999933,0.17638364689045294,0.7282352941176471,0.5,0.6956521739130435,0.09730769230769232,0.39887284701114467,0.41852516516525756,0.19069266965112128,-0.25471698113207547,1.0,0.3333333333333333,-0.48692380056444035,2.613739521630969,3.556683848755748,0.07326007326007326,0.2346013315392214,0.4579191516298075,0.2,8.0,0.1265
CUST00329,47.0,1248215.76,133517.85,698.0,46,52.81,2017-10-17,0,Female,Graduate,Salaried,0,8.55,5.0,5.9,0,2017,10,17,Tuesday,2.0,0,False,False,False,True,False,True,False,False,False,High,0,Low_Missed,1,1.3171106140677624,0.08642337275029918,0.5272727272727272,0.28370293102604066,0.17611433065629772,0.6151996151996151,0.0,0.4651162790697674,0.40162790697674416,0.6438356164383562,0.30794707051078324,0.20606995951704657,0.8211764705882353,0.0,0.6666666666666666,0.40623076923076923,0.613158561296859,2.5064679374425616,0.4298514752260599,0.49056603773584906,-0.5,0.1111111111111111,1.0242709313264349,3.9854593235013285,7.267048919609665,0.01858390633711206,0.4781600755077677,1.6064355955174,0.107,7.67,0.5281
CUST00330,36.0,929833.43,115142.86,834.0,54,27.75,2025-11-23,1,Male,Graduate,Salaried,1,8.55,5.0,5.9,0,2025,11,23,Sunday,2.0,1,False,False,False,True,False,False,False,False,True,High,1,Med_Missed,2,0.6990338276829764,-0.10186436858586752,0.32727272727272727,0.20240317642328187,0.1466845394715972,0.9594946963368014,0.16666666666666666,0.6511627906976745,0.2073643410852713,0.4931506849315068,0.22939902700114398,0.1777102050315891,0.9811764705882353,0.16666666666666666,0.782608695652174,0.21346153846153845,-0.17255572441742675,1.5241888015043525,0.20137968438920723,1.7735849056603774,0.0,1.0,0.08127939793038572,3.3586377672433594,5.267826876426369,0.034782608695652174,0.24645872382800804,1.2113274741601725,0.1238,9.0,0.2775
CUST00331,30.0,208446.15,61547.06,564.0,50,6.02,2016-09-22,0,Female,Secondary,Salaried,0,8.55,5.0,5.9,0,2016,9,22,Thursday,1.0,0,False,False,False,True,False,False,False,True,False,Low,0,Low_Missed,2,-0.7013979480417063,-0.65105825261546,0.21818181818181814,0.0181950614894172,0.06084431847681168,0.27596769702032864,0.0,0.558139534883721,0.03891472868217054,0.410958904109589,0.05142570964794684,0.0949910454863768,0.6635294117647059,0.0,0.7246376811594203,0.04630769230769231,-0.6011271529888553,-0.7014487647362581,-0.46502222425584694,-0.7735849056603774,-0.5,0.5555555555555556,-0.736406396989652,1.9487632180377197,2.453568829277059,0.14245014245014245,-0.7903754288043193,-1.5987326692584427,0.2953,8.33,0.0602
CUST00332,38.415780141843975,338280.59,114475.07,633.4,37,55.72,2026-05-28,1,Male,Secondary,Self-Employed,3,8.55,5.0,5.9,0,2026,5,28,Thursday,1.0,1,False,False,False,True,True,False,False,False,False,Mid-Low,0,High_Missed,0,-0.44934987289485895,-0.10870718432546125,0.37119600257898133,0.051348622841225294,0.14561499220897384,0.4516594516594514,0.5,0.2558139534883721,0.4241860465116279,0.5262435635869037,0.08345713941407001,0.1766795453986944,0.7451764705882352,0.5,0.5362318840579711,0.4286153846153846,0.0,-0.3008811153374322,0.19307648655329326,-0.1188679245283021,1.0,-0.8888888888888888,1.1337723424270933,4.038126882223872,7.464583042608609,0.01763046544428773,0.23725503147734503,-0.5173193016525636,0.3384,6.17,0.5572
CUST00333,38.415780141843975,546191.74,74453.6,592.0,46,12.95,2016-04-19,0,Female,Secondary,Salaried,1,8.55,5.0,5.9,0,2016,4,19,Tuesday,1.0,0,False,False,False,True,False,False,False,True,False,Mid-High,0,Med_Missed,1,-0.04573119391363159,-0.5188054859437562,0.37119600257898133,0.10443927480729817,0.08151571895740978,0.34685197843092563,0.16666666666666666,0.4651162790697674,0.09263565891472868,0.5262435635869037,0.13475085931472888,0.11491085527439499,0.6964705882352941,0.16666666666666666,0.6666666666666666,0.0996153846153846,0.0,0.340570264121721,-0.3045442970674527,-0.5094339622641509,0.0,0.1111111111111111,-0.47563499529633124,2.6354795082673745,3.598610843089316,0.07168458781362008,-0.46528484741440446,0.3809299212978665,0.1363,7.67,0.1295
CUST00334,22.0,427136.55,49864.51,580.0,60,14.52,2024-04-29,0,Female,Secondary,Salaried,0,8.4,4.8,5.4,0,2024,4,29,Monday,1.0,0,False,False,True,False,True,False,False,False,False,Mid-Low,0,Low_Missed,3,-0.2768534714521813,-0.7707688457938416,0.0727272727272727,0.07403822292987514,0.04213328750455954,0.316473000683527,0.0,0.7906976744186047,0.1048062015503876,0.3013698630136986,0.1053787762466504,0.07696032820358749,0.6823529411764706,0.0,0.8695652173913043,0.11169230769230769,-1.1725557244174267,-0.026741041006799526,-0.6102812486167348,-0.6226415094339622,-0.5,1.6666666666666667,-0.4165569143932268,2.7421295147550726,3.81051177665153,0.06443298969072166,-1.1603652245606402,-0.06051266344189048,0.1167,10.0,0.1452
CUST00335,34.0,219761.28,154069.33,593.0,50,22.95,2019-10-07,0,Male,Graduate,Salaried,2,8.4,4.8,5.4,0,2019,10,7,Monday,2.0,1,False,False,True,False,False,False,False,True,False,Low,0,High_Missed,2,-0.6794318446215633,0.297013514585228,0.2909090909090909,0.021084409313143204,0.2090300364573104,0.3493835599098756,0.3333333333333333,0.558139534883721,0.1701550387596899,0.4657534246575342,0.05421726319791057,0.23778888437702136,0.6976470588235294,0.3333333333333333,0.7246376811594203,0.17653846153846153,-0.31541286727456963,-0.6665391134392514,0.685385406942363,-0.5,0.5,0.5555555555555556,-0.09934148635936034,3.175968323856924,4.790615826801393,0.04175365344467641,0.6975467652365699,-1.4712126722747847,0.7011,8.33,0.2295
CUST00336,37.0,355476.12,161267.0,716.0,36,25.88,2015-08-17,1,Male,Secondary,Salaried,1,8.75,5.2,6.1,1,2015,8,17,Monday,1.0,1,False,True,False,False,False,True,False,False,False,Mid-Low,1,Med_Missed,0,-0.41596812736085537,0.3707677330736783,0.34545454545454546,0.05573954607262564,0.22055798423395595,0.6607680818207133,0.16666666666666666,0.2325581395348837,0.19286821705426355,0.5068493150684932,0.0876994453190846,0.2488976879228923,0.8423529411764706,0.16666666666666666,0.5217391304347826,0.19907692307692307,-0.10112715298885533,-0.24782914367053877,0.7748801252933767,0.660377358490566,0.0,-1.0,0.010912511759172124,3.2913825156549485,5.087238936790762,0.03720238095238095,0.7665658262335929,-0.4169407618766844,0.4537,6.0,0.2588
CUST00337,38.415780141843975,440203.13,174440.2,611.0,48,33.66,2022-01-20,1,Male,Secondary,Salaried,1,9.1,5.6,7.2,0,2022,1,20,Thursday,1.0,1,True,False,False,False,False,True,False,False,False,Mid-High,0,Med_Missed,2,-0.2514872717154066,0.5057529534286059,0.37119600257898133,0.0773748080585075,0.24165647327989814,0.39495202653097383,0.16666666666666666,0.5116279069767442,0.2531782945736434,0.5262435635869037,0.10860242968986185,0.2692290577787577,0.7188235294117648,0.16666666666666666,0.6956521739130435,0.2589230769230769,0.0,0.013572216679540982,0.9386736617824866,-0.330188679245283,0.0,0.3333333333333333,0.3036688617121354,3.54558628428746,5.801723881744114,0.02885170225043278,0.8842023518809637,-0.004267440991980335,0.3963,8.0,0.3366
CUST00338,54.0,1152175.79,68527.53,830.0,50,53.77,2023-05-17,1,Male,Graduate,Salaried,2,8.55,5.0,5.9,0,2023,5,17,Wednesday,2.0,1,False,False,False,True,False,False,False,True,False,High,1,High_Missed,2,1.1306678676311392,-0.5795296732929748,0.6545454545454545,0.2591788753315669,0.0720243939201761,0.9493683704210021,0.3333333333333333,0.558139534883721,0.40906976744186047,0.7397260273972602,0.2842530679503257,0.10576462497638475,0.9764705882352941,0.3333333333333333,0.7246376811594203,0.41361538461538466,1.1131585612968589,2.2101636207201745,-0.3782281371960486,1.7358490566037736,0.5,0.5555555555555556,1.060395108184384,4.00314259879563,7.332803011127464,0.018258170531312762,-0.6058210569161695,1.503156994815344,0.0595,8.33,0.5377
CUST00339,43.0,389798.67,200309.19,620.2,42,52.55,2024-08-21,1,Male,Graduate,Salaried,2,8.4,4.8,5.4,0,2024,8,21,Wednesday,2.0,1,False,False,True,False,False,True,False,False,False,Mid-Low,0,High_Missed,1,-0.3493376350074288,0.770831394165057,0.4545454545454545,0.06450389832904929,0.2830888209360931,0.41824257613731297,0.3333333333333333,0.37209302325581395,0.39961240310077517,0.589041095890411,0.09616715504016671,0.3091549682247908,0.7296470588235294,0.3333333333333333,0.6086956521739131,0.4042307692307692,0.3274442755825732,-0.14193656867369153,1.260324692473694,-0.2433962264150939,0.5,-0.3333333333333333,1.0144873000940735,3.980615796893758,7.249137879775773,0.018674136321195144,1.0881571764946576,-0.2350767292929771,0.5139,7.0,0.5255
CUST00340,53.0,793335.66,73412.58,569.0,47,17.16,2017-01-19,0,Female,Graduate,Salaried,0,9.1,5.6,7.2,0,2017,1,19,Thursday,2.0,0,True,False,False,False,False,True,False,False,False,High,0,Low_Missed,1,0.434050205538212,-0.5294727736258599,0.6363636363636364,0.1675481164555261,0.07984839825578778,0.2886256044150781,0.0,0.4883720930232558,0.12527131782945738,0.726027397260274,0.1957236883699808,0.11330415662506504,0.6694117647058824,0.0,0.6811594202898551,0.132,1.0417299898682875,1.1030633214153902,-0.3174881791428705,-0.7264150943396226,-0.5,0.2222222222222222,-0.31721542803386643,2.8992213731731473,4.142463035441596,0.05506607929515418,-0.48902534589672686,0.980107987849542,0.0925,7.83,0.1716
CUST00341,41.0,234792.12,146107.92,621.0,51,17.63,2022-02-04,0,Male,Post-Graduate,Unemployed,2,8.4,4.8,5.4,0,2022,2,4,Friday,3.0,1,False,False,True,False,False,False,True,False,False,Low,0,High_Missed,2,-0.6502524197336812,0.21543328478640006,0.4181818181818181,0.02492257333271467,0.19627886577173254,0.4202678413204728,0.3333333333333333,0.5813953488372092,0.12891472868217052,0.5616438356164384,0.05792551884861338,0.22550133303913955,0.7305882352941176,0.3333333333333333,0.7391304347826086,0.1356153846153846,0.1845871327254304,-0.6201656839602177,0.5863944632582347,-0.2358490566037736,0.5,0.6666666666666666,-0.29952963311382885,2.924773184613497,4.198809355043403,0.05367686527106817,0.6167709481667466,-1.315025944236435,0.6223,8.5,0.1763
CUST00342,39.0,264605.51,72653.18,586.0,58,49.86,2021-07-17,0,Female,Secondary,Unemployed,2,8.75,5.2,6.1,0,2021,7,17,Saturday,1.0,0,False,True,False,False,False,False,False,False,True,Low,0,High_Missed,3,-0.5923755762466814,-0.5372543131407487,0.38181818181818183,0.03253549987570575,0.07863212638703238,0.33166248955722644,0.3333333333333333,0.7441860465116279,0.3787596899224806,0.5342465753424658,0.06528077457178698,0.11213210714061599,0.6894117647058824,0.3333333333333333,0.8405797101449275,0.38353846153846155,0.04172998986828753,-0.5281848539669549,-0.3269304415855443,-0.5660377358490566,0.5,1.4444444444444444,0.9132643461900284,3.9290767599939738,7.0611613775638915,0.019661816751867872,-0.5065877940137079,-1.042162757372401,0.2746,9.67,0.4986
CUST00343,28.0,634651.29,86302.23,714.0,42,11.01,2020-02-01,1,Female,Graduate,Unemployed,0,8.75,5.2,6.1,0,2020,2,1,Saturday,2.0,0,False,True,False,False,False,True,False,False,False,Mid-High,1,Low_Missed,1,0.12599565534035914,-0.3973930780660952,0.18181818181818177,0.12702765057322235,0.10049274733809342,0.6557049188628135,0.0,0.37209302325581395,0.0775968992248062,0.3835616438356164,0.1565746979123141,0.13319789857559,0.84,0.0,0.6086956521739131,0.08469230769230769,-0.7439842958459982,0.6134873268854831,-0.15722025960875177,0.6415094339622641,-0.5,-0.3333333333333333,-0.5486359360301035,2.485739636091892,3.3181320046074116,0.08326394671107411,-0.21917743110128152,0.6316835774840006,0.136,7.0,0.1101
CUST00344,38.0,760601.91,23557.8763,519.0,38,27.74,2025-04-09,0,Male,Primary,Salaried,0,8.75,5.2,6.1,0,2025,4,9,Wednesday,0.0,1,False,True,False,False,False,False,False,False,True,High,0,Low_Missed,0,0.37050405645913786,-1.0403318029182202,0.36363636363636365,0.15918946840420978,0.0,0.1620465304675831,0.0,0.2790697674418605,0.20728682170542634,0.5205479452054794,0.1876479511918728,0.036358963355450906,0.6105882352941177,0.0,0.5507246376811594,0.21338461538461537,-0.0296985815602839,1.0020725419772933,-0.9373738735557469,-1.1981132075471699,-0.5,-0.7777777777777778,0.08090310442144868,3.358289880650879,5.2668776329054765,0.03479471120389701,-2.573538266726492,0.9164675577317135,0.031,6.33,0.2774
CUST00345,38.0,274115.17,82359.75,543.0,42,68.62,2019-11-12,1,Female,Graduate,Salaried,2,8.55,5.0,5.9,0,2019,11,12,Tuesday,2.0,0,False,False,False,True,False,True,False,False,False,Low,0,High_Missed,1,-0.5739144383675412,-0.4377915030156059,0.36363636363636365,0.03496381624726967,0.09417838400239321,0.22280448596238056,0.3333333333333333,0.37209302325581395,0.5241860465116279,0.5205479452054794,0.06762690096467402,0.1271131189450255,0.6388235294117647,0.3333333333333333,0.6086956521739131,0.5278461538461539,-0.0296985815602839,-0.4988454725764546,-0.20624044769802277,-0.9716981132075472,0.5,-0.3333333333333333,1.6191909689557857,4.243051882383293,8.283718971573094,0.014363688595231254,-0.2965342614725783,-0.9638081864894765,0.3005,7.0,0.6862
CUST00346,23.0,447771.66,104261.14,603.0,57,19.32,2019-05-16,1,Female,Post-Graduate,Salaried,2,8.4,4.8,5.4,0,2019,5,16,Thursday,3.0,0,False,False,True,False,False,False,False,True,False,Mid-High,0,High_Missed,3,-0.23679445663343632,-0.21336889080071453,0.09090909090909088,0.07930745184468625,0.12925613557421384,0.37469937469937453,0.3333333333333333,0.7209302325581395,0.142015503875969,0.3150684931506849,0.11046966027311693,0.16091547983285473,0.7094117647058824,0.3333333333333333,0.8260869565217391,0.14861538461538462,-1.1011271529888553,0.0369227873871628,0.06607805669933116,-0.4056603773584906,0.5,1.3333333333333333,-0.23593603010348074,3.011605622710281,4.3954521951671826,0.049212598425196846,0.08830966369269057,0.027281041858399645,0.2328,9.5,0.1932
CUST00347,32.0,221728.83,77185.76,705.0,40,7.19,2021-01-14,0,Female,Graduate,Salaried,1,8.55,5.0,5.9,0,2021,1,14,Thursday,2.0,0,False,False,False,True,False,False,False,True,False,Low,1,Med_Missed,1,-0.6756122325813746,-0.4908091585787335,0.2545454545454545,0.021586828314124375,0.08589160695969936,0.6329206855522644,0.16666666666666666,0.32558139534883723,0.04798449612403101,0.4383561643835616,0.0547026770806703,0.11912764052516177,0.8294117647058824,0.16666666666666666,0.5797101449275363,0.05530769230769231,-0.4582700101317125,-0.6604687912768524,-0.2705730411346433,0.5566037735849056,0.0,-0.5555555555555556,-0.6923800564440264,2.102913897864978,2.6814175355583845,0.12210012210012208,-0.40474176542731,-1.449950858746626,0.3481,6.67,0.0719
CUST00348,34.0,404088.86,283144.55,749.0,42,12.95,2025-09-04,1,Male,Graduate,Salaried,3,9.1,5.6,7.2,0,2025,9,4,Thursday,2.0,1,True,False,False,False,False,True,False,False,False,Mid-Low,1,High_Missed,1,-0.32159603668434344,1.6196418064247775,0.2909090909090909,0.06815293544812182,0.4157597691929083,0.74431027062606,0.5,0.37209302325581395,0.09263565891472868,0.4657534246575342,0.09969268507156327,0.43700213833560353,0.8811764705882353,0.5,0.6086956521739131,0.0996153846153846,-0.31541286727456963,-0.09784820646592442,2.290286779191313,0.9716981132075472,1.0,-0.3333333333333333,-0.47563499529633124,2.6354795082673745,3.598610843089316,0.07168458781362008,1.5811488028040537,-0.16567431650293657,0.7007,7.0,0.1295
CUST00349,43.0,672300.97,49144.51,760.0,46,13.69,2024-12-20,0,Male,Graduate,Salaried,1,8.75,5.2,6.1,0,2024,12,20,Friday,2.0,1,False,True,False,False,False,True,False,False,False,High,1,Med_Missed,1,0.19908511738059081,-0.7781466551837809,0.4545454545454545,0.1366415941135953,0.040980119548931576,0.7721576668945089,0.16666666666666666,0.4651162790697674,0.09837209302325581,0.589041095890411,0.16586324323693682,0.07584908823940087,0.8941176470588236,0.16666666666666666,0.6666666666666666,0.10530769230769231,0.3274442755825732,0.7296448257603423,-0.6192336175378897,1.0754716981132075,0.0,0.1111111111111111,-0.4477892756349954,2.6871669901857858,3.6999999999999997,0.06807351940095303,-1.186347602801441,0.7243814935849243,0.0731,7.67,0.1369
CUST00350,43.0,355941.17,70393.15,692.0,39,12.02,2023-02-21,0,Male,Secondary,Salaried,1,8.75,5.2,6.1,0,2023,2,21,Tuesday,1.0,1,False,True,False,False,True,False,False,False,False,Mid-Low,0,Med_Missed,0,-0.4150653240881102,-0.5604127444678937,0.4545454545454545,0.055858297797565945,0.07501241225542421,0.6000101263259157,0.16666666666666666,0.3023255813953488,0.08542635658914728,0.589041095890411,0.08781417771530194,0.10864400206247617,0.8141176470588235,0.16666666666666666,0.5652173913043478,0.09246153846153846,0.3274442755825732,-0.24639436268829,-0.35503130593676363,0.4339622641509434,0.0,-0.6666666666666666,-0.5106302916274695,2.5664866367804233,3.4669871646719432,0.07680491551459294,-0.5601240695269202,-0.4143183626956287,0.1978,6.5,0.1202
CUST00351,32.0,390616.93,57358.51,643.0,33,22.11,2015-12-06,1,Male,Graduate,Salaried,2,8.55,5.0,5.9,0,2015,12,6,Sunday,2.0,1,False,False,False,True,True,False,False,False,False,Mid-Low,0,High_Missed,0,-0.34774914386463446,-0.6939781463935571,0.2545454545454545,0.06471284314455225,0.05413584397605399,0.4759626338573706,0.3333333333333333,0.16279069767441867,0.16364341085271317,0.4383561643835616,0.096369027807673,0.08852648416416314,0.7564705882352941,0.3333333333333333,0.4782608695652174,0.17007692307692307,-0.4582700101317125,-0.13941205757480987,-0.5171020087623799,-0.02830188679245283,0.5,-1.3333333333333333,-0.1309501411100659,3.1402654242862895,4.702127178203499,0.043271311120726956,-0.9130133870128915,-0.23100962132004102,0.1468,5.5,0.2211
CUST00352,43.0,251475.87,70384.88,714.0,38,103.89,2018-06-17,1,Male,Graduate,Salaried,1,8.75,5.2,6.1,0,2018,6,17,Sunday,2.0,1,False,True,False,False,False,False,True,False,False,Low,1,Med_Missed,0,-0.6178641945930236,-0.560497486806303,0.4545454545454545,0.029182812212346518,0.07499916684015612,0.6557049188628135,0.16666666666666666,0.2790697674418605,0.7975968992248061,0.589041095890411,0.06204156360808211,0.10863123823677644,0.84,0.16666666666666666,0.5507246376811594,0.7991538461538461,0.3274442755825732,-0.5686926655480178,-0.35513413384089954,0.6415094339622641,0.0,-0.7777777777777778,2.946378174976482,4.652912181973512,10.192644406629714,0.009533797311469158,-0.5603235673049538,-1.156885349897965,0.2799,6.33,1.0389
CUST00353,36.0,319918.26,183294.21,609.8,40,38.64,2015-03-05,1,Male,Post-Graduate,Self-Employed,2,8.55,5.0,5.9,0,2015,3,5,Thursday,3.0,1,False,False,False,True,False,True,False,False,False,Low,0,High_Missed,1,-0.484996731553557,0.5964796174794614,0.32727272727272727,0.04665975420038433,0.2558372519060226,0.39191412875623377,0.3333333333333333,0.32558139534883723,0.2917829457364341,0.4931506849315068,0.07892697250506361,0.2828942379944631,0.7174117647058823,0.3333333333333333,0.5797101449275363,0.29723076923076924,-0.17255572441742675,-0.3575329202482521,1.0487630561597023,-0.3415094339622646,0.5,-0.5555555555555556,0.491063029162747,3.6798387094617873,6.216108107168021,0.025227043390514632,0.9576953152677489,-0.6324899526753878,0.5729,6.67,0.3864
CUST00354,18.0,1065607.33,239622.27,502.0,44,23.8,2016-02-03,0,Male,Graduate,Salaried,1,8.75,5.2,6.1,0,2016,2,3,Wednesday,2.0,1,False,True,False,False,False,True,False,False,False,High,0,Med_Missed,1,0.962612198338563,1.1736708535698253,0.0,0.23707339430710572,0.34605352106531373,0.11900964532543479,0.16666666666666666,0.4186046511627908,0.17674418604651165,0.2465753424657534,0.26289577980357937,0.3698303371293261,0.5905882352941176,0.16666666666666666,0.6376811594202898,0.18307692307692308,-1.4582700101317125,1.9430809842927654,1.7491374641221384,-1.3584905660377358,0.0,-0.1111111111111111,-0.06735653809971776,3.2108436531709366,4.878524367060187,0.04032258064516129,1.3464897207635833,1.3994649036162357,0.2249,7.33,0.238
CUST00355,33.0,458842.57,64830.05,685.0,52,25.4,2024-07-23,0,Male,Primary,Self-Employed,3,9.1,5.6,7.2,0,2024,7,23,Tuesday,0.0,1,True,False,False,False,False,False,True,False,False,Mid-High,0,High_Missed,2,-0.215302458396112,-0.617417593658409,0.2727272727272727,0.0821344374573276,0.0661024280138215,0.5822890559732665,0.5,0.6046511627906976,0.1891472868217054,0.4520547945205479,0.11320096235376727,0.10005797561141154,0.8058823529411765,0.5,0.7536231884057971,0.19538461538461538,-0.386841438703141,0.07107896655969952,-0.4242020330829821,0.36792452830188677,1.0,0.7777777777777778,-0.007149576669802495,3.2733640101522705,5.039841267341661,0.03787878787878788,-0.700746710865251,0.0721420415995873,0.1413,8.67,0.254
CUST00356,50.0,268027.84,63971.66,570.0,51,15.28,2024-05-15,1,Male,Graduate,Salaried,3,8.55,5.0,5.9,0,2024,5,15,Wednesday,2.0,1,False,False,False,True,False,False,False,True,False,Low,0,High_Missed,2,-0.585731794450285,-0.6262134794948394,0.5818181818181818,0.03340940072682917,0.06472761156738888,0.29115718589402784,0.5,0.5813953488372092,0.11069767441860465,0.684931506849315,0.06612509694905065,0.09873314606577523,0.6705882352941176,0.5,0.7391304347826086,0.11753846153846154,0.8274442755825733,-0.5176262172634185,-0.4348751219138574,-0.7169811320754716,1.0,0.6666666666666666,-0.387958607714017,2.789937360574394,3.9089640571384128,0.06142506142506142,-0.7236715796262025,-1.0135284793776278,0.2387,8.5,0.1528
CUST00357,20.0,377986.6,49302.14,645.0,56,25.33,2016-03-06,1,Female,Secondary,Salaried,0,8.75,5.2,6.1,0,2016,3,6,Sunday,1.0,0,False,True,False,False,False,False,False,True,False,Mid-Low,0,Low_Missed,3,-0.37226844987442265,-0.7765314272752586,0.036363636363636376,0.06148765558608485,0.041232583250106064,0.48102579681527047,0.0,0.6976744186046513,0.18860465116279068,0.273972602739726,0.09325300151820805,0.07609237262211578,0.7588235294117647,0.0,0.8115942028985508,0.19484615384615384,-1.3154128672745695,-0.1783793885790602,-0.6172736704364431,-0.009433962264150943,-0.5,1.2222222222222223,-0.009783631232361301,3.270708973508218,5.032891812864648,0.0379794910748196,-1.1806221884942578,-0.2951160248806148,0.1304,9.33,0.2533
CUST00358,38.415780141843975,199045.0,216159.37,660.0,46,66.6,2020-04-06,1,Female,Secondary,Salaried,0,8.75,5.2,6.1,0,2020,4,6,Monday,1.0,0,False,True,False,False,False,True,False,False,False,Low,0,Low_Missed,1,-0.7196484350593788,0.9332475147709284,0.37119600257898133,0.015794453428085012,0.30847482047350333,0.5189995189995189,0.0,0.4651162790697674,0.5085271317829456,0.5262435635869037,0.049106353736327484,0.3336179591352788,0.7764705882352941,0.0,0.6666666666666666,0.5123076923076922,0.0,-0.7304533690395983,1.4574033852885724,0.1320754716981132,-0.5,0.1111111111111111,1.5431796801505173,4.213607983048918,8.160882305241266,0.014792899408284025,1.198754825734803,-1.7120822761646546,1.086,7.67,0.666
CUST00359,55.0,266444.21,193416.78,670.0,46,28.45,2018-03-18,1,Male,Secondary,Salaried,2,8.55,5.0,5.9,0,2018,3,18,Sunday,1.0,1,False,False,False,True,False,False,False,True,False,Low,0,High_Missed,1,-0.5888061011846524,0.7002051619187913,0.6727272727272727,0.03300501669464509,0.27204978434019067,0.5443153337890179,0.3333333333333333,0.4651162790697674,0.2127906976744186,0.7534246575342466,0.065734399895784,0.29851729955595824,0.788235294117647,0.3333333333333333,0.6666666666666666,0.21884615384615383,1.1845871327254305,-0.5225120622412031,1.1746255298683357,0.22641509433962265,0.5,0.1111111111111111,0.10761994355597365,3.3826939100975957,5.333854141237834,0.03395585738539898,1.036896412420556,-1.0267162136798007,0.7259,7.67,0.2845
CUST00360,30.0,873418.3,92633.94,725.0,35,52.32,2015-11-02,0,Male,Graduate,Salaried,0,8.75,5.2,6.1,0,2015,11,2,Monday,2.0,1,False,True,False,False,True,False,False,False,False,High,1,Low_Missed,0,0.5895149286477191,-0.3325123148822447,0.21818181818181814,0.18799742650342063,0.11063375438855062,0.6835523151312624,0.0,0.2093023255813954,0.39782945736434105,0.410958904109589,0.21548086110970785,0.14297018912231227,0.8529411764705882,0.0,0.5072463768115942,0.4024615384615385,-0.6011271529888553,1.3501357843339532,-0.07849275430074293,0.7452830188679245,-0.5,-1.1111111111111112,1.0058325493885232,3.976311495310508,7.23325652801005,0.018754688672168042,-0.10303493504850719,1.1217579391101808,0.1061,5.83,0.5232
CUST00361,38.0,411991.83,42716.5,658.6,45,47.63,2019-05-21,0,Female,Secondary,Salaried,1,8.4,4.8,5.4,0,2019,5,21,Tuesday,1.0,0,False,False,True,False,False,False,False,True,False,Mid-Low,0,Med_Missed,1,-0.30625397200225074,-0.8440142003735358,0.36363636363636365,0.07017097935662944,0.030684876284409135,0.5154553049289892,0.16666666666666666,0.4418604651162792,0.36147286821705427,0.5205479452054794,0.10164242528301087,0.06592816934746866,0.7748235294117647,0.16666666666666666,0.6521739130434783,0.3663846153846154,-0.0296985815602839,-0.07346581519771045,-0.699158502189103,0.1188679245283021,0.0,0.0,0.8293508936970839,3.8842406244156944,6.901449123191448,0.020563438206868186,-1.4395814510066895,-0.12871283100775174,0.1037,7.5,0.4763
CUST00362,24.0,1138662.73,45071.37,666.0,51,100.77,2016-03-08,1,Male,Secondary,Self-Employed,1,8.4,4.8,5.4,0,2016,3,8,Tuesday,1.0,1,False,False,True,False,False,False,False,True,False,High,0,Med_Missed,2,1.1044349146308117,-0.8198839475984161,0.10909090909090907,0.25572828037570877,0.03445648826172808,0.5341890078732183,0.16666666666666666,0.5813953488372092,0.7734108527131782,0.3287671232876712,0.2809192635120317,0.06956264942311328,0.7835294117647059,0.16666666666666666,0.7391304347826086,0.7751538461538461,-1.029698581560284,2.168472874563875,-0.669878411909436,0.18867924528301888,0.0,0.6666666666666666,2.828974600188147,4.62271536520384,10.038426171467318,0.009826078412105728,-1.3420362921800657,1.487682951618346,0.0396,8.5,1.0077
CUST00363,56.0,421816.68,109357.51,615.0,43,47.03,2023-06-17,1,Male,Primary,Salaried,0,8.75,5.2,6.1,0,2023,6,17,Saturday,0.0,1,False,True,False,False,False,False,False,False,True,Mid-Low,0,Low_Missed,1,-0.2871809546186775,-0.16114660407765244,0.6909090909090908,0.07267978031304217,0.13741859470480233,0.40507835244677337,0.0,0.39534883720930236,0.3568217054263566,0.7671232876712328,0.10406631214028614,0.16878116041102378,0.7235294117647059,0.0,0.6231884057971014,0.3617692307692308,1.2560157041540019,-0.04315400370766171,0.12944553503086817,-0.29245283018867924,-0.5,-0.2222222222222222,0.8067732831608656,3.871825815676733,6.8578422262399705,0.020820320632937747,0.1646181474274673,-0.08408847535848672,0.2593,7.17,0.4703
CUST00364,37.0,434525.82,137255.96,659.0,45,96.23,2026-02-11,1,Male,Post-Graduate,Salaried,2,8.55,5.0,5.9,0,2026,2,11,Wednesday,3.0,1,False,False,False,True,False,False,False,False,True,Mid-Low,0,High_Missed,1,-0.26250865446648514,0.12472762699839049,0.34545454545454546,0.07592509220962923,0.18210137047103725,0.516467937520569,0.3333333333333333,0.4418604651162792,0.7382170542635659,0.5068493150684932,0.10720178162972073,0.21183931677055434,0.7752941176470588,0.3333333333333333,0.6521739130434783,0.7402307692307692,-0.10112715298885533,-0.003943526613289846,0.47633055826475235,0.12264150943396226,0.5,0.0,2.6581373471307623,4.577079305821566,9.809689087835556,0.010284891494394734,0.5208258868630664,-0.02842208197737505,0.3159,7.5,0.9623
CUST00365,39.0,609532.21,28575.73,602.0,52,55.03,2019-11-09,1,Female,Graduate,Unemployed,1,8.55,5.0,5.9,0,2019,11,9,Saturday,2.0,0,False,False,False,True,False,True,False,False,False,Mid-High,0,Med_Missed,2,0.07723189309468931,-0.9889140693832184,0.38181818181818183,0.12061342827688112,0.008036705684540624,0.3721677932204248,0.16666666666666666,0.6046511627906976,0.4188372093023256,0.5342465753424658,0.15037757450800293,0.04410346275250877,0.7082352941176471,0.16666666666666666,0.7536231884057971,0.42330769230769233,0.04172998986828753,0.5359894701483872,-0.8749826547852155,-0.41509433962264153,0.0,0.7777777777777778,1.1078080903104424,4.025887261577193,7.418220810949213,0.01784758165268606,-2.1948904896617414,0.5655603743691479,0.0469,8.67,0.5503
CUST00366,53.0,137191.4937,81406.8,634.0,31,33.68,2017-10-17,1,Male,Primary,Salaried,2,8.4,4.8,5.4,0,2017,10,17,Tuesday,0.0,1,False,False,True,False,False,True,False,False,False,Low,0,High_Missed,0,-0.8397248739764982,-0.44755634115191506,0.6363636363636364,0.0,0.09265211816445477,0.45317840054682157,0.3333333333333333,0.11627906976744184,0.2533333333333333,0.726027397260274,0.03384648707200554,0.12564234655075937,0.7458823529411764,0.3333333333333333,0.4492753623188406,0.2590769230769231,1.0417299898682875,-0.9212849667702656,-0.2180892809805431,-0.11320754716981132,0.5,-1.5555555555555556,0.3044214487300094,3.546163151912341,5.803447251418763,0.02883506343713956,-0.31586929813657033,-2.699026891946865,0.5934,5.17,0.3368
CUST00367,45.0,490151.43,260661.4,850.0,40,14.18,2020-09-28,0,Female,Primary,Salaried,1,8.55,5.0,5.9,0,2020,9,28,Monday,0.0,0,False,False,False,True,True,False,False,False,False,Mid-High,1,Med_Missed,1,-0.15452245350648397,1.3892579242228154,0.49090909090909085,0.09012923614760707,0.37975025791294026,1.0,0.16666666666666666,0.32558139534883723,0.10217054263565892,0.6164383561643836,0.12092516519353291,0.40230189555671153,1.0,0.16666666666666666,0.5797101449275363,0.10907692307692307,0.4703014184397161,0.16767364864526105,2.010734760705666,1.9245283018867925,0.0,-0.5555555555555556,-0.4293508936970838,2.719978771967484,3.765634076752546,0.06587615283267458,1.4655256501496343,0.1914100013402378,0.5318,6.67,0.1418
CUST00368,28.0,431708.88,86638.06,665.0,47,52.11,2026-02-09,0,Female,Graduate,Salaried,1,8.75,5.2,6.1,0,2026,2,9,Monday,2.0,0,False,True,False,False,False,False,False,True,False,Mid-Low,0,Med_Missed,1,-0.2679771904327832,-0.39395184233356284,0.18181818181818177,0.0752057792668202,0.10103062010828585,0.5316574263942684,0.16666666666666666,0.4883720930232558,0.39620155038759686,0.3835616438356164,0.10650681490313121,0.1337162148494411,0.7823529411764706,0.16666666666666666,0.6811594202898551,0.40084615384615385,-0.7439842958459982,-0.012634402734429425,-0.15304460119931912,0.1792452830188679,0.0,0.2222222222222222,0.9979303857008468,3.972365234434308,7.218725649309579,0.018828845791752966,-0.21277559726893347,-0.040567307661038644,0.2007,7.83,0.5211
CUST00369,31.0,930074.01,241296.77,686.0,45,55.18,2016-11-01,1,Male,Secondary,Salaried,1,8.75,5.2,6.1,0,2016,11,1,Tuesday,1.0,1,False,True,False,False,False,True,False,False,False,High,0,Med_Missed,1,0.6995008665204283,1.1908293838801771,0.23636363636363633,0.20246460915091574,0.34873543737322904,0.5848206374522162,0.16666666666666666,0.4418604651162792,0.42,0.4246575342465753,0.22945838044675618,0.37241474174047956,0.8070588235294117,0.16666666666666666,0.6521739130434783,0.42446153846153845,-0.5296985815602839,1.5249310434325525,1.7699579387866857,0.37735849056603776,0.0,0.0,1.1134524929444969,4.0285608216760975,7.428324171709256,0.0177999288002848,1.3563943918723738,1.211693473733338,0.2594,7.5,0.5518
CUST00370,43.0,348464.17,145717.88,542.4,46,56.19,2022-10-30,1,Female,Graduate,Salaried,1,9.1,5.6,7.2,1,2022,10,30,Sunday,2.0,0,True,False,False,False,False,False,False,True,False,Mid-Low,0,Med_Missed,1,-0.4295804516449663,0.21143656148855008,0.4545454545454545,0.053949026434532615,0.1956541690642143,0.22128553707501064,0.16666666666666666,0.4651162790697674,0.427829457364341,0.589041095890411,0.08596952848077447,0.22489934965631822,0.6381176470588235,0.16666666666666666,0.6666666666666666,0.4322307692307692,0.3274442755825732,-0.2694625433232203,0.5815447660721135,-0.977358490566038,0.0,0.1111111111111111,1.1514581373471309,4.046379057927225,7.495998932764064,0.01748557440111908,0.6126849594965494,-0.4570566510833188,0.4182,7.67,0.5619
CUST00371,31.0,250986.43,51504.9,732.0,57,1.2,2016-01-27,0,Female,Secondary,Salaried,1,8.55,5.0,5.9,0,2016,1,27,Wednesday,1.0,0,False,False,False,True,False,True,False,False,False,Low,1,Med_Missed,3,-0.6188143462623331,-0.7539598392033384,0.23636363636363633,0.02905783243758084,0.04476057248057699,0.7012733854839117,0.16666666666666666,0.7209302325581395,0.0015503875968992248,0.4246575342465753,0.0619208139596473,0.07949208782143759,0.8611764705882353,0.16666666666666666,0.8260869565217391,0.00923076923076923,-0.5296985815602839,-0.5702026950157134,-0.5898848924298272,0.8113207547169812,0.0,1.3333333333333333,-0.9177798682972721,0.7884573603642702,1.0954451150103321,0.45454545454545453,-1.1027386409200777,-1.1613191756720165,0.2052,9.5,0.012
CUST00372,18.0,823294.55,82817.71,629.4,54,18.92,2018-06-15,1,Male,Post-Graduate,Self-Employed,1,8.75,5.2,6.1,0,2018,6,15,Friday,3.0,1,False,True,False,False,False,False,False,False,True,High,0,Med_Missed,2,0.49220950870951335,-0.433098806365305,0.0,0.1751981968012885,0.09491186288705904,0.4415331257436519,0.16666666666666666,0.6511627906976745,0.13891472868217053,0.2465753424657534,0.2031148403702206,0.12781992929780178,0.7404705882352941,0.16666666666666666,0.782608695652174,0.14553846153846156,-1.4582700101317125,1.1954930507375792,-0.20054624371033916,-0.15660377358490588,0.0,1.0,-0.2509877704609595,2.991724252156452,4.349712634186309,0.0502008032128514,-0.28733326371157164,1.0352932145927782,0.1006,9.0,0.1892
CUST00373,38.415780141843975,388031.86,91380.14,633.4,35,38.29,2020-01-19,1,Male,Secondary,Salaried,0,8.75,5.2,6.1,0,2020,1,19,Sunday,1.0,1,False,True,False,False,True,False,False,False,False,Mid-Low,0,Low_Missed,0,-0.35276754974846514,-0.3453599501782251,0.37119600257898133,0.06405273880826276,0.10862564052359734,0.4516594516594514,0.0,0.2093023255813954,0.2890697674418604,0.5262435635869037,0.09573126568426789,0.1410350881957884,0.7451764705882352,0.0,0.5072463768115942,0.2945384615384615,0.0,-0.1473875640231099,-0.09408231006927649,-0.1188679245283021,-0.5,-1.1111111111111112,0.47789275634995304,3.6709700335703683,6.187891401761993,0.025451768897938407,-0.12529767674256187,-0.24389837410561216,0.2355,5.83,0.3829
CUST00374,22.0,281467.82,55742.22,667.0,45,20.09,2019-05-30,0,Male,Graduate,Salaried,1,8.4,4.8,5.4,0,2019,5,30,Thursday,2.0,1,False,False,True,False,False,False,False,False,True,Low,0,Med_Missed,1,-0.55964071192232,-0.7105402013086475,0.0727272727272727,0.036841334514944826,0.05154715809410687,0.5367205893521683,0.16666666666666666,0.4418604651162792,0.14798449612403103,0.3013698630136986,0.06944087183457485,0.08603192021733651,0.7847058823529411,0.16666666666666666,0.6521739130434783,0.15453846153846154,-1.1725557244174267,-0.47616093889377165,-0.5371987092673433,0.19811320754716982,0.0,0.0,-0.206961429915334,3.0487989944906833,4.4821869662029945,0.0474158368895211,-0.963105319940543,-0.9057232042221975,0.198,7.5,0.2009
CUST00375,56.0,488234.76,55164.74,733.0,43,17.52,2017-01-19,0,Male,Primary,Salaried,1,8.55,5.0,5.9,0,2017,1,19,Thursday,0.0,1,False,False,False,True,True,False,False,False,False,Mid-High,1,Med_Missed,1,-0.1582432920158325,-0.7164576143176783,0.6909090909090908,0.08963980948672905,0.05062225332880681,0.7038049669628617,0.16666666666666666,0.39534883720930236,0.12806201550387597,0.7671232876712328,0.12045230390580498,0.08514064403050527,0.8623529411764705,0.16666666666666666,0.6231884057971014,0.13476923076923075,1.2560157041540019,0.16176030241314235,-0.5443790064959385,0.8207547169811321,0.0,-0.2222222222222222,-0.30366886171213553,2.918851229218033,4.18568990729127,0.05399568034557235,-0.9814068484206168,0.18441009893714572,0.113,7.17,0.1752
CUST00376,40.0,399758.27,243789.68,752.0,45,15.22,2023-12-07,1,Male,Post-Graduate,Unemployed,3,8.75,5.2,6.1,0,2023,12,7,Thursday,3.0,1,False,True,False,False,False,False,True,False,False,Mid-Low,1,High_Missed,1,-0.3300030269540298,1.216374126666668,0.4,0.06704710804782243,0.3527281372735964,0.7519050150629096,0.5,0.4418604651162792,0.11023255813953489,0.547945205479452,0.098624286044072,0.3762622712114802,0.8847058823529412,0.5,0.6521739130434783,0.11707692307692308,0.11315856129685896,-0.11120902395633796,1.8009543971300694,1.0,1.0,0.0,-0.39021636876763877,2.7862450486872667,3.901281840626232,0.06165228113440198,1.3709951861891256,-0.186348744795423,0.6098,7.5,0.1522
CUST00377,28.0,954776.59,54917.3,673.0,53,6.21,2022-09-26,1,Female,Post-Graduate,Self-Employed,1,8.4,4.8,5.4,0,2022,9,26,Monday,3.0,0,False,False,True,False,True,False,False,False,False,High,0,Med_Missed,2,0.7474560757866369,-0.7189931214780206,0.18181818181818177,0.20877247709087024,0.050225947941389334,0.5519100782258677,0.16666666666666666,0.627906976744186,0.040387596899224804,0.3835616438356164,0.2355527492160291,0.08475874789614647,0.7917647058823529,0.16666666666666666,0.7681159420289855,0.04776923076923077,-0.7439842958459982,1.6011439065579791,-0.5474556372818421,0.25471698113207547,0.0,0.8888888888888888,-0.7292568203198495,1.9754689512968577,2.4919871588754225,0.13869625520110956,-0.9893159348354343,1.2486011043783993,0.0575,8.83,0.0621
CUST00378,38.415780141843975,524557.86,188539.28,641.0,44,36.83,2020-01-02,1,Male,Graduate,Unemployed,2,9.1,5.6,7.2,0,2020,1,2,Thursday,2.0,1,True,False,False,False,True,False,False,False,False,Mid-High,0,High_Missed,1,-0.08772912460103531,0.6502256267806958,0.37119600257898133,0.09891500737981396,0.26423787225189144,0.47089947089947093,0.3333333333333333,0.4186046511627908,0.2777519379844961,0.5262435635869037,0.1294135689333113,0.2909894204930135,0.7541176470588236,0.3333333333333333,0.6376811594202898,0.2833076923076923,0.0,0.2738250117913203,1.1139794473503726,-0.04716981132075472,0.5,-0.1111111111111111,0.4229539040451552,3.6331024386449378,6.068772528279504,0.026434047052603753,0.9993414566909665,0.3110480911749458,0.3594,7.33,0.3683
CUST00379,18.0,490327.82,75971.18,722.0,43,16.53,2019-10-24,0,Male,Graduate,Self-Employed,1,8.4,4.8,5.4,0,2019,10,24,Thursday,2.0,1,False,False,True,False,False,True,False,False,False,Mid-High,1,Med_Missed,1,-0.1541800269517489,-0.5032549082021118,0.0,0.0901742777920802,0.08394630871588461,0.6759575706944128,0.16666666666666666,0.39534883720930236,0.1203875968992248,0.2465753424657534,0.12096868233656867,0.1172530713089093,0.8494117647058823,0.16666666666666666,0.6231884057971014,0.12715384615384617,-1.4582700101317125,0.16821785038154508,-0.2856749414738884,0.7169811320754716,0.0,-0.2222222222222222,-0.34092191909689556,2.863913698933143,4.065710270051224,0.057045065601825436,-0.43134837969505535,0.1920523228772122,0.1549,7.17,0.1653
CUST00380,26.0,694066.84,97208.79,578.0,54,19.35,2015-11-10,0,Female,Secondary,Self-Employed,2,8.75,5.2,6.1,0,2015,11,10,Tuesday,1.0,0,False,True,False,False,False,False,False,True,False,High,0,High_Missed,2,0.24133928073968497,-0.2856340214272953,0.14545454545454545,0.14219956553027394,0.1179609355299459,0.31140983772562714,0.3333333333333333,0.6511627906976745,0.14224806201550388,0.3561643835616438,0.17123309684591428,0.15003096155308882,0.68,0.3333333333333333,0.782608695652174,0.14884615384615385,-0.886841438703141,0.7967972961142824,-0.021609775191095908,-0.6415094339622641,0.5,1.0,-0.2348071495766698,3.013080911888604,4.398863489584555,0.04914004914004914,-0.024633109190831292,0.774804493756364,0.1401,9.0,0.1935
CUST00381,49.0,764086.14,138289.78,593.0,55,23.8,2022-08-04,1,Male,Graduate,Salaried,3,8.75,5.2,6.1,0,2022,8,4,Thursday,2.0,1,False,True,False,False,False,False,True,False,False,High,0,High_Missed,3,0.3772680049528418,0.13532113658659473,0.5636363636363636,0.16007917558104828,0.183757159493103,0.3493835599098756,0.5,0.6744186046511629,0.17674418604651165,0.6712328767123288,0.18850754490625257,0.2134349030202424,0.6976470588235294,0.5,0.7971014492753623,0.18307692307692308,0.7560157041540018,1.0128221537217956,0.4891849166509586,-0.5,1.0,1.1111111111111112,-0.06735653809971776,3.2108436531709366,4.878524367060187,0.04032258064516129,0.5323912778969092,0.9234176769210238,0.181,9.17,0.238
CUST00382,63.0,654614.99,68931.24,646.0,47,41.19,2017-08-22,0,Female,Graduate,Unemployed,2,8.4,4.8,5.4,0,2017,8,22,Tuesday,2.0,0,False,False,True,False,False,False,False,True,False,High,0,High_Missed,1,0.16475125946056873,-0.5753928740862909,0.8181818181818182,0.13212543320130693,0.07267098480262967,0.4835573782942204,0.3333333333333333,0.4883720930232558,0.3115503875968992,0.863013698630137,0.16149993850658131,0.10638770648463723,0.76,0.3333333333333333,0.6811594202898551,0.31684615384615383,1.7560157041540019,0.67507970855481,-0.3732084693388825,0.0,0.5,0.2222222222222222,0.5870178739416745,3.7421832261362473,6.417943595888016,0.023702299123014935,-0.5958127546412909,0.681742162268324,0.1053,7.83,0.4119
CUST00383,46.0,899623.6,138793.51,511.0,45,33.02,2018-06-17,1,Female,Secondary,Salaried,1,8.4,4.8,5.4,0,2018,6,17,Sunday,1.0,0,False,False,True,False,False,True,False,False,False,High,0,Med_Missed,1,0.6403873737681792,0.1404828364810311,0.509090909090909,0.1946890178969872,0.18456394462405923,0.1417938786359838,0.16666666666666666,0.4418604651162792,0.24821705426356588,0.6301369863013698,0.22194596564168093,0.21421235428018648,0.6011764705882353,0.16666666666666666,0.6521739130434783,0.254,0.5417299898682876,1.4309848673876562,0.4954482177574218,-1.2735849056603774,0.0,0.0,0.2795860771401695,3.5269485869677157,5.746303159423457,0.02939447383891828,0.5379907379601224,1.164315738745785,0.1543,7.5,0.3302
CUST00384,37.0,599793.8,28915.76,716.0,32,31.9,2024-11-20,1,Male,Graduate,Salaried,2,8.55,5.0,5.9,0,2024,11,20,Wednesday,2.0,1,False,False,False,True,False,False,False,True,False,Mid-High,1,High_Missed,0,0.05832668200053903,-0.9854297964292447,0.34545454545454546,0.11812669999889833,0.008581305267807537,0.6607680818207133,0.3333333333333333,0.13953488372093026,0.23953488372093024,0.5068493150684932,0.1479750132465325,0.044628261259484284,0.8423529411764706,0.3333333333333333,0.463768115942029,0.24538461538461537,-0.10112715298885533,0.5059443449675647,-0.8707547742237428,0.660377358490566,0.5,-1.4444444444444444,0.2374412041392286,3.493472657771326,5.648008498577175,0.030395136778115502,-2.172035760842848,0.5389174269064616,0.0482,5.33,0.319
CUST00385,33.0,481097.74,128518.02,573.0,42,2.54,2022-05-19,1,Male,Graduate,Self-Employed,1,9.1,5.6,7.2,0,2022,5,19,Thursday,2.0,1,True,False,False,False,False,False,True,False,False,Mid-High,0,Med_Missed,1,-0.17209841515022242,0.03519032730293805,0.2727272727272727,0.08781735289940844,0.168106492129093,0.29875193033087766,0.16666666666666666,0.37209302325581395,0.01193798449612403,0.4520547945205479,0.11869153107180641,0.19835327769740885,0.6741176470588235,0.16666666666666666,0.6086956521739131,0.01953846153846154,-0.386841438703141,0.13974103445070946,0.36768436036070096,-0.6886792452830188,0.0,-0.3333333333333333,-0.8673565380997179,1.264126727145683,1.5937377450509227,0.2824858757062147,0.4189065310194168,0.15801170532692596,0.2671,7.0,0.0254
CUST00386,27.0,822074.28,23557.8763,612.0,27,53.02,2023-01-01,1,Other,Graduate,Salaried,3,9.1,5.6,7.2,0,2023,1,1,Sunday,2.0,2,True,False,False,False,False,False,False,True,False,High,0,High_Missed,0,0.4898405940774678,-1.0403318029182202,0.16363636363636364,0.1748865976885202,0.0,0.3974836080099238,0.5,0.023255813953488413,0.40325581395348836,0.3698630136986301,0.20281378779279421,0.036358963355450906,0.72,0.5,0.391304347826087,0.40784615384615386,-0.8154128672745696,1.191728250846796,-0.9373738735557469,-0.32075471698113206,1.0,-2.0,1.0321730950141113,3.98935434836447,7.281483365359012,0.018511662347278784,-2.573538266726492,1.033099194243306,0.0287,4.5,0.5302
CUST00387,61.0,422756.62,86154.03,633.0,39,80.6,2018-01-16,0,Female,Graduate,Salaried,0,8.55,5.0,5.9,0,2018,1,16,Tuesday,2.0,0,False,False,False,True,False,False,False,True,False,Mid-Low,0,Low_Missed,0,-0.28535624564505285,-0.39891167716552434,0.7818181818181819,0.07291979643247103,0.10025538693389334,0.45064681906787163,0.0,0.3023255813953488,0.6170542635658914,0.8356164383561644,0.10429820455723167,0.13296916834962827,0.7447058823529412,0.0,0.5652173913043478,0.62,1.6131585612968589,-0.04025408319060989,-0.1590629555450228,-0.12264150943396226,-0.5,-0.6666666666666666,2.0699905926622764,4.401829261970061,8.977750274985375,0.012254901960784315,-0.2220115974073911,-0.0798935972853793,0.2038,6.5,0.806
CUST00388,36.0,374175.6,164809.54,653.0,40,31.26,2020-10-04,0,Female,Graduate,Salaried,2,8.4,4.8,5.4,1,2020,10,4,Sunday,2.0,0,False,False,True,False,False,True,False,False,False,Mid-Low,0,High_Missed,1,-0.3796667581690834,0.40706798984622755,0.32727272727272727,0.0605145068413316,0.22623179480274802,0.5012784486468695,0.3333333333333333,0.32558139534883723,0.23457364341085274,0.4931506849315068,0.09231279043986323,0.25436520462112794,0.768235294117647,0.3333333333333333,0.5797101449275363,0.24046153846153848,-0.17255572441742675,-0.19013715725629962,0.8189275211238607,0.0660377358490566,0.5,-0.5555555555555556,0.21335841956726256,3.4738280726970627,5.591064299397745,0.0309981401115933,0.7992529796748209,-0.31503517581537027,0.4405,6.67,0.3126
CUST00389,61.0,1046318.59,143397.7,623.0,47,10.65,2015-02-27,0,Male,Graduate,Salaried,1,8.4,4.8,5.4,0,2015,2,27,Friday,2.0,1,False,False,True,False,False,False,False,True,False,High,0,Med_Missed,1,0.9251668965449248,0.18766177566862063,0.7818181818181819,0.23214796446746477,0.1919381173596464,0.42533100427837267,0.16666666666666666,0.4883720930232558,0.0748062015503876,0.8356164383561644,0.25813705846132984,0.22131840973950365,0.7329411764705882,0.16666666666666666,0.6811594202898551,0.08192307692307693,1.6131585612968589,1.8835710018746556,0.5526960059006061,-0.2169811320754717,0.0,0.2222222222222222,-0.5621825023518345,2.4553061800117097,3.263433774416144,0.08583690987124463,0.5881176625977582,1.374786911761381,0.137,7.83,0.1065
CUST00390,53.0,995461.83,45295.08,645.0,49,17.9,2017-10-27,0,Female,Secondary,Self-Employed,1,8.55,5.0,5.9,0,2017,10,27,Friday,1.0,0,False,False,False,True,False,False,False,False,True,High,0,Med_Missed,2,0.8264384816019776,-0.8175916007392169,0.6363636363636364,0.21916155875866994,0.034814787155274654,0.48102579681527047,0.16666666666666666,0.5348837209302326,0.13100775193798447,0.726027397260274,0.24559019696546958,0.0699079209403191,0.7588235294117647,0.16666666666666666,0.7101449275362319,0.13769230769230767,1.0417299898682875,1.7266667720783069,-0.6670968362825588,-0.009433962264150943,0.0,0.4444444444444444,-0.2893697083725307,2.9391619220655967,4.230839160261236,0.052910052910052914,-1.3330741548611098,1.3066349419234016,0.0455,8.17,0.179
CUST00391,19.0,440608.54,48932.71,645.0,53,11.1,2024-03-12,0,Female,Secondary,Salaried,1,8.75,5.2,6.1,0,2024,3,12,Tuesday,1.0,0,False,True,False,False,False,True,False,False,False,Mid-High,0,Med_Missed,2,-0.25070024779366995,-0.7803169607793216,0.018181818181818188,0.07747833055460047,0.04064089597531767,0.48102579681527047,0.16666666666666666,0.627906976744186,0.07829457364341084,0.2602739726027397,0.10870244831312917,0.0755221984832693,0.7588235294117647,0.16666666666666666,0.7681159420289855,0.08538461538461538,-1.3868414387031411,0.014822995215211238,-0.6218671060621963,-0.009433962264150943,0.0,0.8888888888888888,-0.5452492944496709,2.4932054526026954,3.331666249791536,0.08264462809917356,-1.1940737439235452,-0.0025588431167069803,0.1111,8.83,0.111
CUST00392,31.0,352647.49,65303.23,614.0,47,74.35,2020-06-15,1,Male,Primary,Self-Employed,0,9.1,5.6,7.2,0,2020,6,15,Monday,0.0,1,True,False,False,False,False,True,False,False,False,Mid-Low,0,Low_Missed,1,-0.4214593571670811,-0.6125689383151708,0.23636363636363633,0.055017248057965096,0.06686028358777156,0.40254677096782343,0.0,0.4883720930232558,0.5686046511627907,0.4246575342465753,0.0870015945548394,0.10078827634231963,0.7223529411764706,0.0,0.6811594202898551,0.5719230769230769,-0.5296985815602839,-0.25655608599893026,-0.4183185859633819,-0.3018867924528302,-0.5,0.2222222222222222,1.8348071495766698,4.3221439250725044,8.622644605919925,0.013271400132714002,-0.6882575821754946,-0.432992657967071,0.1852,7.83,0.7435
CUST00393,31.0,919501.31,110385.0,588.0,39,19.26,2022-04-19,1,Male,Graduate,Salaried,2,9.1,5.6,7.2,0,2022,4,19,Tuesday,2.0,1,True,False,False,False,False,False,False,True,False,High,0,High_Missed,0,0.6789760451856186,-0.15061795773033476,0.23636363636363633,0.19976484275531026,0.13906424545859147,0.3367256525151261,0.3333333333333333,0.3023255813953488,0.14155038759689925,0.4246575342465753,0.22684999165955697,0.17036697700936004,0.691764705882353,0.3333333333333333,0.5652173913043478,0.14815384615384616,-0.5296985815602839,1.4923119510961973,0.1422211871736426,-0.5471698113207547,0.5,-0.6666666666666666,-0.2381937911571025,3.0086484988205373,4.3886216514983385,0.04935834155972359,0.17950994578121357,1.1954860970711405,0.12,6.5,0.1926
CUST00394,37.0,660141.3,29168.37,737.0,39,32.33,2024-01-25,0,Female,Secondary,Self-Employed,2,8.75,5.2,6.1,0,2024,1,25,Thursday,1.0,0,False,True,False,False,True,False,False,False,False,High,1,High_Missed,0,0.17547950535714893,-0.9828413124986994,0.34545454545454546,0.13353659080813385,0.008985891041795285,0.7139312928786612,0.3333333333333333,0.3023255813953488,0.24286821705426354,0.5068493150684932,0.16286333338571218,0.045018136714141475,0.8670588235294118,0.3333333333333333,0.5652173913043478,0.24869230769230768,-0.10112715298885533,0.6921295838155594,-0.8676138604554471,0.8584905660377359,0.5,-0.6666666666666666,0.2536218250235183,3.506457892319648,5.6859475903318,0.030003000300030006,-2.155255052593217,0.6952327138263447,0.0442,6.5,0.3233
CUST00395,37.0,518031.14,97935.64,482.0,41,23.06,2025-10-08,1,Male,Secondary,Salaried,0,8.4,4.8,5.4,0,2025,10,8,Wednesday,1.0,1,False,False,True,False,False,False,True,False,False,Mid-High,0,Low_Missed,1,-0.10039947010429642,-0.2781860203785767,0.34545454545454546,0.09724839248205591,0.11912507459737397,0.06837801574643665,0.0,0.34883720930232565,0.1710077519379845,0.5068493150684932,0.12780336309514426,0.1511527737308236,0.5670588235294117,0.0,0.5942028985507246,0.17738461538461536,-0.10112715298885533,0.25368865283537384,-0.01257223442673263,-1.5471698113207548,-0.5,-0.4444444444444444,-0.09520225776105368,3.180550710546533,4.802082881417188,0.04156275976724855,-0.01256591960133699,0.28918970207791594,0.1891,6.83,0.2306
CUST00396,71.0,376646.98,118997.48,634.0,37,39.85,2015-12-09,0,Male,Secondary,Unemployed,2,8.75,5.2,6.1,0,2015,12,9,Wednesday,1.0,1,False,True,False,False,False,True,False,False,False,Mid-Low,0,High_Missed,0,-0.3748690590997424,-0.06236624132107914,0.9636363636363635,0.06114558014094018,0.15285818428426756,0.45317840054682157,0.3333333333333333,0.2558139534883721,0.30116279069767443,0.9726027397260274,0.09292250412519512,0.18365938251874603,0.7458823529411764,0.3333333333333333,0.5362318840579711,0.30653846153846154,2.327444275582573,-0.18251240932831325,0.24930743479318282,-0.11320754716981132,0.5,-0.8888888888888888,0.5365945437441205,3.709906821306012,6.312685640834652,0.024479804161566705,0.2984174379933443,-0.3020865600200837,0.3159,6.17,0.3985
CUST00397,26.0,522222.12,83297.82,612.0,44,13.38,2021-09-05,1,Female,Secondary,Salaried,2,8.75,5.2,6.1,0,2021,9,5,Sunday,1.0,0,False,True,False,False,False,False,False,True,False,Mid-High,0,High_Missed,1,-0.09226350524028246,-0.4281791396066887,0.14545454545454545,0.09831857010637657,0.09568081770258201,0.3974836080099238,0.3333333333333333,0.4186046511627908,0.09596899224806202,0.3561643835616438,0.12883731896633857,0.12856092571336517,0.72,0.3333333333333333,0.6376811594202898,0.10292307692307692,-0.886841438703141,0.266618742935331,-0.19457663003987286,-0.32075471698113206,0.5,-0.1111111111111111,-0.45945437441204146,2.6658383522929006,3.6578682316343767,0.06954102920723226,-0.2777495438170691,0.30326836104675914,0.1595,7.33,0.1338
CUST00398,41.0,437637.3,135292.26,684.0,46,31.4,2026-06-08,0,Male,Graduate,Salaried,1,8.4,4.8,5.4,0,2026,6,8,Monday,2.0,1,False,False,True,False,True,False,False,False,False,Mid-High,0,Med_Missed,1,-0.2564683269165846,0.10460567658307994,0.4181818181818181,0.07671961670617208,0.17895626503427808,0.5797574744943166,0.16666666666666666,0.4651162790697674,0.23565891472868217,0.5616438356164384,0.10796941426316296,0.2088085641071193,0.8047058823529412,0.16666666666666666,0.6666666666666666,0.24153846153846154,0.1845871327254304,0.005656069840096874,0.45191421541687465,0.3584905660377358,0.0,0.1111111111111111,0.21862652869238006,3.4781584227982836,5.60357029044876,0.0308641975308642,0.4985808739711945,-0.015131091314904197,0.3091,7.67,0.314
CUST00399,45.0,317372.33,112897.37,534.0,46,19.41,2017-04-19,1,Male,Secondary,Salaried,3,8.4,4.8,5.4,0,2017,4,19,Wednesday,1.0,1,False,False,True,False,False,False,False,False,True,Low,0,High_Missed,1,-0.48993915481165873,-0.12487380915116578,0.49090909090909085,0.046009644364716634,0.14308811292620405,0.20002025265183154,0.5,0.4651162790697674,0.14271317829457364,0.6164383561643836,0.07829886660354422,0.17424454082717047,0.6282352941176471,0.5,0.6666666666666666,0.1493076923076923,0.4703014184397161,-0.36538767123446153,0.17345960815481223,-1.0566037735849056,1.0,0.1111111111111111,-0.23254938852304802,3.0160249768217535,4.405678154382138,0.04899559039686428,0.2152644290815112,-0.6491699107086458,0.3557,7.67,0.1941
CUST00400,38.0,471899.43,71325.38,610.0,54,57.89,2024-11-18,1,Male,Primary,Salaried,1,8.55,5.0,5.9,0,2024,11,18,Monday,0.0,1,False,False,False,True,False,True,False,False,False,Mid-High,0,Med_Missed,2,-0.18995512813103085,-0.5508602232906948,0.36363636363636365,0.08546854055872326,0.07650549248219515,0.3924204450520239,0.16666666666666666,0.6511627906976745,0.44100775193798447,0.5205479452054794,0.1164222177776448,0.11008279543999519,0.7176470588235294,0.16666666666666666,0.782608695652174,0.4453076923076923,-0.0296985815602839,0.11136223591973639,-0.34344010193764085,-0.33962264150943394,0.0,1.0,1.2154280338664158,4.07567129695648,7.608547824650904,0.016980811682798438,-0.5378061077522361,0.12319079467509368,0.1511,9.0,0.5789
CUST00401,39.0,505201.19,30893.05,642.0,43,2.89,2021-09-01,0,Male,Graduate,Salaried,0,8.55,5.0,5.9,0,2021,9,1,Wednesday,2.0,1,False,False,False,True,False,False,False,True,False,Mid-High,0,Low_Missed,1,-0.12530629915312427,-0.9651685898616987,0.38181818181818183,0.0939722314383018,0.011748176749729243,0.47343105237842065,0.0,0.39534883720930236,0.014651162790697676,0.5342465753424658,0.12463808859380336,0.04767998857724338,0.7552941176470588,0.0,0.6231884057971014,0.02223076923076923,0.04172998986828753,0.2141054504631491,-0.8461694554124781,-0.03773584905660377,-0.5,-0.2222222222222222,-0.8541862652869239,1.358409157630355,1.7,0.2570694087403599,-2.0449547464738886,0.24510671201593376,0.0611,7.17,0.0289
CUST00402,27.0,366701.14,106942.64,736.0,57,21.17,2018-08-27,0,Female,Secondary,Self-Employed,0,8.55,5.0,5.9,0,2018,8,27,Monday,1.0,0,False,False,False,True,False,False,False,True,False,Mid-Low,1,Low_Missed,3,-0.3941769548146121,-0.1858916743019338,0.16363636363636364,0.058605884073893055,0.13355088539784776,0.7113997113997113,0.0,0.7209302325581395,0.15635658914728684,0.3698630136986301,0.09046876784824813,0.16505407700503028,0.8658823529411764,0.0,0.8260869565217391,0.16284615384615386,-0.8154128672745696,-0.21319750143559082,0.09941941400777161,0.8490566037735849,-0.5,1.3333333333333333,-0.16632173095014108,3.09874002362822,4.601086828130937,0.04510599909788002,0.12897896637943054,-0.35491745370322864,0.2916,9.5,0.2117
CUST00403,39.0,695170.8,55723.36,677.0,35,54.15,2024-01-02,1,Female,Secondary,Unemployed,0,8.75,5.2,6.1,0,2024,1,2,Tuesday,1.0,0,False,True,False,False,False,False,False,True,False,High,0,Low_Missed,0,0.24348240234161997,-0.7107334589268339,0.38181818181818183,0.14248146458255886,0.05151695150015806,0.5620364041416672,0.0,0.2093023255813954,0.41201550387596897,0.5342465753424658,0.17150545460557043,0.08600281190383018,0.7964705882352942,0.0,0.5072463768115942,0.4165384615384615,0.04172998986828753,0.8002032542116128,-0.5374332115976946,0.29245283018867924,-0.5,-1.1111111111111112,1.0746942615239887,4.0100567456995115,7.358668357794092,0.01813236627379873,-0.9636995992985239,0.7773043748249879,0.0802,5.83,0.5415
CUST00404,44.0,842742.05,69772.44,555.0,34,49.88,2025-01-02,0,Male,Secondary,Self-Employed,1,8.75,5.2,6.1,0,2025,1,2,Thursday,1.0,1,False,True,False,False,True,False,False,False,False,High,0,Med_Missed,0,0.5299630118741461,-0.5667731334490452,0.47272727272727266,0.18016416641912866,0.07401826936412167,0.2531834637097794,0.16666666666666666,0.18604651162790697,0.3789147286821705,0.6027397260273972,0.20791272936159053,0.10768600517612859,0.6529411764705882,0.16666666666666666,0.4927536231884058,0.3836923076923077,0.39887284701114467,1.2554928424853133,-0.3627491183159998,-0.8584905660377359,0.0,-1.2222222222222223,0.9140169332079024,3.9294699190318667,7.06257743320383,0.019654088050314465,-0.5751725037499682,1.0696719231763914,0.0828,5.67,0.4988
CUST00405,42.0,718520.02,131593.71,653.0,51,6.7,2016-08-21,1,Other,Graduate,Salaried,0,8.75,5.2,6.1,0,2016,8,21,Sunday,2.0,2,False,True,False,False,False,False,False,False,True,High,0,Low_Missed,2,0.28881032887005315,0.06670679197313553,0.4363636363636363,0.14844374853269462,0.1730325853922116,0.5012784486468695,0.0,0.5813953488372092,0.044186046511627906,0.5753424657534246,0.1772659361890683,0.20310026331608816,0.768235294117647,0.0,0.7391304347826086,0.05153846153846154,0.2560157041540018,0.8722407056820858,0.4059270153150164,0.0660377358490566,-0.5,0.6666666666666666,-0.710818438381938,2.0412203288596382,2.588435821108957,0.12987012987012986,0.4556621912668057,0.8289425926536101,0.1831,8.5,0.067
CUST00406,38.415780141843975,385337.87,231052.45,721.0,46,46.15,2022-11-01,0,Female,Secondary,Salaried,1,8.75,5.2,6.1,0,2022,11,1,Tuesday,1.0,0,False,True,False,False,False,False,False,False,True,Mid-Low,1,Med_Missed,1,-0.35799740242826916,1.0858562723669238,0.37119600257898133,0.06336482146717701,0.33232790744100865,0.6734259892154628,0.16666666666666666,0.4651162790697674,0.35,0.5262435635869037,0.09506663192857381,0.3566037725878182,0.8482352941176471,0.16666666666666666,0.6666666666666666,0.355,0.0,-0.1556991124982598,1.6425816443611765,0.7075471698113207,0.0,0.1111111111111111,0.7736594543744121,3.8533340090794663,6.793379129711516,0.021208907741251327,1.2945280653037374,-0.25745533941462606,0.5996,7.67,0.4615
CUST00407,54.0,645584.09,96487.03,554.0,53,12.31,2025-10-06,0,Male,Graduate,Self-Employed,0,8.55,5.0,5.9,0,2025,10,6,Monday,2.0,1,False,False,False,True,True,False,False,False,False,Mid-High,0,Low_Missed,2,0.14721954012751912,-0.29302986546240994,0.6545454545454545,0.12981936943877947,0.11680494871931531,0.25065188223082946,0.0,0.627906976744186,0.08767441860465117,0.7397260273972602,0.15927192690137948,0.1489170052245453,0.6517647058823529,0.0,0.7681159420289855,0.0946923076923077,1.1131585612968589,0.6472174064956965,-0.030584027680724775,-0.8679245283018868,-0.5,0.8888888888888888,-0.49971777986829735,2.58851563240702,3.508560958569767,0.07513148009015777,-0.036718389361050006,0.659358841372489,0.1495,8.83,0.1231
CUST00408,48.0,459999.51,137645.79,644.0,38,15.69,2022-08-29,1,Female,Post-Graduate,Self-Employed,0,8.4,4.8,5.4,0,2022,8,29,Monday,3.0,0,False,False,True,False,False,False,False,True,False,Mid-High,0,Low_Missed,0,-0.21305648652562528,0.12872219843516847,0.5454545454545454,0.08242986509016802,0.18272573083790183,0.4784942153363205,0.0,0.2790697674418605,0.11387596899224806,0.6575342465753424,0.11348639079905203,0.21244097604171946,0.7576470588235295,0.0,0.5507246376811594,0.12069230769230768,0.6845871327254304,0.07464837954669648,0.48117764434327176,-0.018867924528301886,-0.5,-0.7777777777777778,-0.3725305738476012,2.8148097376737438,3.9610604640676716,0.05991611743559018,0.5251986026604383,0.07674492705288061,0.2992,6.33,0.1569
CUST00409,39.0,238500.58,41494.34,649.0,43,52.13,2021-04-16,1,Male,Graduate,Salaried,0,8.75,5.2,6.1,0,2021,4,16,Friday,2.0,1,False,True,False,False,False,False,False,False,True,Low,0,Low_Missed,1,-0.6430531727175655,-0.8565376219346583,0.38181818181818183,0.025869538222236484,0.02872743774461707,0.49115212273107,0.0,0.39534883720930236,0.39635658914728683,0.5342465753424658,0.058840432303244344,0.06404190124381545,0.7635294117647059,0.0,0.6231884057971014,0.401,0.04172998986828753,-0.6087242736141679,-0.7143546510789348,0.02830188679245283,-0.5,-0.2222222222222222,0.9986829727187209,3.972741740462852,7.220110802473879,0.018821757952192732,-1.4926635835820694,-1.2785761106298204,0.174,7.17,0.5213
CUST00410,25.0,619312.14,114383.73,619.0,32,20.82,2016-08-09,1,Other,Secondary,Unemployed,3,8.55,5.0,5.9,0,2016,8,9,Tuesday,1.0,2,False,False,False,True,False,True,False,False,False,Mid-High,0,High_Missed,0,0.09621770711730857,-0.10964314142223505,0.12727272727272726,0.12311075879466507,0.14546870004082513,0.41520467836257313,0.5,0.13953488372093026,0.15364341085271316,0.3424657534246575,0.1527903791607022,0.1765385722621266,0.7282352941176471,0.5,0.463768115942029,0.16015384615384615,-0.9582700101317124,0.5661626936119387,0.19194077908487883,-0.25471698113207547,1.0,-1.4444444444444444,-0.17949200376293512,3.0828269804049246,4.5628938186199335,0.045829514207149404,0.23599138002708125,0.5917392040833629,0.1847,5.33,0.2082
CUST00411,31.0,475948.92,95230.58,850.0,52,6.24,2020-03-05,0,Male,Graduate,Salaried,2,8.4,4.8,5.4,0,2020,3,5,Thursday,2.0,1,False,False,True,False,False,True,False,False,False,Mid-High,1,High_Missed,2,-0.182093838323593,-0.30590465519572824,0.23636363636363633,0.08650258834418398,0.11479259055563647,1.0,0.3333333333333333,0.6046511627906976,0.04062015503875969,0.4246575342465753,0.11742126667810308,0.1469778143175977,1.0,0.3333333333333333,0.7536231884057971,0.048,-0.5296985815602839,0.12385579841797682,-0.0462065331404264,1.9245283018867925,0.5,0.7777777777777778,-0.7281279397930387,1.979621206397625,2.4979991993593593,0.13812154696132597,-0.05800543847494625,0.13863346314015781,0.2001,8.67,0.0624
CUST00412,36.0,1618117.51,206392.82,617.0,34,9.69,2025-05-30,1,Female,Graduate,Self-Employed,1,8.75,5.2,6.1,0,2025,5,30,Friday,2.0,0,False,True,False,False,True,False,False,False,False,High,0,Med_Missed,0,2.0352022396868996,0.833170092135774,0.32727272727272727,0.37815830328910255,0.29283249756095003,0.41014151540467325,0.16666666666666666,0.18604651162790697,0.06736434108527131,0.4931506849315068,0.39920546023766196,0.31854437486829723,0.7258823529411764,0.16666666666666666,0.4927536231884058,0.07453846153846154,-0.17255572441742675,3.6476957542376436,1.3359676093345358,-0.27358490566037735,0.0,-1.2222222222222223,-0.5983066792097838,2.3693087250369538,3.1128764832546763,0.09354536950420955,1.1317534111622842,1.9213217665144,0.1276,5.67,0.0969
CUST00413,41.0,916791.57,71376.57,686.2,42,27.99,2024-03-08,1,Male,Secondary,Unemployed,1,8.75,5.2,6.1,0,2024,3,8,Friday,1.0,1,False,True,False,False,False,False,False,True,False,High,0,Med_Missed,1,0.6737156169729777,-0.5503356815369851,0.4181818181818181,0.1990729036108317,0.07658747952059598,0.5853269537480064,0.16666666666666666,0.37209302325581395,0.20922480620155037,0.5616438356164384,0.22618147222438661,0.11016180151467118,0.8072941176470588,0.16666666666666666,0.6086956521739131,0.21530769230769228,0.1845871327254304,1.483951810425648,-0.3428036133750381,0.37924528301886834,0.0,-0.3333333333333333,0.09031044214487297,3.3669509429335642,5.290557626564519,0.03449465332873405,-0.5365902786208351,1.1912912665605884,0.0779,7.0,0.2799
CUST00414,33.0,631324.38,85392.83,589.0,48,20.28,2020-03-05,0,Female,Graduate,Self-Employed,0,9.1,5.6,7.2,0,2020,3,5,Thursday,2.0,0,True,False,False,False,True,False,False,False,False,Mid-High,0,Low_Missed,2,0.11953711274036176,-0.40671166120388785,0.2727272727272727,0.1261781154668442,0.09903623214524888,0.33925723399407604,0.0,0.5116279069767442,0.14945736434108525,0.4520547945205479,0.1557539165849312,0.13179434076526875,0.6929411764705883,0.0,0.6956521739130435,0.156,-0.386841438703141,0.6032230817555974,-0.1685275989099994,-0.5377358490566038,-0.5,0.3333333333333333,-0.1998118532455315,3.0577676644734435,4.503332099679081,0.046992481203007516,-0.2366571782927174,0.6231325650564554,0.1353,8.0,0.2028
CUST00415,38.415780141843975,501112.17,186332.63,692.0,43,19.98,2018-07-20,1,Male,Secondary,Salaried,1,8.55,5.0,5.9,0,2018,7,20,Friday,1.0,1,False,False,False,True,False,False,False,False,True,Mid-High,0,Med_Missed,1,-0.1332443286947233,0.627614178044155,0.37119600257898133,0.09292808956470672,0.2607036527112158,0.6000101263259157,0.16666666666666666,0.39534883720930236,0.14713178294573642,0.5262435635869037,0.12362928725463423,0.2875837015111074,0.8141176470588235,0.16666666666666666,0.6231884057971014,0.15369230769230768,0.0,0.20148992926750336,1.086542301683891,0.4339622641509434,0.0,-0.2222222222222222,-0.21110065851364065,3.043569602968151,4.469899327725402,0.047664442326024785,0.9819840975325758,0.23073515385899987,0.3718,7.17,0.1998
CUST00416,25.0,480153.5,93412.43,850.0,40,39.35,2024-03-25,0,Male,Secondary,Salaried,2,8.75,5.2,6.1,0,2024,3,25,Monday,1.0,1,False,True,False,False,True,False,False,False,False,Mid-High,1,High_Missed,1,-0.17393147172963738,-0.32453516094894785,0.12727272727272726,0.0875762387638152,0.11188060122435174,1.0,0.3333333333333333,0.32558139534883723,0.29728682170542636,0.3424657534246575,0.11845857780268641,0.14417170189970063,1.0,0.3333333333333333,0.5797101449275363,0.3026923076923077,-0.9582700101317124,0.136827847493009,-0.06881312974320145,1.9245283018867925,0.5,-0.5555555555555556,0.517779868297272,3.6975913947159578,6.272957835024878,0.024783147459727383,-0.08938469703125981,0.15447916464689776,0.1945,6.67,0.3935
CUST00417,20.0,267842.74,50751.43,603.0,47,34.41,2026-02-14,0,Male,Secondary,Salaried,0,8.55,5.0,5.9,0,2026,2,14,Saturday,1.0,1,False,False,False,True,True,False,False,False,False,Low,0,Low_Missed,1,-0.5860911297600048,-0.761680614260335,0.036363636363636376,0.0333621349612417,0.043553798231233926,0.37469937469937453,0.0,0.4883720930232558,0.2589922480620155,0.273972602739726,0.06607943096358708,0.07832919063280469,0.7094117647058824,0.0,0.6811594202898551,0.26469230769230767,-1.3154128672745695,-0.5181972912550631,-0.5992534221673588,-0.4056603773584906,-0.5,0.2222222222222222,0.3318908748824082,3.566994266123812,5.866003750424985,0.028240609997175942,-1.1289431470326203,-1.0150644173950967,0.1895,7.83,0.3441
CUST00418,35.0,185443.66,456333.86,674.0,51,21.45,2018-06-11,0,Female,Secondary,Self-Employed,1,8.55,5.0,5.9,0,2018,6,11,Monday,1.0,0,False,False,False,True,False,True,False,False,False,Low,0,Med_Missed,2,-0.7460527663478861,3.394305303029085,0.3090909090909091,0.012321315945019645,0.6931436060669621,0.5544416597048176,0.16666666666666666,0.5813953488372092,0.15852713178294575,0.4794520547945205,0.04575076975618199,0.7043005864493592,0.7929411764705883,0.16666666666666666,0.7391304347826086,0.165,-0.24398429584599818,-0.772416478307634,4.443695940747254,0.2641509433962264,0.0,0.6666666666666666,-0.15578551269990598,3.1112906141882632,4.631414470763764,0.044543429844097995,2.221859520449748,-1.8896605150779873,2.4608,8.5,0.2145
CUST00419,38.415780141843975,285992.38,51680.94,578.0,52,50.47,2024-04-26,1,Male,Secondary,Salaried,3,8.55,5.0,5.9,0,2024,4,26,Friday,1.0,1,False,False,False,True,False,False,False,True,False,Low,0,High_Missed,2,-0.5508571669793417,-0.7521559648074981,0.37119600257898133,0.03799669265836145,0.045042522045728034,0.31140983772562714,0.5,0.6046511627906976,0.3834883720930232,0.5262435635869037,0.07055712516352679,0.07976378599268122,0.68,0.5,0.7536231884057971,0.3882307692307692,0.0,-0.46220168152135216,-0.5876960382286048,-0.6415094339622641,1.0,0.7777777777777778,0.9362182502351836,3.940999113664663,7.104224095564554,0.019428793471925394,-1.0966794364927934,-0.8709978395106898,0.1807,8.67,0.5047
CUST00420,27.0,431982.99,94957.05,558.0,44,39.59,2018-07-16,0,Female,Graduate,Self-Employed,2,8.75,5.2,6.1,0,2018,7,16,Monday,2.0,0,False,True,False,False,True,False,False,False,False,Mid-Low,0,High_Missed,1,-0.26744505968320315,-0.3087075054768811,0.16363636363636364,0.07527577396701025,0.11435449884604908,0.2607782081466292,0.3333333333333333,0.4186046511627908,0.29914728682170544,0.3698630136986301,0.10657444052860618,0.14655565116842553,0.6564705882352941,0.3333333333333333,0.6376811594202898,0.3045384615384616,-0.8154128672745696,-0.01178871342135728,-0.04960756296126462,-0.8301886792452831,0.5,-0.1111111111111111,0.5268109125117594,3.7035217308508064,6.292058486695749,0.024636610002463658,-0.06268224623370967,-0.039380744229956716,0.2198,7.33,0.3959
CUST00421,34.0,154388.95,121541.72,733.0,43,32.93,2024-07-05,0,Female,Post-Graduate,Unemployed,0,8.75,5.2,6.1,0,2024,7,5,Friday,3.0,0,False,True,False,False,False,False,True,False,False,Low,1,Low_Missed,1,-0.8063393889092307,-0.03629552220683039,0.2909090909090909,0.004391415117106744,0.15693309545013828,0.7038049669628617,0.0,0.39534883720930236,0.2475193798449612,0.4657534246575342,0.038089268214123326,0.18758613413886013,0.8623529411764705,0.0,0.6231884057971014,0.2533076923076923,-0.31541286727456963,-0.8682270520464833,0.28094212243757094,0.8207547169811321,-0.5,-0.2222222222222222,0.27619943555973664,3.5242995787961386,5.738466694161429,0.029472443265546714,0.3316687160683979,-2.371268788165932,0.7872,7.17,0.3293
CUST00422,23.0,3179458.21,115910.14,606.0,35,17.78,2026-02-01,0,Male,Primary,Salaried,0,8.55,5.0,5.9,0,2026,2,1,Sunday,0.0,1,False,False,False,True,False,False,False,False,True,High,0,Low_Missed,0,5.0662386741139365,-0.09400208304598892,0.09090909090909088,0.7768507048470018,0.14791343212297808,0.38229411913622435,0.0,0.2093023255813954,0.13007751937984496,0.3150684931506849,0.784403524580525,0.17889441642009063,0.7129411764705882,0.0,0.5072463768115942,0.13676923076923078,-1.1011271529888553,8.464773365615004,0.21091992553618472,-0.37735849056603776,-0.5,-1.1111111111111112,-0.2938852304797742,2.932792473780117,4.216633728461603,0.05324813631522896,0.25695851084442695,2.614272004980629,0.0365,5.83,0.1778
CUST00423,42.0,390894.7,88093.48,457.0,44,56.02,2022-08-16,1,Male,Graduate,Salaried,2,8.4,4.8,5.4,0,2022,8,16,Tuesday,2.0,1,False,False,True,False,False,False,False,True,False,Mid-Low,0,High_Missed,1,-0.3472099079436142,-0.37903821546924976,0.4363636363636363,0.06478377243524502,0.10336165303325816,0.005088478772689253,0.3333333333333333,0.4186046511627908,0.4265116279069768,0.5753424657534246,0.0964375563910453,0.13596249383371398,0.5376470588235294,0.3333333333333333,0.6376811594202898,0.43092307692307696,0.2560157041540018,-0.13855507636109246,-0.13494813345594775,-1.7830188679245282,0.5,-0.1111111111111111,1.1450611476952026,4.043402083484526,7.484650960465692,0.017537706068046298,-0.18535578936553246,-0.22963162333000972,0.2254,7.33,0.5602
CUST00424,46.0,397236.35,88357.27,791.0,44,19.79,2020-09-15,0,Male,Graduate,Self-Employed,2,9.1,5.6,7.2,0,2020,9,15,Tuesday,2.0,1,True,False,False,False,False,True,False,False,False,Mid-Low,1,High_Missed,1,-0.33489883951096266,-0.3763351705540107,0.509090909090909,0.06640312922799348,0.10378414494300135,0.850636692741956,0.3333333333333333,0.4186046511627908,0.14565891472868214,0.6301369863013698,0.09800210364504304,0.13636962437559286,0.9305882352941176,0.3333333333333333,0.6376811594202898,0.15223076923076923,0.5417299898682876,-0.11898969884022781,-0.13166820929245948,1.3679245283018868,0.5,-0.1111111111111111,-0.21825023518344314,3.0344721018699214,4.448595283907045,0.0481000481000481,-0.18044154161164705,-0.19852971830544125,0.2224,7.33,0.1979
CUST00425,32.0,317787.5,85737.1,586.0,41,21.25,2018-08-11,0,Male,Primary,Salaried,0,9.1,5.6,7.2,0,2018,8,11,Saturday,0.0,1,True,False,False,False,False,True,False,False,False,Low,0,Low_Missed,1,-0.48913318376608167,-0.4031839411501734,0.2545454545454545,0.04611565910215017,0.09958762260647673,0.33166248955722644,0.0,0.34883720930232565,0.1569767441860465,0.4383561643835616,0.07840129311453777,0.13232568324092225,0.6894117647058824,0.0,0.5942028985507246,0.16346153846153846,-0.4582700101317125,-0.3641067809637375,-0.16424699884265764,-0.5660377358490566,-0.5,-0.4444444444444444,-0.16331138287864536,3.1023420086122493,4.6097722286464435,0.0449438202247191,-0.23001495566152175,-0.6464374516346558,0.2698,6.83,0.2125
CUST00426,33.0,372966.21,50535.92,630.0,52,75.47,2015-09-09,1,Female,Secondary,Salaried,3,8.75,5.2,6.1,0,2015,9,9,Wednesday,1.0,0,False,True,False,False,True,False,False,False,False,Mid-Low,0,High_Missed,2,-0.38201455141717566,-0.7638889360681486,0.2727272727272727,0.06020568596481177,0.04320863263940422,0.44305207463102203,0.5,0.6046511627906976,0.5772868217054263,0.4520547945205479,0.0920144220651481,0.07799657490407988,0.7411764705882353,0.5,0.7536231884057971,0.5805384615384616,-0.386841438703141,-0.19386838996702283,-0.6019330402593006,-0.1509433962264151,1.0,0.7777777777777778,1.8769520225776106,4.336898507056134,8.687347120957007,0.013077023669412841,-1.136520192843392,-0.3214142528846572,0.1355,8.67,0.7547
CUST00427,44.0,1047531.41,358660.5,781.0,55,12.91,2015-08-09,0,Male,Secondary,Salaried,3,8.55,5.0,5.9,0,2015,8,9,Sunday,1.0,1,False,False,False,True,True,False,False,False,False,High,1,High_Missed,3,0.9275213484646128,2.3934505355916995,0.47272727272727266,0.23245766120339012,0.5367077881912472,0.8253208779524568,0.5,0.6744186046511629,0.09232558139534884,0.6027397260273972,0.2584362730506865,0.5535526127432675,0.9188235294117647,0.5,0.7971014492753623,0.0993076923076923,0.39887284701114467,1.8873128168857105,3.2292404511795,1.2735849056603774,1.0,1.1111111111111112,-0.4771401693320791,2.6326080059353516,3.5930488446443363,0.07189072609633357,1.904042721359763,1.3763568122607002,0.3424,9.17,0.1291
CUST00428,30.0,616043.37,86509.15,639.0,45,12.75,2024-08-09,1,Female,Secondary,Salaried,3,8.55,5.0,5.9,0,2024,8,9,Friday,1.0,0,False,False,False,True,False,False,False,False,True,Mid-High,0,High_Missed,1,0.08987203191281147,-0.39527277762308655,0.21818181818181814,0.12227606988823969,0.10082415499556362,0.46583630794157105,0.5,0.4418604651162792,0.09108527131782945,0.410958904109589,0.1519839415415573,0.1335172565941865,0.7517647058823529,0.5,0.6521739130434783,0.09807692307692308,-0.6011271529888553,0.5560778231004981,-0.15464744825157764,-0.0660377358490566,1.0,0.0,-0.48316086547507064,2.6210388241125804,3.570714214271425,0.07272727272727272,-0.2152296095863144,0.5830524620419812,0.1404,7.5,0.1275
CUST00429,29.0,334318.57,141231.91,637.0,51,21.91,2022-08-08,1,Male,Secondary,Self-Employed,2,9.1,5.6,7.2,0,2022,8,8,Monday,1.0,1,True,False,False,False,False,False,False,True,False,Mid-Low,0,High_Missed,2,-0.45704135687009173,0.16546901761495866,0.19999999999999996,0.05033691074736875,0.18846934010045258,0.46077314498367117,0.3333333333333333,0.5813953488372092,0.16209302325581393,0.3972602739726027,0.08247967022051879,0.21797575362556515,0.7494117647058823,0.3333333333333333,0.7391304347826086,0.16853846153846153,-0.6725557244174267,-0.3131048137511285,0.5257669071704,-0.08490566037735849,0.5,0.6666666666666666,-0.13847601128880527,3.1315734964654043,4.6808118953873805,0.04364906154517678,0.5647711664816994,-0.541437436904582,0.4224,8.5,0.2191
CUST00430,51.0,432540.53,80757.68,552.0,46,10.57,2017-08-11,1,Female,Secondary,Salaried,1,8.4,4.8,5.4,1,2017,8,11,Friday,1.0,0,False,False,True,False,False,True,False,False,False,Mid-Low,0,Med_Missed,1,-0.2663627052338184,-0.45420784619524485,0.6,0.07541814325358852,0.09161247318756972,0.2455887192729298,0.16666666666666666,0.4651162790697674,0.07418604651162791,0.6986301369863014,0.10671199111496682,0.12464050198749155,0.6494117647058824,0.16666666666666666,0.6666666666666666,0.0813076923076923,0.8988728470111447,-0.01006858055641146,-0.22616033891679338,-0.8867924528301887,0.0,0.1111111111111111,-0.5651928504233302,2.448415541205585,3.2511536414017717,0.08643042350907519,-0.3291886129742326,-0.03697043719317347,0.1867,7.67,0.1057
CUST00431,48.0,436194.42,79789.07,519.0,48,10.82,2021-05-06,0,Male,Graduate,Salaried,0,8.55,5.0,5.9,0,2021,5,6,Thursday,2.0,1,False,False,False,True,False,False,False,True,False,Mid-High,0,Low_Missed,2,-0.2592693951590932,-0.46413315168578506,0.5454545454545454,0.0763511735519266,0.09006112594659639,0.1620465304675831,0.0,0.5116279069767442,0.07612403100775193,0.6575342465753424,0.10761344161537441,0.12314556012400435,0.6105882352941177,0.0,0.6956521739130435,0.08323076923076923,0.6845871327254304,0.0012044694021500582,-0.23820388622334868,-1.1981132075471699,-0.5,0.3333333333333333,-0.555785512699906,2.469793011977952,3.2893768406797053,0.08460236886632826,-0.3492930357791782,-0.021278422336799507,0.1829,8.0,0.1082
CUST00432,45.0,1466938.74,75111.86,637.0,51,74.02,2025-02-06,1,Female,Primary,Salaried,1,8.4,4.8,5.4,1,2025,2,6,Thursday,0.0,0,False,False,True,False,False,False,False,True,False,High,0,Med_Missed,2,1.741718338330927,-0.5120603237090043,0.49090909090909085,0.3395544118540882,0.08257000276084264,0.46077314498367117,0.16666666666666666,0.5813953488372092,0.566046511627907,0.6164383561643836,0.3619081749150319,0.11592680641165258,0.7494117647058823,0.16666666666666666,0.7391304347826086,0.5693846153846154,0.4703014184397161,3.1812761775990746,-0.2963595937812868,-0.08490566037735849,0.0,0.6666666666666666,1.8223894637817497,4.317754744653741,8.603487664894976,0.013329778725673154,-0.4504683770249655,1.805799154832615,0.0512,8.5,0.7402
CUST00433,48.0,706424.3,38952.28,679.0,52,21.63,2022-06-12,1,Male,Secondary,Salaried,0,9.1,5.6,7.2,1,2022,6,12,Sunday,1.0,1,True,False,False,False,False,True,False,False,False,High,0,Low_Missed,2,0.2653288632164468,-0.8825860026815874,0.5454545454545454,0.1453550750257708,0.024656018115056473,0.5670995670995671,0.0,0.6046511627906976,0.15992248062015502,0.6575342465753424,0.17428180343006622,0.060118514211370704,0.7988235294117647,0.0,0.7536231884057971,0.16638461538461538,0.6845871327254304,0.8349227634767176,-0.7459622329396448,0.3113207547169811,-0.5,0.7777777777777778,-0.1490122295390405,3.119276459645446,4.6508063816933936,0.04418912947414936,-1.6090414452294326,0.8024826158783982,0.0551,8.67,0.2163
CUST00434,18.0,733264.68,89646.31,674.0,50,33.73,2025-07-14,1,Female,Primary,Salaried,2,8.55,5.0,5.9,0,2025,7,14,Monday,0.0,0,False,False,False,True,False,False,True,False,False,High,0,High_Missed,2,0.31743419147303215,-0.36312643247622284,0.0,0.15220883574623792,0.10584869997289396,0.5544416597048176,0.3333333333333333,0.558139534883721,0.2537209302325581,0.2465753424657534,0.1809035884269134,0.1383591143248083,0.7929411764705883,0.3333333333333333,0.7246376811594203,0.2594615384615384,-1.4582700101317125,0.9177312072576685,-0.1156404848006184,0.2641509433962264,0.5,0.5555555555555556,0.3063029162746942,3.5476038667559826,5.807753438292641,0.02879355024474518,-0.15666656816609797,0.860387583923492,0.1223,8.33,0.3373
CUST00435,53.0,358651.99,77326.76,611.0,44,7.36,2016-05-08,0,Male,Graduate,Self-Employed,1,9.1,5.6,7.2,0,2016,5,8,Sunday,2.0,1,True,False,False,False,False,True,False,False,False,Mid-Low,0,Med_Missed,1,-0.4098027992675034,-0.48936433757320374,0.6363636363636364,0.056550512722848556,0.08611743568434317,0.39495202653097383,0.16666666666666666,0.4186046511627908,0.04930232558139535,0.726027397260274,0.08848296359706492,0.11934525835148165,0.7188235294117648,0.16666666666666666,0.6376811594202898,0.056615384615384616,1.0417299898682875,-0.23803088998148486,-0.2688198688875838,-0.330188679245283,0.0,-0.1111111111111111,-0.685983066792098,2.1234584270966104,2.7129319932501073,0.11961722488038279,-0.40168408083703283,-0.3991245784123802,0.2156,7.33,0.0736
CUST00436,42.0,255928.1,199369.41,652.0,50,11.95,2015-11-02,0,Male,Secondary,Salaried,1,8.4,4.8,5.4,0,2015,11,2,Monday,1.0,1,False,False,True,False,False,True,False,False,False,Low,0,Med_Missed,2,-0.6092210641446537,0.7612015084588388,0.4363636363636363,0.03031970070246795,0.28158364846200973,0.4987468671679198,0.16666666666666666,0.558139534883721,0.08488372093023255,0.5753424657534246,0.06313997241662034,0.3077045222615362,0.7670588235294118,0.16666666666666666,0.7246376811594203,0.09192307692307691,0.2560157041540018,-0.5549565620481841,1.2486396129393564,0.05660377358490566,0.0,0.5555555555555556,-0.5132643461900284,2.5610957881455465,3.456877203488721,0.07722007722007722,1.0812875981455397,-1.1170856179820443,0.779,8.33,0.1195
CUST00437,49.0,432972.64,48145.35,503.0,38,80.89,2022-08-30,1,Male,Graduate,Salaried,1,8.75,5.2,6.1,0,2022,8,30,Tuesday,2.0,1,False,True,False,False,False,False,True,False,False,Mid-Low,0,Med_Missed,0,-0.26552384850403465,-0.7883850052255195,0.5636363636363636,0.0755284836640045,0.03937984275095206,0.12154122680438473,0.16666666666666666,0.2790697674418605,0.6193023255813953,0.6712328767123288,0.10681859689010814,0.07430699584687768,0.591764705882353,0.16666666666666666,0.5507246376811594,0.6222307692307693,0.7560157041540018,-0.008735426679969115,-0.6316570188313082,-1.349056603773585,0.0,-0.7777777777777778,2.080903104421449,4.405376883282097,8.993886812718959,0.012211503236048358,-1.2231346574538178,-0.0351052893661535,0.1112,6.33,0.8089
CUST00438,42.0,469303.46,69822.51,687.0,54,10.66,2021-09-11,1,Male,Secondary,Unemployed,1,8.75,5.2,6.1,0,2021,9,11,Saturday,1.0,1,False,True,False,False,True,False,False,False,False,Mid-High,0,Med_Missed,2,-0.1949946942248882,-0.5662600682877199,0.4363636363636363,0.08480565287913337,0.07409846258570263,0.5873522189311662,0.16666666666666666,0.6511627906976745,0.07488372093023256,0.5753424657534246,0.11578176651733234,0.10776328265530472,0.808235294117647,0.16666666666666666,0.782608695652174,0.082,0.2560157041540018,0.10335310058700142,-0.3621265556606079,0.3867924528301887,0.0,1.0,-0.5618062088428976,2.4561641809223462,3.2649655434629015,0.08576329331046312,-0.5739529416842427,0.11319574915003768,0.1488,9.0,0.1066
CUST00439,39.0,164991.28,57580.3,663.0,39,34.5,2022-11-29,0,Female,Primary,Salaried,1,8.4,4.8,5.4,0,2022,11,29,Tuesday,0.0,0,False,False,True,False,False,False,False,True,False,Low,0,Med_Missed,0,-0.7857570467466144,-0.6917054736927314,0.38181818181818183,0.007098747610142606,0.05449106775505223,0.5265942634363687,0.16666666666666666,0.3023255813953488,0.2596899224806201,0.5342465753424658,0.04070496701293403,0.08886879237479779,0.78,0.16666666666666666,0.5652173913043478,0.2653846153846154,0.04172998986828753,-0.8355165446784024,-0.5143443061192924,0.16037735849056603,0.0,-0.6666666666666666,0.3352775164628411,3.56953269648137,5.873670062235365,0.028169014084507043,-0.9062658714580297,-2.1930230677020064,0.349,6.5,0.345
CUST00440,35.0,433491.22,234572.09,808.0,46,1.05,2026-04-13,0,Female,Post-Graduate,Self-Employed,0,8.4,4.8,5.4,0,2026,4,13,Monday,3.0,0,False,False,True,False,False,True,False,False,False,Mid-Low,1,Low_Missed,1,-0.26451712724571796,1.1219218738130428,0.3090909090909091,0.0756609044134283,0.3379650408623231,0.8936735778841043,0.0,0.4651162790697674,0.0003875968992248062,0.4794520547945205,0.1069465356623485,0.36203594568163733,0.9505882352941176,0.0,0.6666666666666666,0.008076923076923077,-0.24398429584599818,-0.007135493937738114,1.686344305124585,1.528301886792453,-0.5,0.1111111111111111,-0.9234242709313265,0.7178397931503169,1.02469507659596,0.48780487804878053,1.3161314320763158,-0.03287025210514445,0.5411,7.67,0.0105
CUST00441,42.0,682822.33,58592.09,651.0,51,6.82,2016-04-02,1,Female,Secondary,Salaried,0,9.1,5.6,7.2,0,2016,4,2,Saturday,1.0,0,True,False,False,False,True,False,False,False,False,High,0,Low_Missed,2,0.219510272184871,-0.6813377045779444,0.4363636363636363,0.13932825070690336,0.05611157304092003,0.4962152856889699,0.0,0.5813953488372092,0.045116279069767444,0.5753424657534246,0.16845896594259255,0.09043037776835941,0.7658823529411765,0.0,0.7391304347826086,0.05246153846153846,0.2560157041540018,0.7621055229657896,-0.5017638653543822,0.04716981132075472,-0.5,0.6666666666666666,-0.7063029162746943,2.05668455455722,2.6115129714401193,0.1278772378516624,-0.8758570004565133,0.7490289368904643,0.0858,8.5,0.0682
CUST00442,35.0,4053345.1346999966,138327.58,575.0,50,21.36,2025-09-13,0,Male,Secondary,Salaried,1,8.4,4.8,5.4,0,2025,9,13,Saturday,1.0,1,False,False,True,False,True,False,False,False,False,High,0,Med_Missed,2,6.762718570100179,0.13570847157956642,0.3090909090909091,1.0,0.18381770081077342,0.30381509328877754,0.16666666666666666,0.558139534883721,0.15782945736434106,0.4794520547945205,1.0,0.21349324311836218,0.6764705882352942,0.16666666666666666,0.7246376811594203,0.1643076923076923,-0.24398429584599818,11.16090569589229,0.4896549160193191,-0.6698113207547169,0.0,0.5555555555555556,-0.1591721542803387,3.1072736482868986,4.621688003316537,0.044722719141323794,0.5328122718523021,2.824666099397965,0.0341,8.33,0.2136
CUST00443,48.0,4053345.1346999966,176680.25,646.0,44,49.41,2015-09-13,0,Female,Secondary,Salaried,0,8.55,5.0,5.9,0,2015,9,13,Sunday,1.0,0,False,False,False,True,True,False,False,False,False,High,0,Low_Missed,1,6.762718570100179,0.5287066505451801,0.5454545454545454,1.0,0.24524418700073763,0.4835573782942204,0.0,0.4186046511627908,0.37527131782945733,0.6575342465753424,1.0,0.27268632594789133,0.76,0.0,0.6376811594202898,0.38007692307692303,0.6845871327254304,11.16090569589229,0.9665260978961437,0.0,-0.5,-0.1111111111111111,0.8963311382878646,3.9201895680945396,7.029224708315989,0.019837333862328905,0.9031928017408187,2.824666099397965,0.0436,7.33,0.4941
CUST00444,21.0,826995.67,90429.54,624.0,34,26.83,2021-01-13,0,Male,Post-Graduate,Self-Employed,0,8.55,5.0,5.9,0,2021,1,13,Wednesday,3.0,1,False,False,False,True,False,False,False,True,False,High,0,Low_Missed,0,0.4993945065566755,-0.35510070796444215,0.05454545454545451,0.176143287402753,0.1071031384977363,0.4278625857573226,0.0,0.18604651162790697,0.2002325581395349,0.2876712328767123,0.2040279429748607,0.13956794276529422,0.7341176470588235,0.0,0.4927536231884058,0.20638461538461536,-1.2439842958459981,1.2069118155779635,-0.10590192381434592,-0.20754716981132076,-0.5,-1.2222222222222223,0.04666039510818433,3.326114575537799,5.179768334587948,0.035932446999640676,-0.14241097305194644,1.041920729321599,0.1093,5.67,0.2683
CUST00445,32.0,912977.95,43213.72,685.0,42,22.88,2024-07-24,0,Male,Graduate,Self-Employed,3,8.75,5.2,6.1,0,2024,7,24,Wednesday,2.0,1,False,True,False,False,False,False,True,False,False,High,0,High_Missed,1,0.6663122224626958,-0.8389192081723336,0.2545454545454545,0.19809908584227598,0.03148123485509989,0.5822890559732665,0.5,0.37209302325581395,0.1696124031007752,0.4383561643835616,0.22524061476634483,0.06669557314606987,0.8058823529411765,0.5,0.6086956521739131,0.176,-0.4582700101317125,1.472185958475269,-0.6929761454183021,0.36792452830188677,1.0,-0.3333333333333333,-0.10197554092191914,3.1730412885244013,4.7833042972405595,0.04187604690117253,-1.418480908908535,1.1853588489548295,0.0473,7.0,0.2288
CUST00446,60.0,1794151.86,43543.15,652.0,55,41.87,2022-10-27,0,Female,Graduate,Salaried,2,9.1,5.6,7.2,0,2022,10,27,Thursday,2.0,0,True,False,False,False,False,False,False,False,True,High,0,High_Missed,3,2.376938369770924,-0.8355435529677119,0.7636363636363636,0.4231091316113155,0.0320088572434645,0.4987468671679198,0.3333333333333333,0.6744186046511629,0.31682170542635657,0.821917808219178,0.4426348609301912,0.06720401173135042,0.7670588235294118,0.3333333333333333,0.7971014492753623,0.32207692307692304,1.5417299898682875,4.190800232471233,-0.688880063621502,0.05660377358490566,0.5,1.1111111111111112,0.6126058325493885,3.7581722806098856,6.470703207534711,0.023326335432703522,-1.404653296280549,2.038581977401772,0.0243,9.17,0.4187
CUST00447,31.0,646338.17,165356.4,549.0,57,31.07,2017-07-23,1,Other,Post-Graduate,Salaried,2,9.1,5.6,7.2,0,2017,7,23,Sunday,3.0,2,True,False,False,False,False,True,False,False,False,Mid-High,0,High_Missed,3,0.14868343840063336,0.412671641017036,0.23636363636363633,0.13001192572464765,0.22710765789749066,0.23799397483607998,0.3333333333333333,0.7209302325581395,0.23310077519379846,0.4246575342465753,0.15945796583340738,0.25520922224170445,0.6458823529411765,0.3333333333333333,0.8260869565217391,0.239,-0.5296985815602839,0.6495439082548499,0.8257270939963922,-0.9150943396226415,0.5,1.3333333333333333,0.20620884289746008,3.4679210137050633,5.574047003748713,0.031181789834736514,0.8042271966641902,0.6612441423564271,0.2558,9.5,0.3107
CUST00448,35.0,479996.99,46334.57,519.0,53,5.07,2021-12-11,1,Male,Primary,Salaried,1,8.4,4.8,5.4,0,2021,12,11,Saturday,0.0,1,False,False,True,False,False,True,False,False,False,Mid-High,0,Med_Missed,2,-0.17423530516736957,-0.8069399909020669,0.3090909090909091,0.08753627352895786,0.036479657374990926,0.1620465304675831,0.16666666666666666,0.627906976744186,0.031550387596899224,0.4794520547945205,0.118419965250634,0.07151225820472513,0.6105882352941177,0.16666666666666666,0.7681159420289855,0.039,-0.24398429584599818,0.13634497990558447,-0.6541719779910985,-1.1981132075471699,0.0,0.8888888888888888,-0.7721542803386643,1.803358605071407,2.2516660498395407,0.16474464579901152,-1.2920848980238349,0.1538927227182472,0.0965,8.83,0.0507
CUST00449,28.0,719901.84,124893.41,671.0,53,25.52,2025-05-14,1,Male,Post-Graduate,Salaried,3,8.75,5.2,6.1,0,2025,5,14,Wednesday,3.0,1,False,True,False,False,False,False,False,False,True,High,0,High_Missed,2,0.29149286111033856,-0.001950897270489372,0.18181818181818177,0.14879659985740595,0.16230123642958094,0.5468469152679678,0.5,0.627906976744186,0.19007751937984496,0.3835616438356164,0.17760684473597943,0.19275909507714434,0.7894117647058824,0.5,0.7681159420289855,0.1963076923076923,-0.7439842958459982,0.8765039226628212,0.3226165188116626,0.2358490566037736,1.0,0.8888888888888888,-0.002634054562558807,3.277899165317662,5.0517323761260355,0.03770739064856712,0.3742769654223115,0.8319267320638826,0.1735,8.83,0.2552
CUST00450,42.0,334496.53,105726.35,761.0,44,18.09,2017-05-03,0,Male,Secondary,Self-Employed,2,8.55,5.0,5.9,0,2017,5,3,Wednesday,1.0,1,False,False,False,True,False,False,False,True,False,Mid-Low,1,High_Missed,1,-0.45669588246859133,-0.1983549462226132,0.4363636363636363,0.05038235329541817,0.13160284838013842,0.7746892483734589,0.3333333333333333,0.4186046511627908,0.13248062015503875,0.5753424657534246,0.08252357469795313,0.16317686859386288,0.8952941176470588,0.3333333333333333,0.6376811594202898,0.13915384615384616,0.2560157041540018,-0.3125557682213983,0.0842962517923389,1.0849056603773586,0.5,-0.1111111111111111,-0.2822201317027282,2.949164637737656,4.253234063627348,0.05238344683080147,0.11067826374212894,-0.5403457912255715,0.3161,7.33,0.1809
CUST00451,30.0,466887.29,123782.28,656.0,56,22.22,2025-10-10,1,Male,Graduate,Self-Employed,4,8.55,5.0,5.9,0,2025,10,10,Friday,2.0,1,False,False,False,True,True,False,False,False,False,Mid-High,0,High_Missed,3,-0.1996852139184885,-0.013336599141938322,0.21818181818181814,0.08418867759637019,0.16052162599827968,0.5088731930837194,0.6666666666666666,0.6976744186046513,0.16449612403100772,0.410958904109589,0.11518567368050095,0.19104418943630175,0.7717647058823529,0.6666666666666666,0.8115942028985508,0.17092307692307693,-0.6011271529888553,0.0958986875865065,0.3088008998125473,0.09433962264150944,1.5,1.2222222222222223,-0.12681091251175922,3.1450139762697455,4.71380949975707,0.04306632213608958,0.3602982313898487,0.10382501458396597,0.2651,9.33,0.2222
CUST00452,36.0,320019.17,130999.78,715.0,38,17.67,2022-07-04,0,Female,Secondary,Unemployed,0,9.1,5.6,7.2,0,2022,7,4,Monday,1.0,0,True,False,False,False,True,False,False,False,False,Low,1,Low_Missed,0,-0.48480083459999784,0.06062081651345974,0.32727272727272727,0.04668552183088369,0.1720813339423698,0.6582365003417634,0.0,0.2790697674418605,0.1292248062015504,0.4931506849315068,0.0789518679917904,0.20218359838285296,0.8411764705882353,0.0,0.5507246376811594,0.13592307692307692,-0.17255572441742675,-0.3572215908236339,0.3985421813242643,0.6509433962264151,-0.5,-0.7777777777777778,-0.2980244590780809,2.9269179575536315,4.20356991139674,0.05356186395286555,0.4486415908586993,-0.6318325596107321,0.4093,6.33,0.1767
CUST00453,47.0,539820.67,56375.93,731.0,47,25.78,2015-12-31,0,Female,Secondary,Salaried,0,8.55,5.0,5.9,0,2015,12,31,Thursday,1.0,0,False,False,False,True,False,False,False,True,False,Mid-High,1,Low_Missed,1,-0.05809937550031854,-0.7040466018801775,0.5272727272727272,0.10281240554116461,0.05256212207349714,0.6987418040049618,0.0,0.4883720930232558,0.19209302325581395,0.6438356164383562,0.13317905385817935,0.08700998115859303,0.86,0.0,0.6811594202898551,0.19830769230769232,0.613158561296859,0.32091411946506937,-0.5293192568936972,0.8018867924528302,-0.5,0.2222222222222222,0.007149576669802495,3.2876553402630266,5.0774009099144415,0.037341299477221805,-0.9432697609647154,0.36074740604792876,0.1044,7.83,0.2578
CUST00454,30.0,228084.21,54977.71,671.0,41,35.36,2018-10-30,0,Male,Post-Graduate,Self-Employed,0,8.55,5.0,5.9,1,2018,10,30,Tuesday,3.0,1,False,False,False,True,True,False,False,False,False,Low,0,Low_Missed,1,-0.6632745100493039,-0.7183741027762899,0.21818181818181814,0.023209691098020957,0.05032270193611084,0.5468469152679678,0.0,0.34883720930232565,0.2663565891472868,0.410958904109589,0.05627061166033209,0.08485198401591941,0.7894117647058824,0.0,0.5942028985507246,0.272,-0.6011271529888553,-0.6408610537024746,-0.5467045086616658,0.2358490566037736,-0.5,-0.4444444444444444,0.36763875823142056,3.5934692693092782,5.946427498927402,0.027502750275027504,-0.987381253675518,-1.3829931553089472,0.241,6.83,0.3536
CUST00455,47.0,313807.73,151593.26,585.0,42,8.28,2024-11-28,1,Male,Secondary,Salaried,2,8.4,4.8,5.4,0,2024,11,28,Thursday,1.0,1,False,False,True,False,False,True,False,False,False,Low,0,High_Missed,1,-0.4968591258814955,0.271641330562802,0.5272727272727272,0.04509941449970811,0.20506430787412744,0.3291309080782765,0.3333333333333333,0.37209302325581395,0.05643410852713178,0.6438356164383562,0.07741944482189426,0.23396734557407203,0.6882352941176471,0.3333333333333333,0.6086956521739131,0.06369230769230769,0.613158561296859,-0.376385242010344,0.6545983345609686,-0.5754716981132075,0.5,-0.3333333333333333,-0.6513640639698967,2.2278615467981093,2.8774989139876315,0.10775862068965518,0.6729463574002413,-0.6728327683406531,0.4831,7.0,0.0828
CUST00456,47.0,544017.47,67669.66,666.0,41,14.78,2018-11-19,0,Male,Post-Graduate,Salaried,1,9.1,5.6,7.2,0,2018,11,19,Monday,3.0,1,True,False,False,False,True,False,False,False,False,Mid-High,0,Med_Missed,1,-0.04995211224893261,-0.5883202307115125,0.5272727272727272,0.10388406931759608,0.07065041031726697,0.5341890078732183,0.16666666666666666,0.34883720930232565,0.10682170542635658,0.6438356164383562,0.13421444558045628,0.1044405979929448,0.7835294117647059,0.16666666666666666,0.5942028985507246,0.11369230769230769,0.613158561296859,0.33386216553818343,-0.38889476042714743,0.18867924528301888,0.0,-0.4444444444444444,-0.4067732831608656,2.7587433154177283,3.844476557348217,0.06337135614702155,-0.627314187537563,0.3740784198440032,0.1244,6.83,0.1478
CUST00457,50.0,412975.8,23557.8763,747.0,45,40.92,2025-11-18,0,Other,Secondary,Unemployed,1,8.4,4.8,5.4,0,2025,11,18,Tuesday,1.0,2,False,False,True,False,False,False,False,False,True,Mid-Low,1,Med_Missed,1,-0.30434378742794027,-1.0403318029182202,0.5818181818181818,0.07042223865087631,0.0,0.7392471076681602,0.16666666666666666,0.4418604651162792,0.3094573643410853,0.684931506849315,0.10188518033280329,0.036358963355450906,0.8788235294117647,0.16666666666666666,0.6521739130434783,0.3147692307692308,0.8274442755825733,-0.07043005249885373,-0.9373738735557469,0.9528301886792453,0.0,0.0,0.5768579492003765,3.735763040012787,6.396874236687791,0.023854961832061067,-2.573538266726492,-0.1241785658406506,0.057,7.5,0.4092
CUST00458,40.0,168761.11,145692.45,692.0,44,44.59,2019-10-30,1,Male,Graduate,Salaried,1,8.55,5.0,5.9,0,2019,10,30,Wednesday,2.0,1,False,False,False,True,True,False,False,False,False,Low,0,Med_Missed,1,-0.7784386619241372,0.2111759813596805,0.4,0.008061383488503437,0.19561343981267038,0.6000101263259157,0.16666666666666666,0.4186046511627908,0.33790697674418607,0.547945205479452,0.04163502104848287,0.22486010127813869,0.8141176470588235,0.16666666666666666,0.6376811594202898,0.343,0.11315856129685896,-0.8238857944573273,0.5812285733753566,0.4339622641509434,0.0,-0.1111111111111111,0.7149576669802449,3.8196883942253503,6.67757440991862,0.021934634788330774,0.6124181249679279,-2.1333673844728787,0.8633,7.33,0.4459
CUST00459,38.415780141843975,213677.16,53010.39,710.0,37,67.06,2018-12-09,0,Female,Post-Graduate,Self-Employed,2,8.75,5.2,6.1,0,2018,12,9,Sunday,3.0,0,False,True,False,False,False,False,False,True,False,Low,1,High_Missed,0,-0.6912429691195195,-0.7385331471776999,0.37119600257898133,0.019530813474537036,0.04717179862713025,0.6455785929470139,0.3333333333333333,0.2558139534883721,0.512093023255814,0.5262435635869037,0.052716251120770906,0.08181564428488662,0.8352941176470589,0.3333333333333333,0.5362318840579711,0.5158461538461538,0.0,-0.6853099545740102,-0.5711658620310639,0.6037735849056604,0.5,-0.8888888888888888,1.5604891815616182,4.22038966907276,8.189017035029297,0.014692918013517483,-1.0516696888687436,-1.5386361035227893,0.2481,6.17,0.6706
CUST00460,50.0,2318574.51,130650.56,627.0,52,27.24,2024-10-17,1,Female,Primary,Self-Employed,2,8.4,4.8,5.4,0,2024,10,17,Thursday,0.0,0,False,False,True,False,True,False,False,False,False,High,0,High_Missed,2,3.3950019859879204,0.05704237402018947,0.5818181818181818,0.5570218168822865,0.17152201545144702,0.4354573301941722,0.3333333333333333,0.6046511627906976,0.20341085271317827,0.684931506849315,0.5720150722303607,0.20164461613244566,0.7376470588235294,0.3333333333333333,0.7536231884057971,0.20953846153846153,0.8274442755825733,5.808758828064228,0.3942000337205896,-0.1792452830188679,0.5,0.7777777777777778,0.062088428974600145,3.3407394126250414,5.219195340279955,0.03541076487252125,0.44449658151307714,2.311411954773122,0.0563,8.67,0.2724
CUST00461,42.0,284507.26,227679.25,634.0,44,14.06,2024-01-11,0,Male,Post-Graduate,Unemployed,2,8.55,5.0,5.9,0,2024,1,11,Thursday,3.0,1,False,False,False,True,False,False,False,False,True,Low,0,High_Missed,1,-0.553740235888963,1.0512912353750583,0.4363636363636363,0.03761746341044543,0.32692531556889154,0.45317840054682157,0.3333333333333333,0.4186046511627908,0.10124031007751938,0.5753424657534246,0.07019073149344769,0.35139761335560393,0.7458823529411764,0.3333333333333333,0.6376811594202898,0.10815384615384616,0.2560157041540018,-0.4667836015995316,1.6006397959655654,-0.11320754716981132,0.5,-0.1111111111111111,-0.43386641580432744,2.7120422223717475,3.749666651850535,0.06640106241699867,1.2734672136169618,-0.8823128786433958,0.8003,7.33,0.1406
CUST00462,28.0,544275.95,99713.61,641.0,43,15.0,2017-09-27,0,Male,Graduate,Salaried,2,8.4,4.8,5.4,0,2017,9,27,Wednesday,2.0,1,False,False,True,False,False,False,True,False,False,Mid-High,0,High_Missed,1,-0.04945032407574873,-0.2599672373771457,0.18181818181818177,0.10395007285670493,0.121972710750246,0.47089947089947093,0.3333333333333333,0.39534883720930236,0.10852713178294573,0.3835616438356164,0.134278215131632,0.1538968727851637,0.7541176470588236,0.3333333333333333,0.6231884057971014,0.11538461538461539,-0.7439842958459982,0.334659632882107,0.00953477025485898,-0.04716981132075472,0.5,-0.2222222222222222,-0.3984948259642522,2.772588722239781,3.872983346207417,0.0625,0.01652516220935695,0.3748948887033351,0.1832,7.17,0.15
CUST00463,37.0,493594.41,179415.48,646.0,50,26.59,2023-12-23,1,Female,Graduate,Salaried,0,8.55,5.0,5.9,0,2023,12,23,Saturday,2.0,0,False,False,False,True,False,False,True,False,False,Mid-High,0,Low_Missed,2,-0.14783858378925727,0.5567344360696851,0.34545454545454546,0.09100841002984547,0.24962499198306026,0.4835573782942204,0.0,0.558139534883721,0.1983720930232558,0.5068493150684932,0.12177458212833207,0.2769078494023943,0.76,0.0,0.7246376811594203,0.20453846153846153,-0.10112715298885533,0.17829599511609853,1.0005355257353254,0.0,-0.5,0.5555555555555556,0.03762935089369709,3.3174533882291946,5.156549233741495,0.03624501631025734,0.9260110745992147,0.20389092271516104,0.3635,8.33,0.2659
CUST00464,54.0,753617.09,108258.66,743.0,52,11.91,2017-11-18,1,Male,Secondary,Self-Employed,1,8.4,4.8,5.4,0,2017,11,18,Saturday,1.0,1,False,False,True,False,False,False,False,True,False,High,1,Med_Missed,2,0.35694439974365294,-0.17240647331117284,0.6545454545454545,0.15740587648205615,0.1356586521936332,0.7291207817523606,0.16666666666666666,0.6046511627906976,0.08457364341085272,0.7397260273972602,0.1859247275906541,0.16708520758512593,0.8741176470588236,0.16666666666666666,0.7536231884057971,0.09161538461538461,1.1131585612968589,0.9805228443094487,0.11578260365724166,0.9150943396226415,0.0,0.7777777777777778,-0.5147695202257762,2.558002204858551,3.4510867853474796,0.07745933384972889,0.1485138969469392,0.9024030777271985,0.1437,8.67,0.1191
CUST00465,57.0,644610.1,255878.4,462.0,40,63.99,2025-04-17,1,Male,Graduate,Self-Employed,0,8.55,5.0,5.9,0,2025,4,17,Thursday,2.0,1,False,False,False,True,True,False,False,False,False,Mid-High,0,Low_Missed,1,0.14532872976385694,1.3402467265671494,0.7090909090909091,0.12957065856344435,0.37208969911881723,0.017746386167438732,0.0,0.32558139534883723,0.48829457364341083,0.7808219178082192,0.15903163401547102,0.3949198667390663,0.5435294117647059,0.0,0.5797101449275363,0.49223076923076925,1.3274442755825733,0.6442124342800196,1.9512636766086044,-1.7358490566037736,-0.5,-0.5555555555555556,1.4449670743179686,4.174233411906258,7.99937497558403,0.015386982612709646,1.439454429337441,0.656919288228529,0.397,6.67,0.6399
CUST00466,54.0,756117.06,52194.67,652.0,48,17.57,2015-01-31,0,Female,Graduate,Salaried,1,8.55,5.0,5.9,0,2015,1,31,Saturday,2.0,0,False,False,False,True,False,False,False,True,False,High,0,Med_Missed,2,0.3617976006849817,-0.7468917953382017,0.6545454545454545,0.15804425031239486,0.04586532339829019,0.4987468671679198,0.16666666666666666,0.5116279069767442,0.12844961240310077,0.7397260273972602,0.18654149470939715,0.08055667114101675,0.7670588235294118,0.16666666666666666,0.6956521739130435,0.13515384615384615,1.1131585612968589,0.9882357986416552,-0.5813083986649036,0.05660377358490566,0.0,0.3333333333333333,-0.30178739416745065,2.9215473753646144,4.191658383026938,0.05385029617662897,-1.0791312500450227,0.9074573088772246,0.069,8.0,0.1757
CUST00467,47.0,599707.97,98230.4,644.0,54,58.01,2022-08-11,0,Female,Graduate,Self-Employed,0,8.4,4.8,5.4,0,2022,8,11,Thursday,2.0,0,False,False,True,False,False,True,False,False,False,Mid-High,0,Low_Missed,2,0.05816005990635607,-0.27516562718999554,0.5272727272727272,0.11810478308555217,0.11959716874543076,0.4784942153363205,0.0,0.6511627906976745,0.441937984496124,0.6438356164383562,0.14795383814371055,0.15160770302505086,0.7576470588235295,0.0,0.782608695652174,0.4462307692307692,0.613158561296859,0.5056795406417792,-0.00890723406117763,-0.018867924528301886,-0.5,1.0,1.2199435559736598,4.077706921069077,7.616429609731846,0.01694628029147602,-0.007701476415808998,0.5386799903741845,0.1638,9.0,0.5801
CUST00468,24.0,491314.46,147841.64,540.0,38,10.56,2016-10-12,1,Female,Secondary,Salaried,1,8.55,5.0,5.9,0,2016,10,12,Wednesday,1.0,0,False,False,False,True,False,False,False,False,True,Mid-High,0,Med_Missed,0,-0.15226465909663367,0.23319863991907436,0.10909090909090907,0.09042621887775937,0.19905563014399824,0.21520974152553096,0.16666666666666666,0.2790697674418605,0.07410852713178295,0.3287671232876712,0.1212120961015485,0.22817713713734736,0.6352941176470588,0.16666666666666666,0.5507246376811594,0.08123076923076923,-1.029698581560284,0.17126185061447913,0.607951270266547,-1.0,0.0,-0.7777777777777778,-0.5655691439322672,2.4475508632442313,3.249615361854384,0.08650519031141868,0.6347832641254793,0.1956393577623588,0.3009,6.33,0.1056
CUST00469,43.0,766565.84,88058.17,704.0,53,22.29,2022-10-12,0,Male,Secondary,Salaried,2,8.4,4.8,5.4,0,2022,10,12,Wednesday,1.0,1,False,False,True,False,False,False,False,False,True,High,1,High_Missed,2,0.38208185566873526,-0.3794000355380814,0.4545454545454545,0.16071237341425862,0.10330509975476755,0.6303891040733145,0.3333333333333333,0.627906976744186,0.1650387596899225,0.589041095890411,0.18911931121718714,0.13590799677380366,0.8282352941176471,0.3333333333333333,0.7681159420289855,0.17146153846153844,0.3274442755825732,1.0204725706698277,-0.13538717254845603,0.5471698113207547,0.5,0.8888888888888888,-0.12417685794920043,3.1480240838962494,4.72122865364515,0.042936882782310004,-0.18601487082637763,0.9283377621276342,0.1149,8.83,0.2229
CUST00470,24.0,700609.81,197073.37,592.0,54,19.73,2026-04-01,1,Male,Post-Graduate,Self-Employed,0,9.1,5.6,7.2,0,2026,4,1,Wednesday,3.0,1,True,False,False,False,False,False,False,False,True,High,0,Low_Missed,2,0.25404117242761914,0.7376740841926218,0.10909090909090907,0.14387032990772297,0.27790625991639856,0.34685197843092563,0.0,0.6511627906976745,0.1451937984496124,0.3287671232876712,0.1728473117184616,0.3041608397512987,0.6964705882352941,0.0,0.782608695652174,0.15176923076923077,-1.029698581560284,0.8169837898750062,1.2200910058036218,-0.5094339622641509,-0.5,1.0,-0.22050799623706493,3.0315819264476884,4.441846462902562,0.048239266763145196,1.0643470360894265,0.789542288155753,0.2813,9.0,0.1973
CUST00471,22.0,533944.77,76174.06,621.0,43,7.15,2022-09-03,1,Male,Primary,Salaried,1,9.1,5.6,7.2,0,2022,9,3,Saturday,0.0,1,True,False,False,False,False,True,False,False,False,Mid-High,0,Med_Missed,1,-0.0695062817476545,-0.5011760054673468,0.0727272727272727,0.1013119792201739,0.08427124581982601,0.4202678413204728,0.16666666666666666,0.39534883720930236,0.047674418604651166,0.3013698630136986,0.13172941169726454,0.11756619403659567,0.7305882352941176,0.16666666666666666,0.6231884057971014,0.055,-1.1725557244174267,0.3027856825795822,-0.2831523628534384,-0.2358490566037736,0.0,-0.2222222222222222,-0.6938852304797742,2.0980179272527715,2.6739483914241875,0.12269938650306748,-0.42687036751119767,0.34184353258863004,0.1427,7.17,0.0715
CUST00472,41.0,835291.41,341677.53,798.0,43,20.96,2019-12-27,0,Male,Graduate,Salaried,2,8.55,5.0,5.9,0,2019,12,27,Friday,2.0,1,False,False,False,True,False,False,False,True,False,High,1,High_Missed,1,0.5154990570820885,2.219426764015232,0.4181818181818181,0.17826162615053553,0.5095074870865374,0.8683577630946053,0.3333333333333333,0.39534883720930236,0.15472868217054264,0.5616438356164384,0.20607458339760232,0.5273412863896809,0.9388235294117647,0.3333333333333333,0.6231884057971014,0.16123076923076923,0.1845871327254304,1.2325059882167781,3.0180768222671284,1.4339622641509433,0.5,-0.2222222222222222,-0.17422389463781748,3.08922261664133,4.578209256903839,0.04553734061930783,1.8386853642435048,1.0566299241561494,0.4091,7.17,0.2096
CUST00473,44.0,137191.4937,352680.74,731.0,35,30.98,2024-06-18,0,Male,Post-Graduate,Unemployed,2,8.75,5.2,6.1,0,2024,6,18,Tuesday,3.0,1,False,True,False,False,False,True,False,False,False,Low,1,High_Missed,0,-0.8397248739764982,2.332176189095056,0.47272727272727266,0.0,0.5271304720602112,0.6987418040049618,0.3333333333333333,0.2093023255813954,0.23240310077519377,0.6027397260273972,0.03384648707200554,0.5443235178984833,0.86,0.3333333333333333,0.5072463768115942,0.2383076923076923,0.39887284701114467,-0.9212849667702656,3.1548890378739918,0.8018867924528302,0.5,-1.1111111111111112,0.20282220131702733,3.4651107074058083,5.565968020030298,0.031269543464665414,1.8814418048439356,-2.699026891946865,2.5707,5.83,0.3098
CUST00474,48.0,382608.83,116919.76,696.0,47,2.62,2017-03-30,1,Male,Primary,Self-Employed,2,8.75,5.2,6.1,0,2017,3,30,Thursday,0.0,1,False,True,False,False,False,False,False,True,False,Mid-Low,0,High_Missed,1,-0.3632952978017829,-0.08365654982894664,0.5454545454545454,0.06266795401758861,0.14953046188875735,0.6101364522417154,0.3333333333333333,0.4883720930232558,0.01255813953488372,0.6575342465753424,0.09439335099410881,0.1804526526598713,0.8188235294117647,0.3333333333333333,0.6811594202898551,0.020153846153846154,0.6845871327254304,-0.16411879789079017,0.22347338485587426,0.4716981132075472,0.5,0.2222222222222222,-0.8643461900282221,1.2864740258376797,1.6186414056238645,0.27624309392265195,0.2706540452333633,-0.2713210698737218,0.3056,7.83,0.0262
CUST00475,43.0,379687.86,137524.96,680.0,34,37.73,2021-03-30,0,Male,Secondary,Self-Employed,0,9.1,5.6,7.2,0,2021,3,30,Tuesday,1.0,1,True,False,False,False,True,False,False,False,False,Mid-Low,0,Low_Missed,0,-0.36896578758909737,0.12748405856213169,0.4545454545454545,0.06192207674417956,0.18253220683223714,0.5696311485785168,0.0,0.18604651162790697,0.2847286821705426,0.589041095890411,0.0936727190461915,0.21225448836828517,0.8,0.0,0.4927536231884058,0.2902307692307692,0.3274442755825732,-0.17313062931906528,0.4796752627644616,0.32075471698113206,-0.5,-1.2222222222222223,0.45682031984948257,3.6566144935266607,6.142475071174485,0.025819777949909632,0.5238447717454614,-0.2863121334954073,0.3622,5.67,0.3773
CUST00476,44.0,787281.73,201794.04,637.0,45,32.94,2026-02-05,1,Male,Graduate,Salaried,0,9.1,5.6,7.2,0,2026,2,5,Thursday,2.0,1,True,False,False,False,False,False,True,False,False,High,0,Low_Missed,1,0.4222976889981186,0.7860465889881839,0.47272727272727266,0.16600222971180423,0.2854669896012517,0.46077314498367117,0.0,0.4418604651162792,0.24759689922480616,0.6027397260273972,0.1942301244619451,0.31144666914259983,0.7494117647058823,0.0,0.6521739130434783,0.2533846153846154,0.39887284701114467,1.0843856230348599,1.2787870882967176,-0.08490566037735849,-0.5,0.0,0.2765757290686735,3.52459425980608,5.739337940912697,0.029463759575721865,1.0989362750191842,0.9686106882927782,0.2563,7.5,0.3294
CUST00477,27.0,970626.97,48420.65,810.0,54,25.32,2019-02-03,0,Male,Primary,Unemployed,1,8.4,4.8,5.4,0,2019,2,3,Sunday,0.0,1,False,False,True,False,False,True,False,False,False,High,1,Med_Missed,2,0.7782264766860136,-0.7855640178296164,0.16363636363636364,0.21281991277726803,0.039820769331763706,0.8987367408420037,0.16666666666666666,0.6511627906976745,0.18852713178294572,0.3698630136986301,0.23946319342279243,0.07473189079429515,0.9529411764705882,0.16666666666666666,0.782608695652174,0.19476923076923078,-0.8154128672745696,1.6500457962159016,-0.6282339811035388,1.5471698113207548,0.0,1.0,-0.010159924741298199,3.2703291064571163,5.03189825016365,0.037993920972644375,-1.212912090406952,1.27160419468219,0.0499,9.0,0.2532
CUST00478,37.0,214252.46,44927.26,714.0,46,43.2,2015-04-24,1,Male,Graduate,Salaried,2,8.75,5.2,6.1,0,2015,4,24,Friday,2.0,1,False,True,False,False,False,False,False,True,False,Low,1,High_Missed,1,-0.6901261371169172,-0.8213606366417272,0.34545454545454546,0.019677717823226755,0.03422567849216482,0.6557049188628135,0.3333333333333333,0.4651162790697674,0.3271317829457364,0.5068493150684932,0.05285818327332188,0.06934023165750366,0.84,0.3333333333333333,0.6666666666666666,0.3323076923076923,-0.10112715298885533,-0.6835350282239668,-0.6716702534166966,0.6415094339622641,0.5,0.1111111111111111,0.6626528692380058,3.7887247890836524,6.572670690061994,0.02262443438914027,-1.347836538688589,-1.5321492380153834,0.2097,7.67,0.432
CUST00479,21.0,895899.56,209787.7,619.0,45,45.29,2020-01-28,0,Female,Graduate,Salaried,1,8.4,4.8,5.4,0,2020,1,28,Tuesday,2.0,0,False,False,True,False,False,True,False,False,False,High,0,Med_Missed,1,0.6331578812408509,0.8679572831659365,0.05454545454545451,0.19373807461401402,0.2982698126015088,0.41520467836257313,0.16666666666666666,0.4418604651162792,0.3433333333333333,0.2876712328767123,0.2210272084482411,0.3237839947705442,0.7282352941176471,0.16666666666666666,0.6521739130434783,0.3483846153846154,-1.2439842958459981,1.419495389333396,1.3781790235054396,-0.25471698113207547,0.0,0.0,0.7412982126058326,3.8349259550431793,6.729784543356496,0.02160293799956794,1.1554471914095223,1.1583715216174728,0.2342,7.5,0.4529
CUST00480,18.0,246293.06,116354.06,538.0,52,127.7,2020-07-25,1,Male,Graduate,Salaried,2,8.55,5.0,5.9,0,2020,7,25,Saturday,2.0,1,False,False,False,True,True,False,False,False,False,Low,0,High_Missed,2,-0.6279256026782113,-0.08945325367879195,0.0,0.02785936822237156,0.1486244242325091,0.21014657856763108,0.3333333333333333,0.6046511627906976,0.982170542635659,0.2465753424657534,0.060762913548004366,0.17957955759356523,0.6329411764705882,0.3333333333333333,0.7536231884057971,0.9823076923076923,-1.4582700101317125,-0.5846827681662501,0.2164395583299057,-1.0188679245283019,0.5,0.7777777777777778,3.8423330197554098,4.857484114602081,11.30044246921332,0.007770007770007771,0.2629970500813592,-1.204443583910947,0.4724,8.67,1.277
CUST00481,46.0,250044.05,86171.68,695.0,30,6.79,2024-05-01,0,Male,Secondary,Self-Employed,2,8.75,5.2,6.1,0,2024,5,1,Wednesday,1.0,1,False,True,False,False,True,False,False,False,False,Low,0,High_Missed,0,-0.6206437920169179,-0.398730818365896,0.509090909090909,0.028817193257816842,0.10028365556502782,0.6076048707627655,0.3333333333333333,0.09302325581395354,0.04488372093023256,0.6301369863013698,0.06168831957077021,0.13299640916263922,0.8176470588235294,0.3333333333333333,0.43478260869565216,0.05223076923076923,0.5417299898682876,-0.5731101434665287,-0.15884349816799734,0.46226415094339623,0.5,-1.6666666666666667,-0.7074317968015054,2.052840859882657,2.6057628441590768,0.12836970474967907,-0.22167376755455617,-1.1698894624766862,0.3446,5.0,0.0679
CUST00482,30.0,393508.19,99376.8,646.0,38,70.39,2024-03-31,0,Male,Graduate,Unemployed,1,8.4,4.8,5.4,0,2024,3,31,Sunday,2.0,1,False,False,True,False,False,False,False,True,False,Mid-Low,0,Med_Missed,0,-0.34213633020942036,-0.2634185151280144,0.21818181818181814,0.06545113389232325,0.1214332683903362,0.4835573782942204,0.16666666666666666,0.2790697674418605,0.5379069767441861,0.410958904109589,0.09708233000719418,0.15337704399025023,0.76,0.16666666666666666,0.5507246376811594,0.5414615384615384,-0.6011271529888553,-0.13049188799576095,0.0053469266766170455,0.0,0.0,-0.7777777777777778,1.6857949200376294,4.268157803514369,8.389874850079709,0.014007564084605687,0.011060084112476946,-0.21673130756284617,0.2525,6.33,0.7039
CUST00483,48.0,377338.06,23585.21,536.0,46,51.13,2018-11-28,1,Male,Graduate,Self-Employed,4,8.55,5.0,5.9,0,2018,11,28,Wednesday,2.0,1,False,False,False,True,False,False,False,True,False,Mid-Low,0,High_Missed,1,-0.3735274629579753,-1.0400517156563847,0.5454545454545454,0.06132204921323724,4.377825965103804e-05,0.20508341560973142,0.6666666666666666,0.4651162790697674,0.3886046511627907,0.6575342465753424,0.09309300033931807,0.03640114988296352,0.6305882352941177,0.6666666666666666,0.6666666666666666,0.3933076923076923,0.6845871327254304,-0.180380276350757,-0.9370340105468854,-1.0377358490566038,1.5,0.1111111111111111,0.9610536218250237,3.9537405987800147,7.150524456289903,0.01918281220026856,-2.5712327637106625,-0.29848640401833837,0.0625,7.67,0.5113
CUST00484,50.0,202965.51,88050.22,684.0,46,32.93,2023-11-19,0,Male,Secondary,Self-Employed,1,8.75,5.2,6.1,0,2023,11,19,Sunday,1.0,1,False,True,False,False,False,True,False,False,False,Low,0,Med_Missed,1,-0.7120375345995781,-0.37948149885009524,0.5818181818181818,0.016795565835666368,0.10329236685859085,0.5797574744943166,0.16666666666666666,0.4651162790697674,0.2475193798449612,0.684931506849315,0.05007358200574801,0.13589572683253245,0.8047058823529412,0.16666666666666666,0.6666666666666666,0.2533076923076923,0.8274442755825733,-0.7183577380564432,-0.1354860216219604,0.3584905660377358,0.0,0.1111111111111111,0.27619943555973664,3.5242995787961386,5.738466694161429,0.029472443265546714,-0.18616330385598331,-1.6639433269938968,0.4338,7.67,0.3293
CUST00485,31.0,612276.33,62829.0,628.0,47,10.74,2016-08-23,0,Male,Graduate,Salaried,1,9.1,5.6,7.2,0,2016,8,23,Tuesday,2.0,1,True,False,False,False,False,False,False,True,False,Mid-High,0,Med_Missed,1,0.08255906332757948,-0.6379222679358229,0.23636363636363633,0.12131414644362273,0.06289750198936407,0.43798891167312215,0.16666666666666666,0.4883720930232558,0.07550387596899225,0.4246575342465753,0.15105457582637283,0.09696957737483428,0.7388235294117647,0.16666666666666666,0.6811594202898551,0.08261538461538462,-0.5296985815602839,0.5444556806397507,-0.44908278006864494,-0.16981132075471697,0.0,0.2222222222222222,-0.5587958607714018,2.4630018143999504,3.277193921634788,0.08517887563884156,-0.7547405272956472,0.5729633030707737,0.1026,7.83,0.1074
CUST00486,44.0,621381.94,171243.7,692.0,42,18.6,2017-03-05,0,Male,Post-Graduate,Salaried,0,8.75,5.2,6.1,0,2017,3,5,Sunday,3.0,1,False,True,False,False,False,False,False,False,True,Mid-High,0,Low_Missed,1,0.10023581745797724,0.4729985538245215,0.47272727272727266,0.12363928759862472,0.2365368880435581,0.6000101263259157,0.0,0.37209302325581395,0.13643410852713178,0.6027397260273972,0.15330101912133146,0.2642956153544209,0.8141176470588235,0.0,0.6086956521739131,0.1430769230769231,0.39887284701114467,0.5725484793920882,0.8989288739262755,0.4339622641509434,-0.5,-0.3333333333333333,-0.2630291627469426,2.975529566236472,4.312771730569565,0.0510204081632653,0.8566147149665829,0.597207435900986,0.2756,7.0,0.186
CUST00487,31.0,749394.48,179336.37,685.0,41,16.52,2021-12-10,0,Male,Graduate,Salaried,0,8.55,5.0,5.9,0,2021,12,10,Friday,2.0,1,False,False,False,True,True,False,False,False,False,High,0,Low_Missed,1,0.3487470314444881,0.5559237992629654,0.23636363636363633,0.15632762205511244,0.2494982876539356,0.5822890559732665,0.0,0.34883720930232565,0.12031007751937985,0.4246575342465753,0.18488296828823225,0.2767857519113293,0.8058823529411765,0.0,0.5942028985507246,0.1270769230769231,-0.5296985815602839,0.9674951687402548,0.9995518842001134,0.36792452830188677,-0.5,-0.4444444444444444,-0.3412982126058326,2.8633430855082453,4.064480286580315,0.05707762557077626,0.9253567141815604,0.8938140366648151,0.2393,6.83,0.1652
CUST00488,18.0,356208.79,139526.26,601.0,41,23.37,2023-02-19,1,Male,Graduate,Salaried,0,9.1,5.6,7.2,0,2023,2,19,Sunday,2.0,1,True,False,False,False,False,False,False,True,False,Mid-Low,0,Low_Missed,1,-0.41454579239936257,0.1479912945789172,0.0,0.05592663525940558,0.18573753326223474,0.3696362117414749,0.0,0.34883720930232565,0.1734108527131783,0.2465753424657534,0.08788020219412289,0.21534327245207224,0.7070588235294117,0.0,0.5942028985507246,0.17976923076923076,-1.4582700101317125,-0.24556869644494106,0.5045591182115555,-0.42452830188679247,-0.5,-0.4444444444444444,-0.0835371589840075,3.193352867637115,4.8342527861087286,0.04103405826836274,0.5460946033468298,-0.4128113801424133,0.3917,6.83,0.2337
CUST00489,39.0,433743.51,125150.86,701.0,37,42.02,2024-04-11,0,Male,Secondary,Salaried,0,8.55,5.0,5.9,0,2024,4,11,Thursday,1.0,1,False,False,False,True,True,False,False,False,False,Mid-Low,1,Low_Missed,0,-0.26402735574226477,0.0006871819342881846,0.38181818181818183,0.07572532731996565,0.16271357405482595,0.6227943596364649,0.0,0.2558139534883721,0.317984496124031,0.5342465753424658,0.10700877807981259,0.193156440533783,0.8247058823529412,0.0,0.5362318840579711,0.32323076923076927,0.04172998986828753,-0.006357124097910987,0.3258176123932617,0.5188679245283019,-0.5,-0.8888888888888888,0.6182502351834434,3.761665123839584,6.482283548256741,0.02324500232450023,0.37749555196341694,-0.03178422046891176,0.2885,6.17,0.4202
CUST00490,33.0,435733.64,40198.78,610.0,38,61.64,2022-02-25,1,Male,Primary,Salaried,0,8.75,5.2,6.1,0,2022,2,25,Friday,0.0,1,False,True,False,False,False,True,False,False,False,Mid-Low,0,Low_Missed,0,-0.2601639090651581,-0.8698131701752551,0.2727272727272727,0.07623351218257278,0.026652440138237393,0.3924204450520239,0.0,0.2790697674418605,0.47007751937984493,0.4520547945205479,0.1074997626700373,0.06204234839936878,0.7176470588235294,0.0,0.5507246376811594,0.47415384615384615,-0.386841438703141,-0.00021713769601263905,-0.7304634442448953,-0.33962264150943394,-0.5,-0.7777777777777778,1.35653809971778,4.137404051682548,7.851114570556208,0.015964240102171137,-1.5509233431146925,-0.023247399345438485,0.0923,6.33,0.6164
CUST00491,33.0,1028896.8,140700.09,615.0,41,84.01,2016-06-20,1,Male,Secondary,Self-Employed,2,8.4,4.8,5.4,0,2016,6,20,Monday,1.0,1,False,False,True,False,False,False,False,True,False,High,0,High_Missed,1,0.8913459116420549,0.16001948068473984,0.2727272727272727,0.22769926515761046,0.18761756540300528,0.40507835244677337,0.3333333333333333,0.34883720930232565,0.6434883720930232,0.4520547945205479,0.25383893199515384,0.2171549485731294,0.7235294117647059,0.3333333333333333,0.5942028985507246,0.6462307692307693,-0.386841438703141,1.8298209686121412,0.5191543393375545,-0.29245283018867924,0.5,-0.4444444444444444,2.198306679209784,4.442768896629268,9.165696918401787,0.011763321962122103,0.5589756451706643,1.3519583999019291,0.1367,6.83,0.8401
CUST00492,60.0,137191.4937,144010.11,607.0,39,18.72,2022-10-05,1,Female,Primary,Self-Employed,2,8.55,5.0,5.9,0,2022,10,5,Wednesday,0.0,0,False,False,False,True,False,False,True,False,False,Low,0,High_Missed,0,-0.8397248739764982,0.193937114902638,0.7636363636363636,0.0,0.19291896678701592,0.3848257006151743,0.3333333333333333,0.3023255813953488,0.1373643410852713,0.821917808219178,0.03384648707200554,0.2222635964984863,0.7141176470588235,0.3333333333333333,0.5652173913043478,0.144,1.5417299898682875,-0.9212849667702656,0.5603106173603343,-0.36792452830188677,0.5,-0.6666666666666666,-0.25851364063969906,2.9816333491744893,4.326661530556787,0.05070993914807303,0.5946461311621423,-2.699026891946865,1.0497,6.5,0.1872
CUST00493,21.0,274176.63,208379.37,740.0,46,29.22,2019-12-07,1,Female,Post-Graduate,Salaried,1,8.75,5.2,6.1,0,2019,12,7,Saturday,3.0,0,False,True,False,False,False,False,False,True,False,Low,1,Med_Missed,1,-0.5737951258438492,0.8535261855296402,0.05454545454545451,0.034979510217842374,0.29601420006407886,0.721526037315511,0.16666666666666666,0.4651162790697674,0.21875968992248063,0.2876712328767123,0.06764206374947464,0.3216103939667068,0.8705882352941177,0.16666666666666666,0.6666666666666666,0.22476923076923075,-1.2439842958459981,-0.4986558550317411,1.360668065557203,0.8867924528301887,0.0,0.1111111111111111,0.1365945437441204,3.4085039568445934,5.405552700695831,0.03309066843150232,1.1456717082485484,-0.963313883853847,0.76,7.67,0.2922
CUST00494,42.0,443640.76,351837.92,628.0,49,12.64,2018-01-22,0,Male,Secondary,Salaried,1,8.75,5.2,6.1,0,2018,1,22,Monday,1.0,1,False,True,False,False,False,True,False,False,False,Mid-High,0,Med_Missed,2,-0.24481378797282596,2.323539848386683,0.4363636363636363,0.07825261580435533,0.525780592870819,0.43798891167312215,0.16666666666666666,0.5348837209302326,0.09023255813953489,0.5753424657534246,0.10945052672718815,0.5430227189170725,0.7388235294117647,0.16666666666666666,0.7101449275362319,0.09723076923076923,0.2560157041540018,0.024178057230036576,3.1444095440210362,-0.16981132075471697,0.0,0.4444444444444444,-0.48730009407337727,2.613006652415316,3.5552777669262356,0.07331378299120234,1.878221077789801,0.010152827607289965,0.7931,8.17,0.1264
CUST00495,27.0,257098.58,35755.65,760.0,52,52.75,2018-11-24,0,Female,Graduate,Salaried,3,8.75,5.2,6.1,0,2018,11,24,Saturday,2.0,0,False,True,False,False,True,False,False,False,False,Low,1,High_Missed,2,-0.6069488070224458,-0.9153417343901452,0.16363636363636364,0.030618585809463153,0.01953622466783559,0.7721576668945089,0.5,0.6046511627906976,0.4011627906976744,0.3698630136986301,0.06342874131270562,0.0551848711464848,0.8941176470588236,0.5,0.7536231884057971,0.40576923076923077,-0.8154128672745696,-0.5513453751992377,-0.7857086371958,1.0754716981132075,1.0,0.7777777777777778,1.022013170272813,3.984343667007772,7.262919523166975,0.018604651162790697,-1.7683727782671856,-1.1067787869051464,0.1391,8.67,0.5275
CUST00496,38.415780141843975,388807.57,78191.32,793.0,48,34.46,2024-04-26,0,Male,Secondary,Salaried,2,8.55,5.0,5.9,0,2024,4,26,Friday,1.0,1,False,False,False,True,False,False,False,False,True,Mid-Low,1,High_Missed,2,-0.35126166107692186,-0.4805052280090843,0.37119600257898133,0.06425081837079032,0.08750213413950668,0.8556998556998554,0.3333333333333333,0.5116279069767442,0.2593798449612403,0.5262435635869037,0.09592264094944314,0.12067961060625552,0.9329411764705883,0.3333333333333333,0.6956521739130435,0.2650769230769231,0.0,-0.14499432898227504,-0.2580700632285923,1.3867924528301887,0.5,0.3333333333333333,0.33377234242709325,3.5684053006460617,5.8702640485756685,0.02820078962210942,-0.38307390126599306,-0.24001854134262368,0.2011,8.0,0.3446
CUST00497,41.0,415385.48,404748.21,591.0,50,21.72,2017-01-15,0,Male,Secondary,Salaried,0,9.1,5.6,7.2,0,2017,1,15,Sunday,1.0,1,True,False,False,False,False,True,False,False,False,Mid-Low,0,Low_Missed,2,-0.2996658667951725,2.865709340590029,0.4181818181818181,0.07103755669528906,0.6105228858582955,0.3443203969519759,0.0,0.558139534883721,0.1606201550387597,0.5616438356164384,0.10247967202298065,0.6246838699791605,0.6952941176470588,0.0,0.7246376811594203,0.16707692307692307,0.1845871327254304,-0.0629956625680822,3.8022879270839507,-0.5188679245283019,-0.5,0.5555555555555556,-0.14562558795860778,3.1232455938529506,4.6604720790924175,0.04401408450704226,2.064944089117678,-0.11313636739994924,0.9744,8.33,0.2172
CUST00498,42.0,318429.68,109480.78,454.99,44,6.37,2021-06-05,1,Female,Secondary,Salaried,1,9.1,5.6,7.2,0,2021,6,5,Saturday,1.0,0,True,False,False,False,False,False,True,False,False,Low,0,Med_Missed,1,-0.48788651737388405,-0.15988346162834988,0.4363636363636363,0.04627964143248489,0.13761602666853884,0.0,0.16666666666666666,0.4186046511627908,0.041627906976744185,0.5753424657534246,0.07855972521904878,0.16897141395322557,0.5352823529411764,0.16666666666666666,0.6376811594202898,0.049,0.2560157041540018,-0.36212551518332564,0.1309782551932443,-1.8019811320754715,0.0,-0.1111111111111111,-0.723236124176858,1.9974177062012453,2.5238858928247927,0.13568521031207598,0.16641317916735238,-0.6422204881184541,0.3438,7.33,0.0637
CUST00499,28.0,3494195.72,99512.76,734.0,44,29.52,2015-12-15,0,Male,Secondary,Salaried,1,9.1,5.6,7.2,0,2015,12,15,Tuesday,1.0,1,True,False,False,False,False,False,False,True,False,High,1,Med_Missed,1,5.677239758048304,-0.26202533878821427,0.18181818181818177,0.8572197451994715,0.1216510249392906,0.7063365484418116,0.16666666666666666,0.4186046511627908,0.22108527131782946,0.3835616438356164,0.8620523552477154,0.15358688313682078,0.8635294117647059,0.16666666666666666,0.6376811594202898,0.22707692307692307,-0.7439842958459982,9.435807434528764,0.0070374323412283795,0.8301886792452831,0.0,-0.1111111111111111,0.14788334901222955,3.4183822064162563,5.43323108288245,0.0327653997378768,0.01326871781952156,2.6982672572882342,0.0285,7.33,0.2952
CUST00500,30.0,605660.36,85780.82,623.0,44,31.85,2023-05-02,0,Male,Graduate,Self-Employed,3,8.4,4.8,5.4,0,2023,5,2,Tuesday,2.0,1,False,False,True,False,False,False,True,False,False,Mid-High,0,High_Missed,1,0.0697154564715767,-0.4027359441688843,0.21818181818181814,0.11962474132663897,0.0996576455273379,0.42533100427837267,0.5,0.4186046511627908,0.23914728682170544,0.410958904109589,0.14942235113784041,0.1323931602009698,0.7329411764705882,0.5,0.6376811594202898,0.24500000000000002,-0.6011271529888553,0.5240439659098751,-0.16370339110761195,-0.2169811320754717,1.0,-0.1111111111111111,0.23555973659454385,3.4919517449306197,5.643580423808985,0.030441400304414,-0.2291736218768949,0.5550374897048902,0.1416,7.33,0.3185
CUST00501,48.0,393118.66,182875.82,581.0,39,4.52,2016-09-21,1,Female,Post-Graduate,Salaried,2,8.4,4.8,5.4,0,2016,9,21,Wednesday,3.0,0,False,False,True,False,False,False,False,True,False,Mid-Low,0,High_Missed,0,-0.3428925262288429,0.5921923929368829,0.5454545454545454,0.06535166639546056,0.25516714921025146,0.31900458216247674,0.3333333333333333,0.3023255813953488,0.027286821705426352,0.6575342465753424,0.09698622913567813,0.282248499538052,0.6835294117647058,0.3333333333333333,0.5652173913043478,0.03476923076923077,0.6845871327254304,-0.1316936732575939,1.043560859447311,-0.6132075471698113,0.5,-0.6666666666666666,-0.7928504233301977,1.7083778602890038,2.1260291625469296,0.1811594202898551,0.9543146929410442,-0.21864662889122763,0.4652,6.5,0.0452
CUST00502,57.0,352710.41,50978.1,603.0,44,8.41,2025-10-19,0,Female,Post-Graduate,Salaried,1,8.4,4.8,5.4,0,2025,10,19,Sunday,3.0,0,False,False,True,False,False,False,True,False,False,Mid-Low,0,Med_Missed,1,-0.42133721034002786,-0.7593579364069771,0.7090909090909091,0.055033314843328476,0.04391683792637585,0.37469937469937453,0.16666666666666666,0.4186046511627908,0.057441860465116276,0.7808219178082192,0.0870171175359597,0.07867903058097438,0.7094117647058824,0.16666666666666666,0.6376811594202898,0.06469230769230769,1.3274442755825733,-0.25636196403483374,-0.5964350423571391,-0.4056603773584906,0.0,-0.1111111111111111,-0.646472248353716,2.2417729535972883,2.9,0.10626992561105207,-1.121013352149291,-0.43263369297415616,0.1445,7.33,0.0841
CUST00503,43.0,407223.54,52856.03,617.0,40,28.99,2025-02-19,0,Female,Secondary,Salaried,2,9.1,5.6,7.2,0,2025,2,19,Wednesday,1.0,0,True,False,False,False,False,False,False,True,False,Mid-Low,0,High_Missed,1,-0.31551067088924845,-0.740114867535243,0.4545454545454545,0.06895338412490037,0.0469245722304209,0.41014151540467325,0.3333333333333333,0.32558139534883723,0.2169767441860465,0.589041095890411,0.10046604137255145,0.08157740678367573,0.7258823529411764,0.3333333333333333,0.5797101449275363,0.22299999999999998,0.3274442755825732,-0.08817703293740989,-0.5730851504569937,-0.27358490566037735,0.5,-0.5555555555555556,0.12793979303857006,3.4008639927609177,5.384236250388722,0.03334444814938313,-1.0568290329953272,-0.1508967345608822,0.1298,6.67,0.2899
CUST00504,28.0,440771.48,53394.6,754.0,37,79.18,2024-10-31,1,Male,Graduate,Salaried,6,8.75,5.2,6.1,0,2024,10,31,Thursday,2.0,1,False,True,False,False,False,False,False,False,True,Mid-High,1,High_Missed,0,-0.2503839317733257,-0.7345961636419935,0.18181818181818177,0.07751993770665246,0.04778715787745223,0.7569681780208095,1.0,0.2558139534883721,0.606046511627907,0.3835616438356164,0.10874264720924712,0.0824086297107757,0.8870588235294118,1.0,0.5362318840579711,0.6090769230769232,-0.7439842958459982,0.015325700759233653,-0.5663886541655125,1.0188679245283019,2.5,-0.8888888888888888,2.0165569143932274,4.384274107214361,8.898314447129861,0.012471938139186829,-1.038902104118435,-0.0018727371889912085,0.1211,6.17,0.7918
CUST00505,42.0,185320.16,79523.15,663.0,45,56.57,2019-01-03,1,Male,Secondary,Salaried,1,8.55,5.0,5.9,0,2019,1,3,Thursday,1.0,1,False,False,False,True,True,False,False,False,False,Low,0,Med_Missed,1,-0.7462925173513997,-0.46685802262046944,0.4363636363636363,0.012289779899368365,0.08963522258165112,0.5265942634363687,0.16666666666666666,0.4418604651162792,0.4307751937984496,0.5753424657534246,0.04572030109489215,0.12273514216389808,0.78,0.16666666666666666,0.6521739130434783,0.43515384615384617,0.2560157041540018,-0.7727975028239392,-0.24151029447822875,0.16037735849056603,0.0,0.0,1.165757290686736,4.053001598687718,7.521303078589507,0.01737015806843842,-0.3548613480748659,-1.8913536968432558,0.4291,7.5,0.5657
CUST00506,65.0,557254.3,47232.9,753.0,53,22.2,2023-12-29,0,Female,Post-Graduate,Salaried,0,8.55,5.0,5.9,0,2023,12,29,Friday,3.0,0,False,False,False,True,False,True,False,False,False,Mid-High,1,Low_Missed,2,-0.02425540556196988,-0.7977348415836447,0.8545454545454544,0.10726412822575987,0.0379184426105177,0.7544365965418596,0.0,0.627906976744186,0.1643410852713178,0.8904109589041096,0.1374801013684823,0.07289873070059702,0.8858823529411765,0.0,0.7681159420289855,0.17076923076923076,1.8988728470111447,0.3747006817176493,-0.6430022813620135,1.009433962264151,-0.5,0.8888888888888888,-0.12756349952963317,3.1441522786722644,4.711687595755898,0.04310344827586207,-1.2575005526216732,0.4152229040218915,0.0848,8.83,0.222
CUST00507,39.0,353097.46,95880.42,690.0,38,19.67,2016-07-18,0,Male,Graduate,Salaried,0,8.4,4.8,5.4,0,2016,7,18,Monday,2.0,1,False,False,True,False,True,False,False,False,False,Mid-Low,0,Low_Missed,0,-0.42058582875371225,-0.29924577234300864,0.38181818181818183,0.05513214906575219,0.11583338870047712,0.594946963368016,0.0,0.2790697674418605,0.14472868217054263,0.5342465753424658,0.08711260656715188,0.1479807701208297,0.8117647058823529,0.0,0.5507246376811594,0.1513076923076923,0.04172998986828753,-0.2551678301155144,-0.038126522835255104,0.41509433962264153,-0.5,-0.7777777777777778,-0.2227657572906867,3.028683373693677,4.435087372307337,0.04837929366231253,-0.04695585463266294,-0.4304274519600107,0.2715,6.33,0.1967
CUST00508,54.0,831317.89,89384.8,625.0,51,14.4,2018-04-30,1,Female,Secondary,Salaried,1,9.1,5.6,7.2,0,2018,4,30,Monday,1.0,0,True,False,False,False,False,False,False,True,False,High,0,Med_Missed,2,0.5077852481146258,-0.36580611432839366,0.6545454545454545,0.17724697750182078,0.10542985976167692,0.43039416723627233,0.16666666666666666,0.5813953488372092,0.10387596899224806,0.7397260273972602,0.2050942770412589,0.13795550270948267,0.7352941176470589,0.16666666666666666,0.7391304347826086,0.11076923076923077,1.1131585612968589,1.2202468097873935,-0.11889205979585618,-0.19811320754716982,0.0,0.6666666666666666,-0.42107243650047044,2.7343675094195836,3.794733192202055,0.06493506493506493,-0.16145808201695755,1.0496094370370805,0.1075,8.5,0.144
CUST00509,38.415780141843975,594530.17,61579.91,619.0,51,13.16,2016-07-10,0,Male,Secondary,Unemployed,0,8.75,5.2,6.1,0,2016,7,10,Sunday,1.0,1,False,True,False,False,True,False,False,False,False,Mid-High,0,Low_Missed,2,0.04810837775256599,-0.6507216400620439,0.37119600257898133,0.11678261841208504,0.06089693176478721,0.41520467836257313,0.0,0.5813953488372092,0.09426356589147286,0.5262435635869037,0.146676424099771,0.09504174580974283,0.7282352941176471,0.0,0.7391304347826086,0.10123076923076924,0.0,0.48970489496951225,-0.4646137724238192,-0.25471698113207547,-0.5,0.6666666666666666,-0.4677328316086548,2.6504210882655737,3.627671429443411,0.07062146892655367,-0.7894517092078799,0.5242700613496083,0.1036,8.5,0.1316
CUST00510,38.0,794154.42,166751.47,695.0,46,20.82,2015-08-16,0,Male,Primary,Salaried,0,8.55,5.0,5.9,0,2015,8,16,Sunday,0.0,1,False,False,False,True,False,False,False,True,False,High,0,Low_Missed,1,0.43563966733284243,0.4269668639970674,0.36363636363636365,0.16775718894732725,0.2293420329250711,0.6076048707627655,0.0,0.4651162790697674,0.15364341085271316,0.5205479452054794,0.1959256844923911,0.25736235770953475,0.8176470588235294,0.0,0.6666666666666666,0.16015384615384615,-0.0296985815602839,1.1055893751236496,0.8430731791503308,0.46226415094339623,-0.5,0.1111111111111111,-0.17949200376293512,3.0828269804049246,4.5628938186199335,0.045829514207149404,0.8168319114179325,0.9816537510854364,0.21,7.67,0.2082
CUST00511,45.0,266864.98,95253.75,716.0,31,95.07,2019-03-21,0,Male,Secondary,Salaried,3,8.55,5.0,5.9,0,2019,3,21,Thursday,1.0,1,False,False,False,True,False,False,False,True,False,Low,1,High_Missed,0,-0.5879892588385112,-0.305667233190777,0.49090909090909085,0.03311246140661826,0.11482970014109743,0.6607680818207133,0.5,0.11627906976744184,0.7292248062015503,0.6164383561643836,0.06583820798170242,0.14701357463700077,0.8423529411764706,0.5,0.4492753623188406,0.7313076923076922,0.4703014184397161,-0.5212138947454482,-0.04591844093500536,0.660377358490566,1.0,-1.5555555555555556,2.6144873000940736,4.565077092421647,9.750384607798813,0.01040907671489539,-0.057609984810878895,-1.0232018323878362,0.3569,5.17,0.9507
CUST00512,42.0,367436.83,186761.64,730.0,50,19.55,2021-08-09,1,Female,Post-Graduate,Salaried,0,8.55,5.0,5.9,0,2021,8,9,Monday,3.0,0,False,False,False,True,True,False,False,False,False,Mid-Low,1,Low_Missed,2,-0.3927487571160293,0.6320102252752354,0.4363636363636363,0.05879374442551402,0.2613907646343324,0.6962102225260118,0.0,0.558139534883721,0.14379844961240312,0.5753424657534246,0.09065026978690661,0.28824583075699034,0.8588235294117647,0.0,0.7246376811594203,0.1503846153846154,0.2560157041540018,-0.21092773684935143,1.0918765458378699,0.7924528301886793,-0.5,0.5555555555555556,-0.22728127939793039,3.022860940942244,4.421538193886829,0.048661800486618,0.985377018259621,-0.35094296513214396,0.5083,8.33,0.1955
CUST00513,30.0,237701.45,87813.46,629.0,46,25.8,2024-11-29,1,Male,Graduate,Salaried,1,8.4,4.8,5.4,0,2024,11,29,Friday,2.0,1,False,False,True,False,False,True,False,False,False,Low,0,Med_Missed,1,-0.6446045267211109,-0.38190756850448687,0.21818181818181814,0.025665478301902023,0.10291316679584851,0.4405204931520721,0.16666666666666666,0.4651162790697674,0.19224806201550387,0.410958904109589,0.0586432790943654,0.13553031409097577,0.74,0.16666666666666666,0.6666666666666666,0.19846153846153847,-0.6011271529888553,-0.6111897644782567,-0.1384298589355335,-0.16037735849056603,0.0,0.1111111111111111,0.007902163687676421,3.288401887516811,5.079370039680118,0.03731343283582089,-0.19059084957530836,-1.2863650354972267,0.3694,7.67,0.258
CUST00514,29.0,310955.28,97293.07,664.0,29,8.99,2015-05-25,0,Male,Post-Graduate,Salaried,3,8.75,5.2,6.1,0,2015,5,25,Monday,3.0,1,False,True,False,False,False,False,True,False,False,Low,0,High_Missed,0,-0.5023965975411924,-0.28477040785037283,0.19999999999999996,0.044371033986202124,0.11809592024564082,0.5291258449153184,0.5,0.06976744186046513,0.06193798449612403,0.3972602739726027,0.07671571743002216,0.15016103836445222,0.7811764705882352,0.5,0.42028985507246375,0.06915384615384615,-0.6725557244174267,-0.3851856742494915,-0.020561850673491654,0.16981132075471697,1.0,-1.7777777777777777,-0.6246472248353717,2.301584592660462,2.99833287011299,0.10010010010010009,-0.023228607039007417,-0.6920336832040729,0.3129,4.83,0.0899
CUST00515,49.0,150825.15,70426.9,697.0,42,38.76,2019-09-05,0,Male,Secondary,Salaried,0,8.75,5.2,6.1,1,2019,9,5,Thursday,1.0,1,False,True,False,False,False,False,True,False,False,Low,0,Low_Missed,1,-0.8132578069361297,-0.5600669096527402,0.5636363636363636,0.0034813895341753304,0.07506646700334427,0.6126680337206651,0.0,0.37209302325581395,0.2927131782945736,0.6712328767123288,0.03721004380031979,0.10869609143579742,0.82,0.0,0.6086956521739131,0.29815384615384616,0.7560157041540018,-0.8792221546473612,-0.3546116636435845,0.4811320754716981,-0.5,-0.3333333333333333,0.4955785512699906,3.6828613817883733,6.2257529665093525,0.025150905432595575,-0.5593101939090683,-2.434972759132577,0.4669,7.0,0.3876
CUST00516,51.0,930749.35,98299.29,619.0,53,25.47,2023-03-18,1,Male,Graduate,Salaried,1,8.75,5.2,6.1,0,2023,3,18,Saturday,2.0,1,False,True,False,False,False,False,False,True,False,High,0,Med_Missed,2,0.7008119065423952,-0.27445971428878313,0.6,0.202637058973346,0.1197075044960741,0.41520467836257313,0.16666666666666666,0.627906976744186,0.18968992248062017,0.6986301369863014,0.22962499344850096,0.15171402708217976,0.7282352941176471,0.16666666666666666,0.7681159420289855,0.19592307692307692,0.8988728470111447,1.5270146150668968,-0.008050666429263238,-0.25471698113207547,0.0,0.8888888888888888,-0.004515522107243688,3.27601201623901,5.046781152378217,0.037778617302606725,-0.006566988033984767,1.212720193847585,0.1056,8.83,0.2547
CUST00517,55.0,249180.63,151348.25,559.0,47,18.64,2017-04-26,1,Male,Secondary,Self-Employed,2,8.75,5.2,6.1,0,2017,4,26,Wednesday,1.0,1,False,True,False,False,False,False,False,True,False,Low,0,High_Missed,1,-0.6223199524335475,0.26913072350915046,0.6727272727272727,0.02859671671906197,0.20467189442856015,0.26330978962557894,0.3333333333333333,0.4883720930232558,0.13674418604651162,0.7534246575342466,0.06147530538833398,0.23358919987459234,0.6576470588235294,0.3333333333333333,0.6811594202898551,0.1433846153846154,1.1845871327254305,-0.575773983044409,0.6515519180201738,-0.8207547169811321,0.5,0.2222222222222222,-0.26152398871119475,2.97756830292632,4.317406628984581,0.05091649694501018,0.6704871496764477,-1.1777804069745106,0.6074,7.83,0.1864
CUST00518,58.0,351815.15,77126.29,585.0,41,11.09,2023-06-21,1,Female,Graduate,Salaried,0,8.75,5.2,6.1,0,2023,6,21,Wednesday,2.0,0,False,True,False,False,False,False,True,False,False,Mid-Low,0,Low_Missed,1,-0.4230751818655796,-0.4914185451404275,0.7272727272727272,0.0548047078779053,0.08579635848980881,0.3291309080782765,0.0,0.34883720930232565,0.07821705426356589,0.7945205479452054,0.08679624811323627,0.11903585519089763,0.6882352941176471,0.0,0.5942028985507246,0.0853076923076923,1.3988728470111447,-0.2591240369778893,-0.27131248193983926,-0.5754716981132075,-0.5,-0.4444444444444444,-0.5456255879586078,2.492378664626701,3.3301651610693423,0.0827129859387924,-0.4060333312248162,-0.43774947450664736,0.2192,6.83,0.1109
CUST00519,39.0,425875.43,134732.58,556.6,48,13.72,2021-07-21,0,Male,Secondary,Salaried,1,8.55,5.0,5.9,0,2021,7,21,Wednesday,1.0,1,False,False,False,True,False,False,True,False,False,Mid-Low,0,Med_Missed,2,-0.27930168833923524,0.09887065941730026,0.38181818181818183,0.07371619266354525,0.17805986914343658,0.25723399407609926,0.16666666666666666,0.5116279069767442,0.0986046511627907,0.5342465753424658,0.10506764557356664,0.20794476024162487,0.6548235294117647,0.16666666666666666,0.6956521739130435,0.10553846153846154,0.04172998986828753,-0.03063187208374525,0.44495524064216324,-0.8433962264150942,0.0,0.3333333333333333,-0.44666039510818445,2.6892071133007303,3.704051835490427,0.06793478260869565,0.49217304293663877,-0.06606517669580063,0.3164,8.0,0.1372
CUST00520,35.0,592912.92,60618.28,703.0,36,17.65,2021-06-21,1,Female,Secondary,Salaried,3,8.75,5.2,6.1,0,2021,6,21,Monday,1.0,0,False,True,False,False,False,False,False,True,False,Mid-High,1,High_Missed,0,0.044968804388740194,-0.6605754217893319,0.3090909090909091,0.1163696494256111,0.05935676384649481,0.6278575225943646,0.5,0.2325581395348837,0.12906976744186044,0.4794520547945205,0.14627743266275886,0.09355757680035286,0.8270588235294117,0.5,0.5217391304347826,0.13576923076923075,-0.24398429584599818,0.48471532493716757,-0.4765705314872224,0.5377358490566038,1.0,-1.0,-0.29877704609595496,2.9258461460898246,4.201190307520001,0.05361930294906166,-0.8167280697298834,0.5197341129140616,0.1022,6.0,0.1765
CUST00521,53.0,183522.92,155660.14,751.0,50,18.57,2016-06-08,0,Female,Graduate,Salaried,0,8.75,5.2,6.1,0,2016,6,8,Wednesday,2.0,0,False,True,False,False,False,True,False,False,False,Low,1,Low_Missed,2,-0.7497815059631804,0.3133144770235745,0.6363636363636364,0.011830849999074397,0.2115779130066056,0.7493734335839599,0.0,0.558139534883721,0.1362015503875969,0.726027397260274,0.045276904359535436,0.24024412277622656,0.8835294117647059,0.0,0.7246376811594203,0.14284615384615384,1.0417299898682875,-0.7783423813800876,0.7051652930582837,0.9905660377358491,-0.5,0.5555555555555556,-0.26415804327375353,2.9739977814079848,4.309292285283049,0.05109862033725089,0.71311440155096,-1.9161692127573475,0.8482,8.33,0.1857
CUST00522,46.0,198491.18,69707.03,542.0,45,10.99,2016-12-06,0,Male,Secondary,Salaried,3,8.55,5.0,5.9,0,2016,12,6,Tuesday,1.0,1,False,False,False,True,False,False,True,False,False,Low,0,High_Missed,1,-0.7207235678591031,-0.5674433869382063,0.509090909090909,0.01565303405316524,0.07391350725859719,0.22027290448343084,0.5,0.4418604651162792,0.07744186046511628,0.6301369863013698,0.048969720910452666,0.1075850521121599,0.6376470588235295,0.5,0.6521739130434783,0.08453846153846153,0.5417299898682876,-0.7321620248907735,-0.36356241616479534,-0.9811320754716981,1.0,0.0,-0.5493885230479775,2.4840729690394228,3.315116890850155,0.08340283569641367,-0.5767672138063455,-1.7189866988430031,0.3512,7.5,0.1099
CUST00523,27.0,565131.13,164556.28,602.0,38,23.7,2025-01-31,1,Male,Graduate,Unemployed,1,9.1,5.6,7.2,0,2025,1,31,Friday,2.0,1,True,False,False,False,True,False,False,False,False,Mid-High,0,Med_Missed,0,-0.008964086557867963,0.40447284539331635,0.16363636363636364,0.10927549721739846,0.2258261679743559,0.3721677932204248,0.16666666666666666,0.2790697674418605,0.175968992248062,0.3698630136986301,0.13942339258554837,0.25397432596372527,0.7082352941176471,0.16666666666666666,0.5507246376811594,0.1823076923076923,-0.8154128672745696,0.39900242536759406,0.8157785253558443,-0.41509433962264153,0.0,-0.7777777777777778,-0.07111947318908753,3.2068032436339315,4.868264577855234,0.04048582995951417,0.796942934396154,0.43907977177087226,0.2912,6.33,0.237
CUST00524,27.0,376646.98,102394.26,621.0,35,30.04,2025-01-24,0,Male,Graduate,Salaried,2,8.55,5.0,5.9,1,2025,1,24,Friday,2.0,1,False,False,False,True,True,False,False,False,False,Mid-Low,0,High_Missed,0,-0.3748690590997424,-0.2324987307922282,0.16363636363636364,0.06114558014094018,0.1262660991950434,0.4202678413204728,0.3333333333333333,0.2093023255813954,0.22511627906976744,0.3698630136986301,0.09292250412519512,0.15803415807682597,0.7305882352941176,0.3333333333333333,0.5072463768115942,0.23107692307692307,-0.8154128672745696,-0.18251240932831325,0.04286555879443411,-0.2358490566037736,0.5,-1.1111111111111112,0.16745061147695203,3.435276695315018,5.4808758424178885,0.03221649484536083,0.05928216324703193,-0.3020865600200837,0.2719,5.83,0.3004
CUST00525,43.0,353840.42,245873.45,714.0,43,43.72,2020-03-14,1,Male,Secondary,Unemployed,1,9.1,5.6,7.2,0,2020,3,14,Saturday,1.0,1,True,False,False,False,False,True,False,False,False,Mid-Low,1,Med_Missed,1,-0.4191435177774328,1.2377264292673262,0.4545454545454545,0.05532186583074873,0.35606554948317826,0.6557049188628135,0.16666666666666666,0.39534883720930236,0.3311627906976744,0.589041095890411,0.08729590208611462,0.3794783385728318,0.84,0.16666666666666666,0.6231884057971014,0.3363076923076923,0.3274442755825732,-0.2528756359889226,1.8268636718340074,0.6415094339622641,0.0,-0.2222222222222222,0.6822201317027282,3.8004208288468435,6.612110101926616,0.022361359570661897,1.3830692034810945,-0.4262016963967713,0.6949,7.17,0.4372
CUST00526,36.0,479762.23,49392.77,608.0,43,76.28,2021-11-06,1,Male,Post-Graduate,Salaried,0,8.55,5.0,5.9,0,2021,11,6,Saturday,3.0,1,False,False,False,True,False,False,True,False,False,Mid-High,0,Low_Missed,1,-0.1746910456174495,-0.7756027455183001,0.32727272727272727,0.08747632695343484,0.04137773826652073,0.38735728209412423,0.0,0.39534883720930236,0.5835658914728682,0.4931506849315068,0.11836204765610442,0.07623224995260776,0.7152941176470589,0.0,0.6231884057971014,0.5867692307692308,-0.17255572441742675,0.1356206939505415,-0.6161467909984927,-0.3584905660377358,-0.5,-0.2222222222222222,1.9074317968015053,4.347435189904263,8.73384222435922,0.012939958592132504,-1.1773398137430136,0.15301258963236913,0.103,7.17,0.7628
CUST00527,38.0,544614.23,40712.64,616.0,40,4.39,2021-03-25,0,Female,Graduate,Self-Employed,0,9.1,5.6,7.2,0,2021,3,25,Thursday,2.0,0,True,False,False,False,False,False,True,False,False,Mid-High,0,Low_Missed,1,-0.04879361986952515,-0.8645476686014854,0.36363636363636365,0.10403645353300384,0.027475449701680435,0.4076099339257233,0.0,0.32558139534883723,0.026279069767441855,0.5205479452054794,0.13436167212548727,0.06283543418825341,0.7247058823529412,0.0,0.5797101449275363,0.03376923076923077,-0.0296985815602839,0.3357033006827202,-0.7240741882812498,-0.2830188679245283,-0.5,-0.5555555555555556,-0.7977422389463783,1.6845453849209058,2.0952326839756963,0.1855287569573284,-1.5275620808062311,0.37596262609153014,0.0748,6.67,0.0439
CUST00528,50.0,412149.3,68204.76,537.0,46,33.39,2020-12-01,1,Other,Graduate,Salaried,2,8.4,4.8,5.4,0,2020,12,1,Tuesday,2.0,2,False,False,True,False,False,True,False,False,False,Mid-Low,0,High_Missed,1,-0.3059482749129933,-0.5828370837607397,0.5818181818181818,0.07021118972997929,0.07150743833540103,0.20761499708868114,0.3333333333333333,0.4651162790697674,0.25108527131782943,0.684931506849315,0.10168127467647897,0.10526646536077292,0.6317647058823529,0.3333333333333333,0.6666666666666666,0.25684615384615384,0.8274442755825733,-0.07297998580028076,-0.38224140958032804,-1.028301886792453,0.5,0.1111111111111111,0.29350893697083735,3.537765824444175,5.778408085277467,0.02907822041291073,-0.6138714442844854,-0.1279861965103635,0.1655,7.67,0.3339
CUST00529,46.0,368472.6,43011.96,689.0,44,20.3,2023-03-09,0,Female,Graduate,Self-Employed,0,9.1,5.6,7.2,0,2023,3,9,Thursday,2.0,0,True,False,False,False,False,False,False,True,False,Mid-Low,0,Low_Missed,1,-0.3907380130115002,-0.8409866343147144,0.509090909090909,0.05905823098425268,0.031158091567978358,0.5924153818890661,0.0,0.4186046511627908,0.14961240310077517,0.6301369863013698,0.09090580440475421,0.06638417901388335,0.8105882352941176,0.0,0.6376811594202898,0.15615384615384617,0.5417299898682876,-0.20773215981895946,-0.6954847981315413,0.4056603773584906,-0.5,-0.1111111111111111,-0.19905926622765757,3.0587070727153796,4.505552130427524,0.046948356807511735,-1.4270093457358266,-0.3453656772526592,0.1167,7.33,0.203
CUST00530,53.0,674876.8,43060.4,637.0,51,3.08,2021-07-10,1,Male,Graduate,Unemployed,0,8.4,4.8,5.4,0,2021,7,10,Saturday,2.0,1,False,False,True,False,False,False,False,True,False,High,0,Low_Missed,2,0.20408558561849074,-0.8404902716940913,0.6363636363636364,0.1372993389918944,0.031235674145437556,0.46077314498367117,0.0,0.5813953488372092,0.01612403100775194,0.726027397260274,0.16649872576171587,0.06645894076925168,0.7494117647058823,0.0,0.7391304347826086,0.023692307692307693,1.0417299898682875,0.7375918247873416,-0.6948825026446791,-0.08490566037735849,-0.5,0.6666666666666666,-0.8470366886171214,1.4060969884160703,1.7549928774784245,0.24509803921568626,-1.4249576074271322,0.7304640425628883,0.0638,8.5,0.0308
CUST00531,38.415780141843975,510222.9,143333.66,598.0,39,15.29,2016-06-09,1,Female,Graduate,Self-Employed,0,8.4,4.8,5.4,0,2016,6,9,Thursday,2.0,0,False,False,True,False,True,False,False,False,False,Mid-High,0,Low_Missed,0,-0.1155576350895239,0.1870055605112154,0.37119600257898133,0.09525453812500212,0.1918355494764819,0.36204146730462505,0.0,0.3023255813953488,0.1107751937984496,0.5262435635869037,0.12587699370380992,0.2212195711182446,0.7035294117647058,0.0,0.5652173913043478,0.11761538461538461,0.0,0.22959852433986921,0.551899742420452,-0.4528301886792453,-0.5,-0.6666666666666666,-0.38758231420508005,2.790551422613954,3.9102429592034302,0.061387354205033766,0.5874331356918728,0.26254091166997473,0.2809,6.5,0.1529
CUST00532,41.0,320132.96,98468.57,629.0,32,40.58,2015-12-14,0,Female,Post-Graduate,Self-Employed,1,8.4,4.8,5.4,0,2015,12,14,Monday,3.0,0,False,False,True,False,False,False,False,True,False,Low,0,Med_Missed,0,-0.4845799336551409,-0.2727251093255484,0.4181818181818181,0.04671457840282425,0.11997862709541955,0.4405204931520721,0.16666666666666666,0.13953488372093026,0.30682170542635656,0.5616438356164384,0.07897994110084441,0.15197529194487078,0.74,0.16666666666666666,0.463768115942029,0.3121538461538461,0.1845871327254304,-0.35687052378144457,-0.00594586502513374,-0.16037735849056603,0.0,-1.4444444444444444,0.5640639698965193,3.727619282429867,6.370243323453194,0.02405002405002405,-0.003783125540618828,-0.6310915968031433,0.3076,5.33,0.4058
CUST00533,46.0,450837.14,74027.46,740.0,41,36.92,2024-10-09,1,Male,Graduate,Self-Employed,0,8.75,5.2,6.1,0,2024,10,9,Wednesday,2.0,1,False,True,False,False,False,False,True,False,False,Mid-High,1,Low_Missed,1,-0.23084342905245575,-0.5231721244068517,0.509090909090909,0.08009023012179625,0.08083320368989408,0.721526037315511,0.0,0.34883720930232565,0.2784496124031008,0.6301369863013698,0.11122594425539048,0.11425315555448043,0.8705882352941177,0.0,0.5942028985507246,0.28400000000000003,0.5417299898682876,0.04638046377779635,-0.30984285608420403,0.8867924528301887,-0.5,-0.4444444444444444,0.4263405456255881,3.6354786773868213,6.076183012385325,0.026371308016877634,-0.47495678790819523,0.039853005837149895,0.1642,6.83,0.3692
CUST00534,38.415780141843975,535836.58,78262.39,570.0,47,27.98,2023-07-06,0,Female,Secondary,Salaried,0,8.55,5.0,5.9,0,2023,7,6,Thursday,1.0,0,False,False,False,True,False,False,True,False,False,Mid-High,0,Low_Missed,1,-0.06583370404759632,-0.4797769767405525,0.37119600257898133,0.10179505781550624,0.08761596142646012,0.29115718589402784,0.0,0.4883720930232558,0.2091472868217054,0.5262435635869037,0.1321961397791652,0.12078929925105376,0.6705882352941176,0.0,0.6811594202898551,0.21523076923076923,0.0,0.3086223302734388,-0.257186389813,-0.7169811320754716,-0.5,0.2222222222222222,0.08993414863593606,3.3666059368925363,5.289612462175278,0.03450655624568668,-0.3815545589347847,0.3479606738258664,0.1461,7.83,0.2798
CUST00535,31.0,1044572.87,68985.9,583.0,58,14.01,2017-04-14,1,Male,Primary,Self-Employed,2,8.75,5.2,6.1,0,2017,4,14,Friday,0.0,1,False,True,False,False,False,True,False,False,False,High,0,High_Missed,3,0.9217779238983347,-0.5748327753901048,0.23636363636363633,0.2317021903329356,0.07275852946992774,0.3240677451203766,0.3333333333333333,0.7441860465116279,0.10085271317829457,0.4246575342465753,0.2577063722152821,0.10647206811858505,0.6858823529411765,0.3333333333333333,0.8405797101449275,0.10776923076923077,-0.5296985815602839,1.8781850737887908,-0.37252883533161835,-0.5943396226415094,0.5,1.4444444444444444,-0.4357478833490123,2.7087166456453704,3.7429934544425802,0.06662225183211193,-0.5944628448730923,1.3725228535183431,0.066,9.67,0.1401
CUST00536,29.0,655505.41,265726.14,750.0,37,63.19,2015-09-13,0,Male,Graduate,Salaried,2,8.75,5.2,6.1,0,2015,9,13,Sunday,2.0,1,False,True,False,False,True,False,False,False,False,High,1,High_Missed,0,0.1664798350763473,1.4411560996805945,0.19999999999999996,0.13235280426016371,0.38786205773458915,0.74684185210501,0.3333333333333333,0.2558139534883721,0.48209302325581394,0.3972602739726027,0.16171961385383396,0.41011875874589837,0.8823529411764706,0.3333333333333333,0.5362318840579711,0.4860769230769231,-0.6725557244174267,0.6778268490390893,2.0737089564969584,0.9811320754716981,0.5,-0.8888888888888888,1.4148635936030103,4.161847435323687,7.94921379760288,0.015578750584203148,1.4925425020750047,0.6839262830837103,0.4054,6.17,0.6319
CUST00537,38.0,812018.52,63493.74,656.0,35,9.8,2017-07-10,0,Male,Primary,Salaried,2,8.75,5.2,6.1,0,2017,7,10,Monday,0.0,1,False,True,False,False,True,False,False,False,False,High,0,High_Missed,0,0.47031931026295243,-0.6311107054165614,0.36363636363636365,0.17231883326408046,0.06396216430439759,0.5088731930837194,0.3333333333333333,0.2093023255813954,0.06821705426356589,0.5205479452054794,0.20033293317375023,0.09799552967176957,0.7717647058823529,0.3333333333333333,0.5072463768115942,0.07538461538461538,-0.0296985815602839,1.1607040314939128,-0.44081750546218856,0.09433962264150944,0.5,-1.1111111111111112,-0.594167450611477,2.379546134130174,3.1304951684997055,0.09259259259259259,-0.7365883673485565,1.0148484847154824,0.0782,5.83,0.098
CUST00538,56.0,326014.23,44654.92,704.0,47,18.85,2021-08-25,0,Male,Secondary,Self-Employed,3,8.55,5.0,5.9,0,2021,8,25,Wednesday,1.0,1,False,False,False,True,False,False,False,True,False,Mid-Low,1,High_Missed,1,-0.4731626026070855,-0.8241512930434719,0.6909090909090908,0.04821637596725745,0.03378949271294854,0.6303891040733145,0.5,0.4883720930232558,0.13837209302325582,0.7671232876712328,0.08043090809342825,0.06891990514105006,0.8282352941176471,0.5,0.6811594202898551,0.14500000000000002,1.2560157041540019,-0.3387255192712405,-0.6750564869611235,0.5471698113207547,1.0,0.2222222222222222,-0.2536218250235183,2.9882040071331994,4.341658669218482,0.05037783375314861,-1.3588562370517463,-0.5932766122329346,0.137,7.83,0.1885
CUST00539,60.0,688090.62,159154.45,682.0,39,21.64,2021-09-16,1,Male,Primary,Salaried,2,8.4,4.8,5.4,1,2021,9,16,Thursday,0.0,1,False,False,True,False,True,False,False,False,False,High,0,High_Missed,0,0.22973762290795646,0.3491205230365726,0.7636363636363636,0.14067352223681576,0.21717447733859224,0.5746943115364167,0.3333333333333333,0.3023255813953488,0.15999999999999998,0.821917808219178,0.16975870475705943,0.24563720183075005,0.8023529411764706,0.3333333333333333,0.5652173913043478,0.16646153846153847,1.5417299898682875,0.7783593500832429,0.7486130045095074,0.33962264150943394,0.5,-0.6666666666666666,-0.14863593603010347,3.119718253334982,4.651881339845203,0.044169611307420496,0.746679718454438,0.7611768148609874,0.2313,6.5,0.2164
CUST00540,29.0,393292.94,86729.26,647.0,48,24.06,2016-12-11,0,Female,Graduate,Salaried,0,9.1,5.6,7.2,0,2016,12,11,Sunday,2.0,0,True,False,False,False,False,False,True,False,False,Mid-Low,0,Low_Missed,2,-0.34255419582485613,-0.3930173198108372,0.19999999999999996,0.06539616924595533,0.10117668804933204,0.4860889597731701,0.0,0.5116279069767442,0.1787596899224806,0.3972602739726027,0.09702922572101896,0.1338569719115714,0.7611764705882353,0.0,0.6956521739130435,0.18507692307692306,-0.6725557244174267,-0.13115598133288395,-0.1519106344693062,0.009433962264150943,-0.5,0.3333333333333333,-0.05757290686735659,3.221272949467922,4.905099387372289,0.03990422984836393,-0.2110419784462522,-0.2177893734124333,0.2205,8.0,0.2406
CUST00541,44.0,411767.31,335462.08,622.0,41,106.89,2017-01-09,0,Other,Secondary,Salaried,0,8.55,5.0,5.9,0,2017,1,9,Monday,1.0,2,False,False,False,True,False,True,False,False,False,Mid-Low,0,Low_Missed,1,-0.3066898335027276,2.1557373121087067,0.47272727272727266,0.07011364759169321,0.4995526846284708,0.42279942279942273,0.0,0.34883720930232565,0.8208527131782946,0.6027397260273972,0.10158703399691535,0.5177484302293981,0.731764705882353,0.0,0.5942028985507246,0.8222307692307692,0.39887284701114467,-0.07415850851269708,2.9407948758629714,-0.22641509433962265,-0.5,-0.4444444444444444,3.0592662276575733,4.681112189563248,10.338762014864255,0.009268699601445917,1.8138309707369678,-0.1297495181411684,0.8147,6.83,1.0689
CUST00542,44.0,267262.75,71989.58,717.0,50,72.1,2017-05-21,0,Male,Graduate,Salaried,2,8.75,5.2,6.1,0,2017,5,21,Sunday,2.0,1,False,True,False,False,True,False,False,False,False,Low,1,High_Missed,2,-0.5872170664768298,-0.5440541941284759,0.47272727272727266,0.03321403300887503,0.07756928992126194,0.6632996632996633,0.3333333333333333,0.558139534883721,0.5511627906976744,0.6027397260273972,0.06593634174203651,0.11110791430695734,0.8435294117647059,0.3333333333333333,0.7246376811594203,0.5546153846153846,0.39887284701114467,-0.51998668728107,-0.3351815416078754,0.6698113207547169,0.5,0.5555555555555556,1.7501411100658513,4.291828366755733,8.491171886141512,0.013679890560875515,-0.5221075414922264,-1.0198864920788917,0.2694,8.33,0.721
CUST00543,42.0,833148.2,163994.88,743.0,47,36.09,2020-02-04,1,Female,Graduate,Salaried,2,9.1,5.6,7.2,0,2020,2,4,Tuesday,2.0,0,True,False,False,False,True,False,False,False,False,High,1,High_Missed,1,0.5113384356388452,0.398720203460661,0.4363636363636363,0.1777143519124766,0.2249270172933982,0.7291207817523606,0.3333333333333333,0.4883720930232558,0.272015503875969,0.5753424657534246,0.20554583246996666,0.25310786746942754,0.8741176470588236,0.3333333333333333,0.6811594202898551,0.27761538461538465,0.2560157041540018,1.2258937165277863,0.8087981643664882,0.9150943396226415,0.5,0.2222222222222222,0.39510818438381956,3.6133473915014993,6.007495318350236,0.02696144513345915,0.7918077346768052,1.0528489319888945,0.1968,7.83,0.3609
CUST00544,42.0,688090.62,188965.25,737.0,40,25.61,2017-09-06,1,Other,Graduate,Self-Employed,0,8.4,4.8,5.4,0,2017,9,6,Wednesday,2.0,2,False,False,True,False,False,True,False,False,False,High,1,Low_Missed,1,0.22973762290795646,0.6545905232610186,0.4363636363636363,0.14067352223681576,0.26492011524363984,0.7139312928786612,0.0,0.32558139534883723,0.1907751937984496,0.5753424657534246,0.16975870475705943,0.2916468578368254,0.8670588235294118,0.0,0.5797101449275363,0.197,0.2560157041540018,0.7783593500832429,1.1192758926133508,0.8584905660377359,-0.5,-0.5555555555555556,0.0007525870178739257,3.281287084989598,5.060632371551998,0.03757985719654265,1.0026653395745253,0.7611768148609874,0.2746,6.67,0.2561
CUST00545,41.0,379709.24,72200.23,555.0,44,25.39,2020-03-30,1,Male,Secondary,Salaried,0,8.75,5.2,6.1,0,2020,3,30,Monday,1.0,1,False,True,False,False,False,False,False,False,True,Mid-Low,0,Low_Missed,1,-0.36892428251658627,-0.5418956725340445,0.4181818181818181,0.06192753618268987,0.07790667162939115,0.2531834637097794,0.0,0.4186046511627908,0.1890697674418605,0.5616438356164384,0.09367799370188686,0.11143302916592387,0.6529411764705882,0.0,0.6376811594202898,0.19530769230769232,0.1845871327254304,-0.17306466734207251,-0.3325623520061514,-0.8584905660377359,-0.5,-0.1111111111111111,-0.007525870178739391,3.2729851505152325,5.038849074937649,0.037893141341417205,-0.5171633538511422,-0.28620183592385384,0.1901,7.33,0.2539
CUST00546,57.0,609781.1,63211.88,754.0,38,42.69,2015-03-02,0,Male,Graduate,Self-Employed,1,9.1,5.6,7.2,0,2015,3,2,Monday,2.0,1,True,False,False,False,False,False,True,False,False,Mid-High,1,Med_Missed,0,0.07771506416565709,-0.6339989128535729,0.7090909090909091,0.12067698298459081,0.06351073108221245,0.7569681780208095,0.16666666666666666,0.2790697674418605,0.3231782945736434,0.7808219178082192,0.1504389781121198,0.0975605100935673,0.8870588235294118,0.16666666666666666,0.5507246376811594,0.3283846153846154,1.3274442755825733,0.5367573502444455,-0.4443221092179063,1.0188679245283019,0.0,-0.7777777777777778,0.6434619002822202,3.7771192429633444,6.5337584895678535,0.022888532845044635,-0.744258484902254,0.5662336875318981,0.1037,6.33,0.4269
CUST00547,50.0,494572.77,154017.25,621.0,49,55.19,2025-10-04,1,Male,Graduate,Salaried,0,8.55,5.0,5.9,0,2025,10,4,Saturday,2.0,1,False,False,False,True,False,False,True,False,False,Mid-High,0,Low_Missed,2,-0.14593928992854757,0.29647985303935587,0.5818181818181818,0.09125823679602674,0.20894662397518665,0.4202678413204728,0.0,0.5348837209302326,0.42007751937984494,0.684931506849315,0.12201595313610156,0.23770850468627855,0.7305882352941176,0.0,0.7101449275362319,0.42453846153846153,0.8274442755825733,0.18131444973773708,0.6847378522570664,-0.2358490566037736,-0.5,0.4444444444444444,1.1138287864534338,4.028738805124107,7.4289972405433025,0.01779676098949991,0.697034005986771,0.20741587501497566,0.3114,8.17,0.5519
CUST00548,26.0,634069.59,139376.63,590.0,46,9.58,2025-04-01,0,Male,Graduate,Salaried,2,8.4,4.8,5.4,0,2025,4,1,Tuesday,2.0,1,False,False,True,False,False,False,False,True,False,Mid-High,0,High_Missed,1,0.12486639899425454,0.14645804233028298,0.14545454545454545,0.12687911196791585,0.18549788253834504,0.341788815473026,0.3333333333333333,0.4651162790697674,0.06651162790697675,0.3561643835616438,0.1564311868169918,0.2151123351800705,0.6941176470588235,0.3333333333333333,0.6666666666666666,0.0736923076923077,-0.886841438703141,0.6116926551354042,0.5026986418758994,-0.5283018867924528,0.5,0.1111111111111111,-0.6024459078080904,2.3589654264301534,3.095157508108432,0.0945179584120983,0.5444437296550309,0.6301928730816664,0.2198,7.67,0.0958
CUST00549,47.0,225899.71,42346.2,636.0,41,76.76,2018-11-22,1,Female,Graduate,Salaried,3,9.1,5.6,7.2,0,2018,11,22,Thursday,2.0,0,True,False,False,False,False,False,False,True,False,Low,0,High_Missed,1,-0.6675152879211712,-0.8478086487306116,0.5272727272727272,0.022651873351258046,0.03009179559834102,0.4582415635047212,0.5,0.34883720930232565,0.5872868217054263,0.6438356164383562,0.05573167408472353,0.06535665246033212,0.7482352941176471,0.5,0.5942028985507246,0.5904615384615385,0.613158561296859,-0.647600714073881,-0.703762755260636,-0.09433962264150944,1.0,-0.4444444444444444,1.9254938852304802,4.353627160152183,8.761278445523804,0.012860082304526748,-1.455479302110621,-1.4057182351433324,0.1875,6.83,0.7676
CUST00550,48.0,411337.56,50158.27,716.0,36,34.82,2024-03-30,1,Male,Secondary,Self-Employed,0,8.4,4.8,5.4,0,2024,3,30,Saturday,1.0,1,False,False,True,False,False,True,False,False,False,Mid-Low,1,Low_Missed,0,-0.307524108755845,-0.7677586995627467,0.5454545454545454,0.07000390981340464,0.04260378003045574,0.6607680818207133,0.0,0.2325581395348837,0.2621705426356589,0.6575342465753424,0.10148101045692094,0.07741371410897561,0.8423529411764706,0.0,0.5217391304347826,0.26784615384615384,0.6845871327254304,-0.07548438127287646,-0.6066286820969037,0.660377358490566,-0.5,-1.0,0.34731890874882415,3.578506396632566,5.900847396772772,0.027917364600781685,-1.1498874505777699,-0.13173597451640306,0.1219,6.0,0.3482
CUST00551,41.0,200815.26,23557.8763,693.0,48,16.46,2021-02-25,0,Male,Post-Graduate,Salaried,0,9.1,5.6,7.2,1,2021,2,25,Thursday,3.0,1,True,False,False,False,False,False,True,False,False,Low,0,Low_Missed,2,-0.7162118228206734,-1.0403318029182202,0.4181818181818181,0.016246493915329015,0.0,0.6025417078048656,0.0,0.5116279069767442,0.11984496124031009,0.5616438356164384,0.049543094241063956,0.036358963355450906,0.8152941176470588,0.0,0.6956521739130435,0.12661538461538463,0.1845871327254304,-0.7249917296854734,-0.9373738735557469,0.44339622641509435,-0.5,0.3333333333333333,-0.3435559736594544,2.859912550411456,4.057092555020159,0.0572737686139748,-2.573538266726492,-1.6901870859017059,0.1173,8.0,0.1646
CUST00552,38.415780141843975,604296.98,141101.13,630.0,40,23.0,2015-05-12,0,Male,Primary,Salaried,0,9.1,5.6,7.2,0,2015,5,12,Tuesday,0.0,1,True,False,False,False,False,False,True,False,False,Mid-High,0,Low_Missed,1,0.06706872187100608,0.1641289205149361,0.37119600257898133,0.11927659870380464,0.18825987995429005,0.44305207463102203,0.0,0.32558139534883723,0.1705426356589147,0.5262435635869037,0.14908599191978905,0.21777390923318135,0.7411764705882353,0.0,0.5797101449275363,0.17692307692307693,0.0,0.5198376403629912,0.5241408088266379,-0.1509433962264151,-0.5,-0.5555555555555556,-0.09746001881467546,3.1780538303479458,4.795831523312719,0.041666666666666664,0.5633483063146628,0.5513102501727312,0.2335,6.67,0.23
CUST00553,40.0,323120.69,84364.64,850.0,48,36.17,2018-04-10,0,Male,Graduate,Salaried,2,9.1,5.6,7.2,0,2018,4,10,Tuesday,2.0,1,True,False,False,False,True,False,False,False,False,Low,1,High_Missed,2,-0.4787798424346721,-0.4172474804214457,0.4,0.04747750301556673,0.09738946025594732,1.0,0.3333333333333333,0.5116279069767442,0.2726356589147287,0.547945205479452,0.07971704339554479,0.13020744379474508,1.0,0.3333333333333333,0.6956521739130435,0.2782307692307692,0.11315856129685896,-0.34765272314905193,-0.18131195474478048,1.9245283018867925,0.5,0.3333333333333333,0.39811853245531525,3.615501984309161,6.014149981501958,0.026903416733925208,-0.2566785957655779,-0.6117640325967514,0.2611,8.0,0.3617
CUST00554,40.0,137191.4937,89564.09,648.8,50,37.43,2015-08-28,0,Female,Graduate,Self-Employed,1,9.1,5.6,7.2,0,2015,8,28,Friday,2.0,0,True,False,False,False,False,False,False,True,False,Low,0,Med_Missed,2,-0.8397248739764982,-0.363968937320724,0.4,0.0,0.10571701459884987,0.4906458064352799,0.16666666666666666,0.558139534883721,0.28240310077519376,0.547945205479452,0.03384648707200554,0.13823221689445353,0.7632941176470588,0.16666666666666666,0.7246376811594203,0.28792307692307695,0.11315856129685896,-0.9212849667702656,-0.11666279559603143,0.026415094339622212,0.0,0.5555555555555556,0.4455315145813735,3.6488384045767526,6.118006211176971,0.026021337496747333,-0.15817131758187702,-2.699026891946865,0.6528,8.33,0.3743
CUST00555,39.0,257596.62,35779.61,604.0,47,11.15,2023-02-20,0,Male,Secondary,Salaried,0,8.75,5.2,6.1,0,2023,2,20,Monday,1.0,1,False,True,False,False,True,False,False,False,False,Low,0,Low_Missed,1,-0.6059819601415555,-0.9150962172887799,0.38181818181818183,0.030745761616557607,0.01957459953480343,0.3772309561783245,0.0,0.4883720930232558,0.07868217054263565,0.5342465753424658,0.06355161266548937,0.05522185074307079,0.7105882352941176,0.0,0.6811594202898551,0.08576923076923078,0.04172998986828753,-0.5498088128502446,-0.785410722252257,-0.39622641509433965,-0.5,0.2222222222222222,-0.543367826904986,2.4973291697865574,3.3391615714128,0.0823045267489712,-1.7671186709417532,-1.102412603493292,0.1389,7.83,0.1115
CUST00556,18.0,429113.19,51079.5,593.0,52,24.64,2023-12-31,1,Male,Graduate,Self-Employed,0,9.1,5.6,7.2,0,2023,12,31,Sunday,2.0,1,True,False,False,False,True,False,False,False,False,Mid-Low,0,Low_Missed,2,-0.2730162129616123,-0.7583188949178941,0.0,0.07454296308595729,0.04407924241346013,0.3493835599098756,0.0,0.6046511627906976,0.1832558139534884,0.2465753424657534,0.105866432721565,0.078835530209264,0.6976470588235294,0.0,0.7536231884057971,0.18953846153846154,-1.4582700101317125,-0.020642674205912946,-0.595174250400743,-0.5,-0.5,0.7777777777777778,-0.03574788334901221,3.2441536320524693,4.963869458396343,0.0390015600624025,-1.1174790376662735,-0.051854644945769704,0.119,8.67,0.2464
CUST00557,37.0,456773.13,74103.99,683.0,47,29.96,2022-02-03,1,Male,Primary,Self-Employed,1,9.1,5.6,7.2,0,2022,2,3,Thursday,0.0,1,True,False,False,False,True,False,False,False,False,Mid-High,0,Med_Missed,1,-0.21931986986745883,-0.522387924750446,0.34545454545454546,0.08160600058030264,0.08095577583384436,0.5772258930153666,0.16666666666666666,0.4883720930232558,0.22449612403100777,0.5068493150684932,0.11269041120866889,0.11437127110234042,0.8035294117647059,0.16666666666666666,0.6811594202898551,0.23046153846153847,-0.10112715298885533,0.06469429145830187,-0.3088912938709596,0.3490566037735849,0.0,0.2222222222222222,0.1644402634054563,3.4326960487215263,5.473572873361603,0.03229974160206718,-0.47321512926146647,0.06386918373989889,0.1622,7.83,0.2996
CUST00558,31.0,1026714.09,65946.87,643.0,50,55.77,2015-01-29,0,Male,Graduate,Self-Employed,1,9.1,5.6,7.2,0,2015,1,29,Thursday,2.0,1,True,False,False,False,True,False,False,False,False,High,0,Med_Missed,2,0.8871086087037605,-0.6059735865988647,0.23636363636363633,0.22714190449199506,0.06789115167521653,0.4759626338573706,0.16666666666666666,0.558139534883721,0.42457364341085274,0.4246575342465753,0.2533004360301016,0.10178166313474887,0.7564705882352941,0.16666666666666666,0.7246376811594203,0.42900000000000005,-0.5296985815602839,1.823086830782307,-0.4103156655016984,-0.02830188679245283,0.0,0.5555555555555556,1.1356538099717783,4.039008017182635,7.467931440499437,0.017614937466971993,-0.6714345516877758,1.3490611603429146,0.0642,8.33,0.5577
CUST00559,25.0,592065.9,105947.78,540.0,54,59.88,2017-09-17,1,Male,Graduate,Salaried,1,8.75,5.2,6.1,0,2017,9,17,Sunday,2.0,1,False,True,False,False,True,False,False,False,False,Mid-High,0,Med_Missed,2,0.04332448135233408,-0.19608596242648238,0.12727272727272726,0.1161533606694366,0.1319574955751588,0.21520974152553096,0.16666666666666666,0.6511627906976745,0.4564341085271318,0.3424657534246575,0.14606846452117409,0.16351862118451543,0.6352941176470588,0.16666666666666666,0.782608695652174,0.46061538461538465,-0.9582700101317124,0.48210208294687745,0.08704947825096569,-1.0,0.0,1.0,1.2903104421448734,4.1089047135534305,7.738216848861241,0.0164257555847569,0.11402785281530649,0.5173517152575,0.1789,9.0,0.5988
CUST00560,54.0,460821.08,140095.68,718.0,37,8.56,2020-05-22,0,Male,Secondary,Salaried,1,8.4,4.8,5.4,0,2020,5,22,Friday,1.0,1,False,False,True,False,False,False,False,True,False,Mid-High,1,Med_Missed,0,-0.21146156966767607,0.1538261171106104,0.6545454545454545,0.08263965512276496,0.18664952895292042,0.6658312447786132,0.16666666666666666,0.2558139534883721,0.058604651162790705,0.7397260273972602,0.11368908017602285,0.2162221089248599,0.8447058823529412,0.16666666666666666,0.5362318840579711,0.06584615384615385,1.1131585612968589,0.07718310271965888,0.5116391986436166,0.6792452830188679,0.0,-0.8888888888888888,-0.6408278457196614,2.25758772706331,2.925747767665559,0.10460251046025104,0.5523585648547806,0.08000397117302467,0.304,6.17,0.0856
CUST00561,44.0,3623416.79,385296.15,612.0,49,26.59,2016-08-30,1,Male,Primary,Salaried,1,8.4,4.8,5.4,0,2016,8,30,Tuesday,0.0,1,False,False,True,False,True,False,False,False,False,High,0,Med_Missed,2,5.928097095761749,2.666384908754388,0.47272727272727266,0.8902166809292462,0.5793680354930836,0.3974836080099238,0.16666666666666666,0.5348837209302326,0.1983720930232558,0.6027397260273972,0.8939324606188964,0.5946617776767219,0.72,0.16666666666666666,0.7101449275362319,0.20453846153846153,0.39887284701114467,9.834482703299525,3.5604240140333365,-0.32075471698113206,0.0,0.4444444444444444,0.03762935089369709,3.3174533882291946,5.156549233741495,0.03624501631025734,1.999727620746645,2.729822098909397,0.1063,8.17,0.2659
CUST00562,38.0,768419.96,97537.26,777.0,38,15.75,2016-03-26,0,Male,Graduate,Salaried,0,8.75,5.2,6.1,0,2016,3,26,Saturday,2.0,1,False,True,False,False,False,False,False,False,True,High,1,Low_Missed,0,0.3856812656333892,-0.2822682033018601,0.36363636363636365,0.1611858277702339,0.11848702036103635,0.8151945520366572,0.0,0.2790697674418605,0.11434108527131782,0.5205479452054794,0.18957674080642373,0.15053791848508377,0.9141176470588235,0.0,0.5507246376811594,0.12115384615384615,-0.0296985815602839,1.0261929364687894,-0.017525629886190643,1.2358490566037736,-0.5,-0.7777777777777778,-0.37027281279397933,2.8183982582710754,3.968626966596886,0.05970149253731343,-0.01916709714839971,0.9320024509156691,0.1269,6.33,0.1575
CUST00563,32.0,329372.55,192767.79,538.0,41,35.58,2018-07-01,1,Female,Secondary,Self-Employed,1,8.75,5.2,6.1,0,2018,7,1,Sunday,1.0,0,False,True,False,False,False,False,True,False,False,Mid-Low,0,Med_Missed,1,-0.46664308365874513,0.693554988979935,0.2545454545454545,0.04907393169868744,0.2710103475741865,0.21014657856763108,0.16666666666666666,0.34883720930232565,0.26806201550387593,0.4383561643835616,0.08125943857588089,0.29751565563323956,0.6329411764705882,0.16666666666666666,0.5942028985507246,0.2736923076923077,-0.4582700101317125,-0.3283643674202442,1.1665560883320296,-1.0188679245283019,0.0,-0.4444444444444444,0.37591721542803386,3.5995016429627196,5.964897316802696,0.02733734281027884,1.031962306643193,-0.5720980942377311,0.5853,6.83,0.3558
CUST00564,41.0,412444.98,59994.99,636.0,45,103.37,2021-10-19,1,Female,Post-Graduate,Salaried,1,8.4,4.8,5.4,0,2021,10,19,Tuesday,3.0,0,False,False,True,False,False,False,False,True,False,Mid-Low,0,Med_Missed,1,-0.30537427024320446,-0.6669622479207975,0.4181818181818181,0.07028669238567298,0.058358488770017924,0.4582415635047212,0.16666666666666666,0.4418604651162792,0.7935658914728683,0.5616438356164384,0.10175422183251281,0.09259559797080025,0.7482352941176471,0.16666666666666666,0.6521739130434783,0.7951538461538462,0.1845871327254304,-0.0720677483186523,-0.48432042318842616,-0.09433962264150944,0.0,0.0,2.9268109125117596,4.647942277831961,10.167103815738285,0.009581297307655456,-0.8346733250748236,-0.12662282345319412,0.1455,7.5,1.0337
CUST00565,49.0,256624.94,36135.54,594.0,38,51.37,2016-01-07,0,Female,Graduate,Salaried,1,9.1,5.6,7.2,0,2016,1,7,Thursday,2.0,0,True,False,False,False,False,False,False,False,True,Low,0,Med_Missed,0,-0.6078682860937349,-0.9114490177107784,0.5636363636363636,0.030497640605720064,0.0201446649104238,0.3519151413888255,0.16666666666666666,0.2790697674418605,0.3904651162790697,0.6712328767123288,0.06331188967923744,0.05577118913258876,0.6988235294117647,0.16666666666666666,0.5507246376811594,0.39515384615384613,0.7560157041540018,-0.5528066582105962,-0.7809851435437756,-0.49056603773584906,0.0,-0.7777777777777778,0.9700846660395109,3.9583339082913964,7.167286794875729,0.019094901661256446,-1.7486010639314928,-1.1109417722509514,0.1408,6.33,0.5137
CUST00566,29.0,899372.9,79907.02,572.0,42,37.85,2026-06-23,1,Female,Graduate,Salaried,3,8.75,5.2,6.1,0,2026,6,23,Tuesday,2.0,0,False,True,False,False,False,False,False,True,False,High,0,High_Missed,1,0.6399006889375649,-0.46292452305030823,0.19999999999999996,0.1946250010010781,0.0902500372804385,0.2962203488519277,0.5,0.37209302325581395,0.28565891472868216,0.3972602739726027,0.2218841154928116,0.12332760283758186,0.6729411764705883,0.5,0.6086956521739131,0.29115384615384615,-0.6725557244174267,1.4302114030456505,-0.2367373141202234,-0.6981132075471698,1.0,-0.3333333333333333,0.4613358419567264,3.6597080768136565,6.15223536610881,0.02574002574002574,-0.34682998023195666,1.1639166316292378,0.0888,7.0,0.3785
CUST00567,38.0,538342.08,37849.27,611.0,41,45.53,2020-04-10,0,Female,Secondary,Salaried,1,8.55,5.0,5.9,0,2020,4,10,Friday,1.0,0,False,False,False,True,False,True,False,False,False,Mid-High,0,Med_Missed,1,-0.06096976769696065,-0.8938884992582499,0.36363636363636365,0.10243484374570286,0.02288941285569924,0.39495202653097383,0.16666666666666666,0.34883720930232565,0.3451937984496124,0.5205479452054794,0.13281427120314657,0.05841614088790198,0.7188235294117648,0.16666666666666666,0.5942028985507246,0.35023076923076923,-0.0296985815602839,0.31635234586536315,-0.7596768891114826,-0.330188679245283,0.0,-0.4444444444444444,0.75032925682032,3.8400972658565573,6.747592163134936,0.02149151085321298,-1.6622725155040532,0.35601700480115844,0.0703,6.83,0.4553
CUST00568,48.0,310592.91,99588.69,792.0,32,68.69,2016-12-23,0,Male,Graduate,Salaried,1,8.4,4.8,5.4,0,2016,12,23,Friday,2.0,1,False,False,True,False,False,False,False,True,False,Low,1,Med_Missed,0,-0.5031000677528787,-0.2612472873063002,0.5454545454545454,0.04427850186585673,0.12177263610994453,0.8531682742209057,0.16666666666666666,0.13953488372093026,0.5247286821705426,0.6575342465753424,0.07662631719689178,0.1537040726513773,0.9317647058823529,0.16666666666666666,0.463768115942029,0.5283846153846153,0.6845871327254304,-0.38630366496992496,0.00798153424703861,1.3773584905660377,0.0,-1.4444444444444444,1.6218250235183445,4.244056835450428,8.287943049997388,0.014349261013057828,0.014500678246745233,-0.6944901206554925,0.3206,5.33,0.6869
CUST00569,18.0,417806.0,61804.26,661.0,47,48.26,2015-03-26,1,Male,Post-Graduate,Self-Employed,2,9.1,5.6,7.2,0,2015,3,26,Thursday,3.0,1,True,False,False,False,False,True,False,False,False,Mid-Low,0,High_Missed,1,-0.29496690243059825,-0.6484227351500539,0.0,0.07165564276184644,0.06125625569651656,0.5215311004784688,0.3333333333333333,0.4883720930232558,0.3663565891472868,0.2465753424657534,0.1030768380474769,0.0953880050958057,0.7776470588235294,0.3333333333333333,0.6811594202898551,0.3712307692307692,-1.4582700101317125,-0.0555278288660009,-0.4618242391356787,0.14150943396226415,0.5,0.2222222222222222,0.853057384760113,3.897112392692392,6.9469417731833625,0.020300446609825416,-0.7831581765955256,-0.1021320632729643,0.1479,7.83,0.4826
CUST00570,37.0,570817.82,30559.69,587.0,38,10.01,2025-12-30,1,Male,Primary,Salaried,0,8.4,4.8,5.4,0,2025,12,30,Tuesday,0.0,1,False,False,True,False,False,True,False,False,False,Mid-High,0,Low_Missed,0,0.00207550562165552,-0.9685845156092406,0.34545454545454546,0.11072760827363062,0.01121425998627349,0.33419407103617615,0.0,0.2790697674418605,0.06984496124031007,0.5068493150684932,0.14082635478368866,0.04716548447382497,0.6905882352941176,0.0,0.5507246376811594,0.077,-0.10112715298885533,0.4165471080123514,-0.8503144022229728,-0.5566037735849056,-0.5,-0.7777777777777778,-0.5862652869238006,2.3988039507345884,3.163858403911275,0.09082652134423251,-2.0657163300123886,0.45602330726240936,0.0535,6.33,0.1001
CUST00571,33.0,390288.13,279739.78,504.0,52,80.61,2021-11-01,1,Male,Secondary,Unemployed,1,8.4,4.8,5.4,0,2021,11,1,Monday,1.0,1,False,False,True,False,False,True,False,False,False,Mid-Low,0,Med_Missed,2,-0.34838744451204573,1.5847532729850786,0.2727272727272727,0.0646288832108669,0.41030661410918134,0.12407280828333445,0.16666666666666666,0.6046511627906976,0.6171317829457365,0.4520547945205479,0.0962879096227977,0.4317472543177374,0.5929411764705882,0.16666666666666666,0.7536231884057971,0.6200769230769231,-0.386841438703141,-0.1404264775016207,2.2479523942862008,-1.3396226415094339,0.0,0.7777777777777778,2.0703668861712137,4.401951803481151,8.978307190111062,0.012253400318588408,1.564328131413073,-0.23264250319019236,0.7168,8.67,0.8061
CUST00572,37.0,338664.32,71500.73,512.0,59,28.58,2024-12-12,1,Female,Secondary,Self-Employed,1,9.1,5.6,7.2,0,2024,12,12,Thursday,1.0,0,True,False,False,False,False,False,False,False,True,Mid-Low,0,Med_Missed,3,-0.4486049364367351,-0.5490634192955202,0.34545454545454546,0.05144660929302905,0.07678633692805537,0.14432546011493375,0.16666666666666666,0.7674418604651163,0.21379844961240307,0.5068493150684932,0.08355180936869958,0.11035342867293979,0.6023529411764705,0.16666666666666666,0.855072463768116,0.21984615384615383,-0.10112715298885533,-0.29969722434438134,-0.341259827089968,-1.2641509433962264,0.0,1.5555555555555556,0.11251175917215424,3.3870984572826535,5.346026561849464,0.03380662609871535,-0.5336454570121452,-0.515003871056403,0.2111,9.83,0.2858
CUST00573,32.0,318973.45,36953.97,607.0,39,34.57,2023-12-05,0,Male,Secondary,Salaried,2,8.55,5.0,5.9,0,2023,12,5,Tuesday,1.0,1,False,False,False,True,False,True,False,False,False,Low,0,High_Missed,0,-0.4868308946760651,-0.9030626002954896,0.2545454545454545,0.04641849451381118,0.021455480535319073,0.3848257006151743,0.3333333333333333,0.3023255813953488,0.2602325581395349,0.4383561643835616,0.07869387861135305,0.05703434486021272,0.7141176470588235,0.3333333333333333,0.5652173913043478,0.26592307692307693,-0.4582700101317125,-0.3604478657806432,-0.7708089111880243,-0.36792452830188677,0.5,-0.6666666666666666,0.33791157102539987,3.571502585960364,5.87962583843564,0.028113578858588697,-1.7068016125823078,-0.6386588019938395,0.1159,6.5,0.3457
CUST00574,40.0,524122.62,169211.23,599.0,58,59.83,2026-05-01,0,Female,Graduate,Salaried,0,8.4,4.8,5.4,0,2026,5,1,Friday,2.0,0,False,False,True,False,False,False,True,False,False,Mid-High,0,Low_Missed,3,-0.08857405761131296,0.4521719201428967,0.4,0.09880386771577135,0.23328163905081484,0.364573048783575,0.0,0.7441860465116279,0.45604651162790694,0.547945205479452,0.1293061909564709,0.26115872384051764,0.7047058823529412,0.0,0.8405797101449275,0.4602307692307692,0.11315856129685896,0.2724822011801732,0.8736574555079701,-0.44339622641509435,-0.5,1.4444444444444444,1.2884289746001882,4.108083088332614,7.734985455707076,0.01643925694558606,0.8387650846979423,0.3096020063324179,0.3228,9.67,0.5983
CUST00575,59.0,369894.41,63756.82,632.0,51,100.1,2025-03-24,0,Female,Graduate,Salaried,1,8.4,4.8,5.4,0,2025,3,24,Monday,2.0,0,False,False,True,False,True,False,False,False,False,Mid-Low,0,Med_Missed,2,-0.38797784803736435,-0.6284149358411375,0.7454545454545455,0.059421293859292734,0.06438351906240676,0.4481152375889217,0.16666666666666666,0.5813953488372092,0.7682170542635658,0.8082191780821918,0.09125657887688789,0.09840156440757265,0.7435294117647059,0.16666666666666666,0.7391304347826086,0.7699999999999999,1.470301418439716,-0.2033455649401912,-0.43754640932916433,-0.1320754716981132,0.0,0.6666666666666666,2.80376293508937,4.616110126026426,10.00499875062461,0.009891196834817014,-0.7294643712105756,-0.3377443989287401,0.1724,8.5,1.001
CUST00576,34.0,352611.14,189870.9,468.0,50,18.79,2023-10-22,0,Male,Graduate,Salaried,0,9.1,5.6,7.2,0,2023,10,22,Sunday,2.0,1,True,False,False,False,True,False,False,False,False,Mid-Low,0,Low_Missed,2,-0.4215299235555646,0.6638706803082387,0.2909090909090909,0.05500796599108716,0.26637062435338216,0.03293587504113815,0.0,0.558139534883721,0.13790697674418606,0.4657534246575342,0.08699262665331806,0.2930446279389999,0.5505882352941176,0.0,0.7246376811594203,0.14453846153846153,-0.31541286727456963,-0.25666823370069286,1.130536604993134,-1.679245283018868,-0.5,0.5555555555555556,-0.25587958607714023,2.9851767596144745,4.334743360338648,0.05053057099545225,1.0097038068548414,-0.43320007820452805,0.5385,8.33,0.1879
CUST00577,41.0,226832.95,63574.22,643.0,50,57.63,2024-10-13,0,Female,Secondary,Salaried,0,9.1,5.6,7.2,0,2024,10,13,Sunday,1.0,0,True,False,False,False,False,False,False,True,False,Low,0,Low_Missed,2,-0.6657035856821502,-0.6302860302780859,0.4181818181818181,0.022890178608291248,0.06409106285588223,0.4759626338573706,0.0,0.558139534883721,0.4389922480620155,0.5616438356164384,0.055961913545955366,0.09811974160554421,0.7564705882352941,0.0,0.7246376811594203,0.44330769230769235,0.1845871327254304,-0.6447214645224909,-0.439816829558335,-0.02830188679245283,-0.5,0.5555555555555556,1.205644402634055,4.071246510976124,7.591442550661896,0.017056114617090227,-0.7344054529574057,-1.3959733581634923,0.2803,8.33,0.5763
CUST00578,60.0,459925.73,71357.76,732.0,55,17.88,2024-11-06,0,Male,Secondary,Self-Employed,1,8.75,5.2,6.1,0,2024,11,6,Wednesday,1.0,1,False,True,False,False,False,False,False,True,False,Mid-High,1,Med_Missed,3,-0.21319971591055845,-0.5505284268072974,0.7636363636363636,0.08241102517560808,0.07655735300775518,0.7012733854839117,0.16666666666666666,0.6744186046511629,0.13085271317829456,0.821917808219178,0.11346818854941669,0.1101327703706068,0.8611764705882353,0.16666666666666666,0.7971014492753623,0.13753846153846153,1.5417299898682875,0.07442075210691504,-0.34303749401310346,0.8113207547169812,0.0,1.1111111111111112,-0.29012229539040457,2.9381031607173544,4.228474902373195,0.05296610169491526,-0.5370369246202564,0.07645186465958204,0.1552,9.17,0.1788
CUST00579,32.0,404088.13,121406.42,780.0,35,32.54,2017-12-05,1,Female,Secondary,Self-Employed,2,8.4,4.8,5.4,0,2017,12,5,Tuesday,1.0,0,False,False,True,False,False,False,True,False,False,Mid-Low,1,High_Missed,0,-0.3215974538360241,-0.037681935554689835,0.2545454545454545,0.06815274904072646,0.15671639597180986,0.8227892964735068,0.3333333333333333,0.2093023255813954,0.24449612403100773,0.4383561643835616,0.09969250497340343,0.1873773136289234,0.9176470588235294,0.3333333333333333,0.5072463768115942,0.2503076923076923,-0.4582700101317125,-0.09785045867561588,0.2792598231111372,1.2641509433962264,0.5,-1.1111111111111112,0.26152398871119475,3.5127387563950627,5.7043842787806645,0.02981514609421586,0.3299205752139946,-0.16567777607226156,0.3004,5.83,0.3254
CUST00580,58.0,376689.24,140917.74,498.0,36,7.19,2021-11-01,1,Male,Post-Graduate,Salaried,1,8.4,4.8,5.4,0,2021,11,1,Monday,3.0,1,False,False,True,False,True,False,False,False,False,Mid-Low,0,Med_Missed,0,-0.3747870196065562,0.1622497309815735,0.7272727272727272,0.06115637134166263,0.18796615846625864,0.10888331940963525,0.16666666666666666,0.2325581395348837,0.04798449612403101,0.7945205479452054,0.09293293008168182,0.21749086715396998,0.5858823529411765,0.16666666666666666,0.5217391304347826,0.05530769230769231,1.3988728470111447,-0.18238202798370548,0.5218605658593453,-1.3962264150943395,0.0,-1.0,-0.6923800564440264,2.102913897864978,2.6814175355583845,0.12210012210012208,0.5613505162720295,-0.30186614966845543,0.3741,6.0,0.0719
CUST00581,38.0,488641.97,156543.66,586.0,52,17.96,2026-05-01,1,Male,Graduate,Salaried,3,8.55,5.0,5.9,0,2026,5,1,Friday,2.0,1,False,False,False,True,False,False,True,False,False,Mid-High,0,High_Missed,2,-0.157452773747486,0.3223678689016287,0.36363636363636365,0.08974379161749549,0.21299297821793395,0.33166248955722644,0.5,0.6046511627906976,0.13147286821705428,0.5205479452054794,0.12055276660672672,0.24160773768339064,0.6894117647058824,0.5,0.7536231884057971,0.13815384615384615,-0.0296985815602839,0.1630166343425725,0.7161508444321986,-0.5660377358490566,1.0,0.7777777777777778,-0.28711194731890877,2.942331496826876,4.237924020083418,0.05274261603375527,0.7216820864013924,0.18590040802653338,0.3204,8.67,0.1796
CUST00582,58.0,643065.03,93541.02,582.0,39,31.36,2024-12-19,0,Male,Secondary,Salaried,1,8.4,4.8,5.4,0,2024,12,19,Thursday,1.0,1,False,False,True,False,False,False,False,True,False,Mid-High,0,Med_Missed,0,0.14232927969908887,-0.32321750468581956,0.7272727272727272,0.12917612092737615,0.11208655381798259,0.3215361636414267,0.16666666666666666,0.3023255813953488,0.23534883720930233,0.7945205479452054,0.15865045009240145,0.14437016627052668,0.6847058823529412,0.16666666666666666,0.5652173913043478,0.24123076923076922,1.3988728470111447,0.6394455553374476,-0.06721426152157448,-0.6037735849056604,0.0,-0.6666666666666666,0.21712135465663218,3.4769230921902907,5.6,0.030902348578491966,-0.08714249647427409,0.6530390244928903,0.1455,6.5,0.3136
CUST00583,46.0,628306.09,135560.06,662.0,43,39.31,2016-03-17,0,Male,Graduate,Unemployed,1,8.4,4.8,5.4,0,2016,3,17,Thursday,2.0,1,False,False,True,False,True,False,False,False,False,Mid-High,0,Med_Missed,1,0.11367769527967114,0.10734981179783779,0.509090909090909,0.12540738727875675,0.1793851794488852,0.5240626819574188,0.16666666666666666,0.39534883720930236,0.2969767441860465,0.6301369863013698,0.15500927483849788,0.20922188363824312,0.7788235294117647,0.16666666666666666,0.6231884057971014,0.3023846153846154,0.5417299898682876,0.5939109968380362,0.4552439993017152,0.1509433962264151,0.0,-0.2222222222222222,0.5162746942615242,3.6965995771290743,6.2697687357668945,0.024807740014884644,0.501636222575709,0.6153214671917864,0.2158,7.17,0.3931
CUST00584,41.0,583245.95,154411.62,552.0,48,37.75,2016-04-13,1,Male,Primary,Salaried,2,8.55,5.0,5.9,0,2016,4,13,Wednesday,0.0,1,False,False,False,True,True,False,False,False,False,Mid-High,0,High_Missed,2,0.0262022800289298,0.3005209456631202,0.4181818181818181,0.11390116353711269,0.20957825570666022,0.2455887192729298,0.3333333333333333,0.5116279069767442,0.28488372093023256,0.5616438356164384,0.14389249634997298,0.23831717094277338,0.6494117647058824,0.3333333333333333,0.6956521739130435,0.2903846153846154,0.1845871327254304,0.454890607784238,0.6896413879951717,-0.8867924528301887,0.5,0.3333333333333333,0.45757290686735663,3.657130755799356,6.144102863722254,0.025806451612903226,0.7009118907283566,0.4922646723656664,0.2647,8.0,0.3775
CUST00585,37.0,392254.0,111339.74,785.0,47,52.71,2017-04-19,1,Female,Secondary,Self-Employed,1,8.4,4.8,5.4,0,2017,4,19,Wednesday,1.0,0,False,False,True,False,False,False,True,False,False,Mid-Low,1,Med_Missed,1,-0.34457109386202617,-0.14083477754012552,0.34545454545454546,0.06513087321948619,0.1405933782001974,0.8354472038682563,0.16666666666666666,0.4883720930232558,0.4008527131782946,0.5068493150684932,0.09677290903307996,0.1718405120696483,0.9235294117647059,0.16666666666666666,0.6811594202898551,0.4054615384615385,-0.10112715298885533,-0.13436133850673102,0.1540922770400087,1.3113207547169812,0.0,0.2222222222222222,1.0205079962370651,3.983599203917368,7.260165287374662,0.01861850679575498,0.19320587675794315,-0.22290742788565338,0.2838,7.83,0.5271
CUST00586,31.0,333200.88,90617.73,653.0,42,20.13,2023-07-11,0,Female,Secondary,Self-Employed,0,8.75,5.2,6.1,0,2023,7,11,Tuesday,1.0,0,False,True,False,False,True,False,False,False,False,Mid-Low,0,Low_Missed,1,-0.4592111325714455,-0.3531723330351468,0.23636363636363633,0.050051505703935725,0.10740454777213858,0.5012784486468695,0.0,0.37209302325581395,0.14829457364341087,0.4246575342465753,0.0822039251351986,0.1398583931109335,0.768235294117647,0.0,0.6086956521739131,0.15484615384615383,-0.5296985815602839,-0.31655313190197176,-0.10356199838757901,0.0660377358490566,-0.5,-0.3333333333333333,-0.20545625587958613,3.0506938316279655,4.486646854834911,0.047326076668244205,-0.13900676611595902,-0.5483117508746531,0.272,7.0,0.2013
CUST00587,39.0,324263.49,41474.04,850.0,43,24.9,2019-07-12,0,Male,Post-Graduate,Salaried,2,8.75,5.2,6.1,1,2019,7,12,Friday,3.0,1,False,True,False,False,True,False,False,False,False,Mid-Low,1,High_Missed,1,-0.47656132059810996,-0.8567456351716245,0.38181818181818183,0.047769319962694526,0.028694924814757022,1.0,0.3333333333333333,0.39534883720930236,0.18527131782945733,0.5342465753424658,0.07999898336414424,0.06401057045038075,1.0,0.3333333333333333,0.6231884057971014,0.19153846153846152,0.04172998986828753,-0.3441269351552579,-0.7146070581471283,1.9245283018867925,0.5,-0.2222222222222222,-0.02596425211665104,3.254242968705492,4.9899899799498595,0.03861003861003861,-1.4935603209625816,-0.6044355831185549,0.1279,7.17,0.249
CUST00588,48.0,328871.29,141422.13,777.0,50,25.83,2022-03-24,1,Male,Graduate,Salaried,1,8.75,5.2,6.1,0,2022,3,24,Thursday,2.0,1,False,True,False,False,True,False,False,False,False,Mid-Low,1,Med_Missed,2,-0.4676161815374598,0.16741819386795068,0.5454545454545454,0.048945933656232704,0.1887740006678409,0.8151945520366572,0.16666666666666666,0.558139534883721,0.19248062015503875,0.6575342465753424,0.08113577281751533,0.21826933705054788,0.9141176470588235,0.16666666666666666,0.7246376811594203,0.19869230769230767,0.6845871327254304,-0.32991086417363,0.5281320733039863,1.2358490566037736,0.0,0.5555555555555556,0.009031044214487242,3.2895206644375325,5.0823223038292245,0.03727171077152441,0.5668380330825679,-0.575240448840623,0.43,8.33,0.2583
CUST00589,38.0,434525.82,101245.57,649.0,44,21.32,2016-08-09,0,Male,Graduate,Salaried,1,8.75,5.2,6.1,1,2016,8,9,Tuesday,2.0,1,False,True,False,False,True,False,False,False,False,Mid-Low,0,Med_Missed,1,-0.26250865446648514,-0.24426930838685212,0.36363636363636365,0.07592509220962923,0.12442633183539022,0.49115212273107,0.16666666666666666,0.4186046511627908,0.15751937984496123,0.5205479452054794,0.10720178162972073,0.15626128275118498,0.7635294117647059,0.16666666666666666,0.6376811594202898,0.164,-0.0296985815602839,-0.003943526613289846,0.028582924549932127,0.02830188679245283,0.0,-0.1111111111111111,-0.16067732831608655,3.1054831375131102,4.6173585522460785,0.044802867383512544,0.04111898167493546,-0.02842208197737505,0.233,7.33,0.2132
CUST00590,35.0,298599.04,647924.8616000001,682.0,50,12.92,2015-09-09,0,Male,Primary,Salaried,4,8.4,4.8,5.4,0,2015,9,9,Wednesday,0.0,1,False,False,True,False,True,False,False,False,False,Low,0,High_Missed,2,-0.526383811627474,5.357530151129569,0.3090909090909091,0.04121583602087284,1.0,0.5746943115364167,0.6666666666666666,0.558139534883721,0.0924031007751938,0.4794520547945205,0.07366731183183602,1.0,0.8023529411764706,0.6666666666666666,0.7246376811594203,0.09938461538461539,-0.24398429584599818,-0.42330737764504484,6.825908896715029,0.33962264150943394,1.5,0.5555555555555556,-0.4767638758231421,2.6333266549062735,3.594440151122286,0.07183908045977011,2.665149200562096,-0.7780680491893817,2.1699,8.33,0.1292
CUST00591,35.0,464180.41,212492.04,590.0,41,28.73,2023-11-11,0,Female,Secondary,Salaried,3,9.1,5.6,7.2,0,2023,11,11,Saturday,1.0,0,True,False,False,False,False,False,True,False,False,Mid-High,0,High_Missed,1,-0.2049400900026269,0.895668540173698,0.3090909090909091,0.08349746876031727,0.30260114347529066,0.341788815473026,0.5,0.34883720930232565,0.21496124031007752,0.4794520547945205,0.11451785983538156,0.3279578429438059,0.6941176470588235,0.5,0.5942028985507246,0.221,-0.24398429584599818,0.08754737064159808,1.4118043698502123,-0.5283018867924528,1.0,-0.4444444444444444,0.11815616180620889,3.3921566370100065,5.360037313302959,0.03363605785401951,1.1740097135073329,0.09324797026847784,0.4578,6.83,0.2873
CUST00592,49.0,273012.17,41910.84,540.0,57,46.96,2018-05-09,1,Male,Graduate,Self-Employed,1,9.1,5.6,7.2,0,2018,5,9,Wednesday,2.0,1,True,False,False,False,False,True,False,False,False,Low,0,Med_Missed,3,-0.5760556963179507,-0.8522697641417282,0.5636363636363636,0.034682162333477276,0.029394513374504647,0.21520974152553096,0.16666666666666666,0.7209302325581395,0.35627906976744184,0.6712328767123288,0.06735478004643358,0.06468472269532062,0.6352941176470588,0.16666666666666666,0.8260869565217391,0.36123076923076924,0.7560157041540018,-0.5022484688637795,-0.7091759543349611,-1.0,0.0,1.3333333333333333,0.8041392285983069,3.8703673301593136,6.8527366796047255,0.020850708924103418,-1.4743750290470738,-0.9727050220894554,0.1535,9.5,0.4696
CUST00593,51.0,192818.39,264718.37,601.0,40,34.06,2015-07-01,0,Male,Secondary,Self-Employed,3,8.75,5.2,6.1,0,2015,7,1,Wednesday,1.0,1,False,True,False,False,True,False,False,False,False,Low,0,High_Missed,1,-0.7317361759175833,1.4308295233349013,0.6,0.014204472398022562,0.38624799096980694,0.3696362117414749,0.5,0.32558139534883723,0.25627906976744186,0.6986301369863014,0.04757018797864378,0.4085633777754701,0.7070588235294117,0.5,0.5797101449275363,0.262,0.8988728470111447,-0.7496638229948295,2.0611784997918576,-0.42452830188679247,1.0,-0.5555555555555556,0.31872060206961444,3.5570608794930885,5.8360945845659495,0.028522532800912718,1.487213964920878,-1.791255477651995,1.3729,6.67,0.3406
CUST00594,31.0,666438.45,97405.31,762.8,46,19.3,2017-06-26,1,Male,Post-Graduate,Self-Employed,0,9.1,5.6,7.2,0,2017,6,26,Monday,3.0,1,True,False,False,False,False,False,True,False,False,High,1,Low_Missed,1,0.1877041857763886,-0.2836202893421413,0.23636363636363633,0.13514458441034397,0.11827568631694592,0.7792460950355686,0.0,0.4651162790697674,0.1418604651162791,0.4246575342465753,0.16441690205325327,0.1503342683277582,0.8974117647058824,0.0,0.6666666666666666,0.14846153846153848,-0.5296985815602839,0.7115576691018037,-0.0191662758294495,1.1018867924528297,-0.5,0.1111111111111111,-0.23668861712135467,3.0106208860477417,4.39317652729776,0.04926108374384236,-0.021360319410809424,0.710418565361986,0.1462,7.67,0.193
CUST00595,31.0,348987.96,119433.01,701.0,53,29.14,2018-09-18,1,Male,Graduate,Salaried,3,8.75,5.2,6.1,0,2018,9,18,Tuesday,2.0,1,False,True,False,False,False,True,False,False,False,Mid-Low,1,High_Missed,2,-0.4285636161945174,-0.05790338392718992,0.23636363636363633,0.05408277757098351,0.15355573878387124,0.6227943596364649,0.5,0.627906976744186,0.21813953488372095,0.4246575342465753,0.0860987526111146,0.1843315746598602,0.8247058823529412,0.5,0.7681159420289855,0.22415384615384615,-0.5296985815602839,-0.2678465365912729,0.2547227476212809,0.5188679245283019,1.0,0.8888888888888888,0.1335841956726247,3.4058531931983493,5.3981478305063115,0.033178500331785,0.30416686567043144,-0.45402210299265733,0.3422,8.83,0.2914
CUST00596,42.0,291117.77,77883.82,672.0,39,18.37,2019-08-28,0,Male,Secondary,Salaried,2,8.55,5.0,5.9,0,2019,8,28,Wednesday,1.0,1,False,False,False,True,False,False,False,True,False,Low,0,High_Missed,0,-0.5409072285510103,-0.4836561674360375,0.4363636363636363,0.039305474302253035,0.08700963532512392,0.5493784967469177,0.3333333333333333,0.3023255813953488,0.13465116279069766,0.5753424657534246,0.07182160914642832,0.12020501853821748,0.7905882352941176,0.3333333333333333,0.5652173913043478,0.14130769230769233,0.2560157041540018,-0.44638873216406105,-0.2618934707886689,0.24528301886792453,0.5,-0.6666666666666666,-0.27168391345249293,2.9637254774189046,4.286023798347368,0.05162622612287041,-0.389665927986371,-0.8325548259493607,0.2675,6.5,0.1837
CUST00597,55.0,256036.79,36306.65,572.0,47,40.01,2025-04-22,1,Female,Graduate,Self-Employed,0,8.75,5.2,6.1,0,2025,4,22,Tuesday,2.0,0,False,True,False,False,True,False,False,False,False,Low,0,Low_Missed,1,-0.6090100638485249,-0.9096956608153445,0.6727272727272727,0.030347454976167032,0.020418718478323106,0.2962203488519277,0.0,0.4883720930232558,0.3024031007751938,0.7534246575342466,0.06316678730565348,0.05603527839685539,0.6729411764705883,0.0,0.6811594202898551,0.30776923076923074,1.1845871327254305,-0.554621229621648,-0.7788575882019716,-0.6981132075471698,-0.5,0.2222222222222222,0.5426152398871119,3.713815939403968,6.325345840347388,0.0243842965130456,-1.7397730340147664,-1.1161258281065032,0.1418,7.83,0.4001
CUST00598,51.0,546624.84,90783.61,723.0,55,48.03,2017-04-12,0,Female,Post-Graduate,Salaried,1,9.1,5.6,7.2,0,2017,4,12,Wednesday,3.0,0,True,False,False,False,False,False,True,False,False,Mid-High,1,Med_Missed,3,-0.044890415293212436,-0.3514725677273646,0.6,0.10454986801678456,0.10767022485613796,0.6784891521733627,0.16666666666666666,0.6744186046511629,0.3645736434108527,0.6986301369863014,0.13485770933258012,0.1401144104515714,0.8505882352941176,0.16666666666666666,0.7971014492753623,0.36946153846153845,0.8988728470111447,0.34190647236473126,-0.10149947205891063,0.7264150943396226,0.0,1.1111111111111112,0.8444026340545627,3.892432355663142,6.930367955599472,0.020395676116663267,-0.13601283008299614,0.3822902544816099,0.1661,9.17,0.4803
CUST00599,24.0,879803.49,120673.88,541.0,46,48.82,2021-12-10,1,Other,Graduate,Self-Employed,2,8.4,4.8,5.4,0,2021,12,10,Friday,2.0,2,False,False,True,False,False,True,False,False,False,High,0,High_Missed,1,0.6019105214422572,-0.04518824179150381,0.10909090909090907,0.1896279013482149,0.15554314367428806,0.2177413230044809,0.3333333333333333,0.4651162790697674,0.37069767441860463,0.3287671232876712,0.21705615010874657,0.18624671956869387,0.6364705882352941,0.3333333333333333,0.6666666666666666,0.37553846153846154,-1.029698581560284,1.3698354922794325,0.2701515337646055,-0.9905660377358491,0.5,0.1111111111111111,0.8741298212605834,3.9084165098340344,6.987131027825369,0.02007226013649137,0.320416939180312,1.132286563019215,0.1372,7.67,0.4882
CUST00600,35.0,361661.17,148113.67,525.0,45,22.97,2018-02-27,1,Female,Graduate,Salaried,0,9.1,5.6,7.2,0,2018,2,27,Tuesday,2.0,0,True,False,False,False,False,True,False,False,False,Mid-Low,0,Low_Missed,1,-0.4039610670832664,0.2359861197639982,0.3090909090909091,0.057318914648783095,0.19949131942034476,0.17723601934128252,0.0,0.4418604651162792,0.17031007751937982,0.4794520547945205,0.08922535781714722,0.2285969852032608,0.6176470588235294,0.0,0.6521739130434783,0.17669230769230768,-0.24398429584599818,-0.22874691140678655,0.6113336493187995,-1.1415094339622642,-0.5,0.0,-0.09858889934148642,3.176803048446293,4.792702786528704,0.04171881518564873,0.637587549088206,-0.38244081995817114,0.4095,7.5,0.2297
CUST00601,28.0,397209.18,87656.42,605.0,43,18.68,2020-09-23,1,Male,Post-Graduate,Salaried,4,8.4,4.8,5.4,0,2020,9,23,Wednesday,3.0,1,False,False,True,False,False,False,False,True,False,Mid-Low,0,High_Missed,1,-0.33495158473173564,-0.3835167507080926,0.18181818181818177,0.0663961912979502,0.10266164805174875,0.3797625376572744,0.6666666666666666,0.39534883720930236,0.13705426356589145,0.3835616438356164,0.09799540053955927,0.13528794030767594,0.711764705882353,0.6666666666666666,0.6231884057971014,0.1436923076923077,-0.7439842958459982,-0.1190735242338149,-0.14038247006800328,-0.3867924528301887,1.5,-0.2222222222222222,-0.2600188146754469,2.9796028916241073,4.3220365569948616,0.0508130081300813,-0.19353512754735966,-0.19866152414280228,0.2207,7.17,0.1868
CUST00602,38.415780141843975,756014.56,26488.77,806.0,44,52.71,2018-05-27,1,Female,Secondary,Salaried,2,9.1,5.6,7.2,0,2018,5,27,Sunday,1.0,0,True,False,False,False,False,False,False,False,True,High,1,High_Missed,1,0.3615986170585837,-1.0102990597782566,0.37119600257898133,0.1580180766712673,0.004694184300266524,0.8886104149262044,0.3333333333333333,0.4186046511627908,0.4008527131782946,0.5262435635869037,0.18651620695407561,0.0408824719807603,0.9482352941176471,0.3333333333333333,0.6376811594202898,0.4054615384615385,0.0,0.9879195637192157,-0.9009315934570121,1.509433962264151,0.5,-0.1111111111111111,1.0205079962370651,3.983599203917368,7.260165287374662,0.01861850679575498,-2.342344040922077,0.9072505309927733,0.035,7.33,0.5271
CUST00603,56.0,178934.87,39144.03,802.0,37,21.65,2018-12-16,1,Female,Post-Graduate,Salaried,0,8.75,5.2,6.1,0,2018,12,16,Sunday,3.0,0,False,True,False,False,True,False,False,False,False,Low,1,Low_Missed,0,-0.7586883042763052,-0.8806211485836418,0.6909090909090908,0.010659279519314453,0.02496312916435045,0.8784840890104046,0.0,0.2558139534883721,0.16007751937984493,0.7671232876712328,0.04414498742487263,0.060414459021277345,0.9435294117647058,0.0,0.5362318840579711,0.16653846153846152,1.2560157041540019,-0.7924975192912943,-0.7435780430221011,1.471698113207547,-0.5,-0.8888888888888888,-0.14825964252116658,3.120159851929043,4.652956049652737,0.04415011037527594,-1.5999637003967169,-1.9810500397708848,0.2188,6.17,0.2165
CUST00604,22.0,1182846.43,338138.81,614.0,55,28.8,2021-11-23,1,Female,Primary,Salaried,0,8.55,5.0,5.9,0,2021,11,23,Tuesday,0.0,0,False,False,False,True,False,False,True,False,False,High,0,Low_Missed,3,1.1902088936911113,2.1831656506202792,0.0727272727272727,0.26701070288779327,0.5038397947143987,0.40254677096782343,0.0,0.6744186046511629,0.21550387596899223,0.3013698630136986,0.29181981565642,0.5218796654368109,0.7223529411764706,0.0,0.7971014492753623,0.22153846153846155,-1.1725557244174267,2.3047892544915958,2.974076923727309,-0.3018867924528302,-0.5,1.1111111111111112,0.12079021636876769,3.3945083935113587,5.366563145999495,0.03355704697986577,1.824598764592887,1.5373781558739061,0.2859,9.17,0.288
CUST00605,20.0,1501612.59,51250.39,596.0,34,33.81,2021-10-11,1,Female,Graduate,Salaried,1,8.4,4.8,5.4,0,2021,10,11,Monday,2.0,0,False,False,True,False,False,True,False,False,False,High,0,Med_Missed,0,1.8090308106643889,-0.756567792353107,0.036363636363636376,0.34840846947761545,0.04435294362448411,0.3569783043467254,0.16666666666666666,0.18604651162790697,0.2543410852713178,0.273972602739726,0.3704625537916697,0.07909927992798602,0.7011764705882353,0.16666666666666666,0.4927536231884058,0.2600769230769231,-1.3154128672745695,3.2882525899447317,-0.5930494305049984,-0.4716981132075472,0.0,-1.2222222222222223,0.30931326434619016,3.5499047018233476,5.814636704042653,0.02872737719046251,-1.1115407644865385,1.8336886798485057,0.0341,5.67,0.3381
CUST00606,29.0,137191.4937,232403.34,519.0,48,27.08,2016-07-20,1,Female,Graduate,Salaried,3,9.1,5.6,7.2,0,2016,7,20,Wednesday,2.0,0,True,False,False,False,True,False,False,False,False,Low,0,High_Missed,2,-0.8397248739764982,1.0996987847652222,0.19999999999999996,0.0,0.334491522801534,0.1620465304675831,0.5,0.5116279069767442,0.20217054263565892,0.3972602739726027,0.03384648707200554,0.35868872113673494,0.6105882352941177,0.5,0.6956521739130435,0.2083076923076923,-0.6725557244174267,-0.9212849667702656,1.6593784022110365,-1.1981132075471699,1.0,0.3333333333333333,0.056067732831608603,3.3350575791576103,5.203844732503075,0.03561253561253561,1.302864003564615,-2.699026891946865,1.694,8.0,0.2708
CUST00607,41.0,421362.33,56361.86,656.0,53,44.03,2016-10-19,1,Female,Graduate,Self-Employed,1,8.55,5.0,5.9,0,2016,10,19,Wednesday,2.0,0,False,False,False,True,False,False,True,False,False,Mid-Low,0,Med_Missed,2,-0.28806298594213037,-0.7041907765720058,0.4181818181818181,0.072563760860883,0.05253958724969758,0.5088731930837194,0.16666666666666666,0.627906976744186,0.3335658914728682,0.5616438356164384,0.10395421953901457,0.08698826567762621,0.7717647058823529,0.16666666666666666,0.7681159420289855,0.3386923076923077,0.1845871327254304,-0.044555772849226516,-0.5294942011030315,0.09433962264150944,0.0,0.8888888888888888,0.6938852304797744,3.8073289343134804,6.635510530471638,0.02220741727737064,-0.9437073873816176,-0.08612077500019934,0.1338,8.83,0.4403
CUST00608,45.0,308823.9,647924.8616000001,663.0,48,8.01,2017-10-09,1,Male,Graduate,Salaried,2,8.55,5.0,5.9,0,2017,10,9,Monday,2.0,1,False,False,False,True,False,False,False,False,True,Low,0,High_Missed,2,-0.5065342533619938,5.357530151129569,0.49090909090909085,0.043826780569358195,1.0,0.5265942634363687,0.3333333333333333,0.5116279069767442,0.05434108527131783,0.6164383561643836,0.07618988507941533,1.0,0.78,0.3333333333333333,0.6956521739130435,0.061615384615384614,0.4703014184397161,-0.3917614478006053,6.825908896715029,0.16037735849056603,0.5,0.3333333333333333,-0.6615239887111948,2.1983350716202463,2.8301943396169813,0.11098779134295228,2.665149200562096,-0.7065382414491636,2.098,8.0,0.0801
CUST00609,43.0,387555.41,143648.55,713.0,52,37.47,2025-05-03,0,Female,Graduate,Salaried,1,8.75,5.2,6.1,0,2025,5,3,Saturday,2.0,0,False,True,False,False,False,False,False,True,False,Mid-Low,1,Med_Missed,2,-0.35369248388307317,0.1902322249539902,0.4545454545454545,0.06393107606372386,0.1923398842786314,0.6531733373838635,0.16666666666666666,0.6046511627906976,0.2827131782945736,0.589041095890411,0.09561372079623918,0.2217055688298039,0.8388235294117647,0.16666666666666666,0.7536231884057971,0.28823076923076923,0.3274442755825732,-0.14885751649917153,0.5558150361004276,0.6320754716981132,0.0,0.7777777777777778,0.44703668861712137,3.6498787167642037,6.121274377121156,0.025994281258123215,0.5907956467670562,-0.24628665763617297,0.3707,8.67,0.3747
CUST00610,51.0,358903.01,60348.01,723.0,41,14.47,2018-08-24,1,Male,Secondary,Salaried,1,8.4,4.8,5.4,0,2018,8,24,Friday,1.0,1,False,False,True,False,False,False,False,True,False,Mid-Low,1,Med_Missed,1,-0.4093154932197139,-0.6633448669890804,0.6,0.0566146113315885,0.05892389342515096,0.6784891521733627,0.16666666666666666,0.34883720930232565,0.10441860465116279,0.6986301369863014,0.08854489269307282,0.0931404450987963,0.8505882352941176,0.16666666666666666,0.5942028985507246,0.11130769230769232,0.8988728470111447,-0.2372564383694773,-0.47993102697100093,0.7264150943396226,0.0,-0.4444444444444444,-0.4184383819379116,2.738902664584975,3.803945320322047,0.06464124111182934,-0.8244834153158502,-0.39772556652838353,0.1681,6.83,0.1447
CUST00611,19.0,663895.18,256614.2,634.0,54,19.86,2021-08-22,1,Male,Secondary,Unemployed,2,8.75,5.2,6.1,0,2021,8,22,Sunday,1.0,1,False,True,False,False,False,False,True,False,False,High,0,High_Missed,2,0.18276692638605505,1.3477864378853681,0.018181818181818188,0.13449515381258262,0.3732681727045826,0.45317840054682157,0.3333333333333333,0.6511627906976745,0.1462015503875969,0.2602739726027397,0.1637894523998232,0.39605549224691144,0.7458823529411764,0.3333333333333333,0.782608695652174,0.15276923076923077,-1.3868414387031411,0.7037111247974843,1.9604125002921957,-0.11320754716981132,0.5,1.0,-0.21561618062088433,3.0378334495726262,4.456455991031438,0.04793863854266539,1.4435012574480897,0.7043090019011292,0.3865,9.0,0.1986
CUST00612,51.0,418199.99,103304.58,637.2,59,30.85,2020-02-29,1,Female,Secondary,Salaried,1,8.75,5.2,6.1,0,2020,2,29,Saturday,1.0,0,False,True,False,False,False,False,False,True,False,Mid-Low,0,Med_Missed,3,-0.29420204819679785,-0.22317072045354824,0.6,0.07175624913128893,0.12772408788027567,0.4612794612794613,0.16666666666666666,0.7674418604651163,0.2313953488372093,0.6986301369863014,0.1031740392447367,0.15943913580487926,0.7496470588235294,0.16666666666666666,0.855072463768116,0.23730769230769233,0.8988728470111447,-0.05431228352851849,0.054184337233747826,-0.08301886792452787,0.0,1.5555555555555556,0.19793038570084676,3.4610373820181723,5.554277630799526,0.03139717425431711,0.07351140631208028,-0.1003491073356117,0.247,9.83,0.3085
CUST00613,35.0,280560.98,130158.8,594.0,50,6.18,2019-01-26,0,Female,Graduate,Unemployed,1,9.1,5.6,7.2,0,2019,1,26,Saturday,2.0,0,True,False,False,False,False,False,True,False,False,Low,0,Med_Missed,2,-0.5614011637443957,0.05200333020686101,0.3090909090909091,0.03660977056645569,0.17073440173775312,0.3519151413888255,0.16666666666666666,0.558139534883721,0.04015503875968992,0.4794520547945205,0.0692171455122746,0.20088563923690622,0.6988235294117647,0.16666666666666666,0.7246376811594203,0.047538461538461536,-0.24398429584599818,-0.4789587386700162,0.3880855657474408,-0.49056603773584906,0.0,0.5555555555555556,-0.7303857008466605,1.9712993830601329,2.4859605789312105,0.1392757660167131,0.4386381726389266,-0.9127746959563874,0.4639,8.33,0.0618
CUST00614,46.0,405918.39,84072.58,693.0,61,23.93,2015-06-09,1,Other,Secondary,Self-Employed,1,8.55,5.0,5.9,0,2015,6,9,Tuesday,1.0,2,False,False,False,True,True,False,False,False,False,Mid-Low,0,Med_Missed,3,-0.31804436337698816,-0.42024020682481467,0.509090909090909,0.06862011068375247,0.09692169048772413,0.6025417078048656,0.16666666666666666,0.8139534883720931,0.17775193798449612,0.6301369863013698,0.1001440480666208,0.1297566816503835,0.8152941176470588,0.16666666666666666,0.8840579710144928,0.18407692307692308,0.5417299898682876,-0.09220370619616051,-0.18494338372688118,0.44339622641509435,0.0,1.7777777777777777,-0.062464722483537176,3.2160718975354663,4.8918299234540035,0.04011231448054553,-0.2624166860155187,-0.157030598189303,0.2071,10.17,0.2393
CUST00615,23.0,572284.84,146566.15,609.0,42,20.95,2020-01-27,1,Male,Secondary,Salaried,1,8.55,5.0,5.9,0,2020,1,27,Monday,1.0,1,False,False,False,True,False,False,False,True,False,Mid-High,0,Med_Missed,1,0.004923436934810432,0.2201287481152219,0.09090909090909088,0.11110221563955242,0.1970127770943817,0.38988886357307395,0.16666666666666666,0.37209302325581395,0.15465116279069768,0.3150684931506849,0.14118828300624267,0.22620856010690235,0.7164705882352941,0.16666666666666666,0.6086956521739131,0.16115384615384615,-1.1011271529888553,0.42107318563105617,0.5920920243842636,-0.3490566037735849,0.0,-0.3333333333333333,-0.17460018814675451,3.08876713952118,4.577116996538323,0.04555808656036447,0.6215553681544002,0.4603570013044852,0.2561,7.0,0.2095
CUST00616,38.0,244785.93,254555.88,687.0,40,24.92,2026-06-26,0,Female,Post-Graduate,Self-Employed,1,8.4,4.8,5.4,0,2026,6,26,Friday,3.0,0,False,False,True,False,False,True,False,False,False,Low,0,Med_Missed,1,-0.6308513996816572,1.3266949203527294,0.36363636363636365,0.02747451866380951,0.3699715217789879,0.5873522189311662,0.16666666666666666,0.32558139534883723,0.1854263565891473,0.5205479452054794,0.060391089795050854,0.3928787041315162,0.808235294117647,0.16666666666666666,0.5797101449275363,0.19169230769230772,-0.0296985815602839,-0.5893325939092382,1.9348196669619293,0.3867924528301887,0.0,-0.5555555555555556,-0.02521166509877698,3.255014871484074,4.991993589739474,0.038580246913580245,1.4321471137434363,-1.2185299549319555,1.0399,6.67,0.2492
CUST00617,41.0,194246.48,91238.15,680.0,55,20.07,2025-10-24,1,Male,Secondary,Self-Employed,2,9.1,5.6,7.2,0,2025,10,24,Friday,1.0,1,True,False,False,False,True,False,False,False,False,Low,0,High_Missed,3,-0.7289638195563863,-0.34681491567166606,0.4181818181818181,0.014569138887367793,0.10839822619301455,0.5696311485785168,0.3333333333333333,0.6744186046511629,0.1478294573643411,0.5616438356164384,0.047922511788371785,0.14081594241451775,0.8,0.3333333333333333,0.7971014492753623,0.1543846153846154,0.1845871327254304,-0.7452578529422766,-0.09584779182360266,0.32075471698113206,0.5,1.1111111111111112,-0.20771401693320793,3.0478502278160975,4.479955356920423,0.04746084480303749,-0.12784089519567088,-1.7727916779728483,0.4697,9.17,0.2007
CUST00618,51.0,1198248.42,278682.29,656.0,35,28.94,2018-06-15,1,Male,Secondary,Salaried,2,8.55,5.0,5.9,0,2018,6,15,Friday,1.0,1,False,False,False,True,True,False,False,False,False,High,0,High_Missed,0,1.2201088334369214,1.5739172179131797,0.6,0.2709436410235062,0.4086129146905743,0.5088731930837194,0.3333333333333333,0.2093023255813954,0.21658914728682171,0.6986301369863014,0.29561963765236754,0.43011513605422663,0.7717647058823529,0.3333333333333333,0.5072463768115942,0.22261538461538463,0.8988728470111447,2.352307762911736,2.234803726771711,0.09433962264150944,0.5,-1.1111111111111112,0.1260583254938853,3.3991953789914824,5.379591062525106,0.0334001336005344,1.5590560631800177,1.5541102421841784,0.2326,5.83,0.2894
CUST00619,21.0,320868.5,68394.15,714.0,39,17.85,2021-02-16,0,Male,Secondary,Salaried,1,8.55,5.0,5.9,0,2021,2,16,Tuesday,1.0,1,False,False,False,True,False,True,False,False,False,Low,1,Med_Missed,0,-0.48315202715210903,-0.5808964124824612,0.05454545454545451,0.04690240045155576,0.071810769556396,0.6557049188628135,0.16666666666666666,0.3023255813953488,0.13062015503875968,0.2876712328767123,0.0791614060330317,0.10555876777301917,0.84,0.16666666666666666,0.5652173913043478,0.13730769230769233,-1.2439842958459981,-0.3546012219780186,-0.3798865635386926,0.6415094339622641,0.0,-0.6666666666666666,-0.29125117591721544,2.93651291389402,4.224926034855522,0.05305039787798408,-0.6091424913638791,-0.6263106499868037,0.2132,6.5,0.1785
CUST00620,38.0,413049.83,156132.08,524.0,47,26.32,2018-04-21,0,Male,Secondary,Self-Employed,1,8.75,5.2,6.1,0,2018,4,21,Saturday,1.0,1,False,True,False,False,False,False,False,True,False,Mid-Low,0,Med_Missed,1,-0.30420007271708904,0.3181504261395297,0.36363636363636365,0.07044114240358534,0.21233378256907648,0.17470443786233258,0.16666666666666666,0.4883720930232558,0.19627906976744186,0.5205479452054794,0.10190344425989065,0.24097250970497405,0.6164705882352941,0.16666666666666666,0.6811594202898551,0.20246153846153847,-0.0296985815602839,-0.07020165375438342,0.7110333222091859,-1.150943396226415,0.0,0.2222222222222222,0.02746942615239889,3.307619034702589,5.130302135352264,0.036603221083455345,0.7176978083276208,-0.1238380214991784,0.378,7.83,0.2632
CUST00621,26.0,362616.94,132384.86,565.0,44,30.79,2025-08-04,0,Female,Graduate,Salaried,1,8.4,4.8,5.4,0,2025,8,4,Monday,2.0,0,False,False,True,False,False,False,True,False,False,Mid-Low,0,Med_Missed,1,-0.4021056272725112,0.07481367238820553,0.14545454545454545,0.057562972999812445,0.17429970876456585,0.27849927849927836,0.16666666666666666,0.4186046511627908,0.23093023255813955,0.3561643835616438,0.08946115565035363,0.20432131539618015,0.6647058823529411,0.16666666666666666,0.6376811594202898,0.23684615384615385,-0.886841438703141,-0.225798151876835,0.41576405235942154,-0.7641509433962265,0.0,-0.1111111111111111,0.19567262464722485,3.459151774922711,5.548873759602033,0.031456432840515886,0.4649579385889766,-0.37718130803160327,0.3651,7.33,0.3079
CUST00622,44.0,581894.16,51992.29,628.0,53,53.99,2021-05-18,0,Male,Secondary,Self-Employed,1,8.55,5.0,5.9,0,2021,5,18,Tuesday,1.0,1,False,False,False,True,False,True,False,False,False,Mid-High,0,Med_Missed,2,0.02357804513791986,-0.7489655745942236,0.47272727272727266,0.11355598045087026,0.04554118710542909,0.43798891167312215,0.16666666666666666,0.627906976744186,0.4107751937984496,0.6027397260273972,0.14355899649859652,0.08024432010774997,0.7388235294117647,0.16666666666666666,0.7681159420289855,0.4153076923076923,0.39887284701114467,0.45072003992273063,-0.5838247603624915,-0.16981132075471697,0.0,0.8888888888888888,1.0686735653809973,4.007151350519723,7.3477887830285376,0.01818512456810329,-1.086020532754988,0.4883739879993997,0.0894,8.83,0.5399
CUST00623,47.0,1073457.13,112227.78,535.0,52,61.97,2025-07-29,1,Other,Primary,Unemployed,1,8.4,4.8,5.4,0,2025,7,29,Tuesday,0.0,2,False,False,True,False,True,False,False,False,False,High,0,Med_Missed,2,0.9778510439044058,-0.13173506941423438,0.5272727272727272,0.2390778611180645,0.14201568274369164,0.20255183413078148,0.16666666666666666,0.6046511627906976,0.47263565891472864,0.6438356164383562,0.26483240245453477,0.17321110309436533,0.6294117647058823,0.16666666666666666,0.7536231884057971,0.4766923076923077,0.613158561296859,1.9672993344797485,0.16513402939659538,-1.0471698113207548,0.0,0.7777777777777778,1.3689557855127,4.142658422500651,7.87210264160726,0.01588057805304113,0.2058248942709134,1.409334257315615,0.1045,8.67,0.6197
CUST00624,52.0,591233.86,99153.02,617.0,62,8.66,2024-10-25,0,Male,Post-Graduate,Salaried,1,8.4,4.8,5.4,0,2024,10,25,Friday,3.0,1,False,False,True,False,False,False,True,False,False,Mid-High,0,Med_Missed,3,0.04170923904493712,-0.26571157927423744,0.6181818181818182,0.1159408970951557,0.12107485738323838,0.41014151540467325,0.16666666666666666,0.8372093023255813,0.05937984496124031,0.7123287671232876,0.14586319209251336,0.15303166443582567,0.7258823529411764,0.16666666666666666,0.8985507246376812,0.06661538461538462,0.9703014184397161,0.4795350575335448,0.002564480680539192,-0.27358490566037735,0.0,1.8888888888888888,-0.6370649106302917,2.2679936482244267,2.9427877939124323,0.10351966873706003,0.0074172988103379375,0.5150069233933681,0.1677,10.33,0.0866
CUST00625,32.0,207071.09,59164.96,850.0,41,56.79,2018-10-07,0,Other,Graduate,Self-Employed,0,8.55,5.0,5.9,0,2018,10,7,Sunday,2.0,2,False,False,False,True,False,False,False,True,False,Low,1,Low_Missed,1,-0.704067357069168,-0.6754675300429244,0.2545454545454545,0.017843936348257296,0.05702909432805975,1.0,0.0,0.34883720930232565,0.43248062015503874,0.4383561643835616,0.05108646885933786,0.09131453893264217,1.0,0.0,0.5942028985507246,0.43684615384615383,-0.4582700101317125,-0.7056911256382064,-0.49464088815457374,1.9245283018867925,-0.5,-0.4444444444444444,1.1740357478833492,4.056815750329687,7.535914012248282,0.017304031839418584,-0.8589048738694012,-1.6148722096167536,0.2857,6.83,0.5679
CUST00626,48.0,221446.94,122369.63,755.0,37,12.85,2020-04-01,0,Male,Graduate,Self-Employed,0,8.55,5.0,5.9,0,2020,4,1,Wednesday,2.0,1,False,False,False,True,True,False,False,False,False,Low,1,Low_Missed,0,-0.676159466673524,-0.027811963634573948,0.5454545454545454,0.021514846970734587,0.15825909445311598,0.7594997594997595,0.0,0.2558139534883721,0.09186046511627907,0.6575342465753424,0.054633132052888986,0.18886392119267922,0.888235294117647,0.0,0.5362318840579711,0.09884615384615385,0.6845871327254304,-0.6613384835918424,0.29123622765078405,1.028301886792453,-0.5,-0.8888888888888888,-0.47939793038570094,2.6282852326333477,3.5846896657869842,0.07220216606498195,0.3423174381928428,-1.4529812132554665,0.5526,6.17,0.1285
CUST00627,53.0,362404.99,107772.06,661.0,46,26.48,2021-07-18,0,Female,Post-Graduate,Salaried,1,8.55,5.0,5.9,0,2021,7,18,Sunday,3.0,0,False,False,False,True,False,False,True,False,False,Mid-Low,0,Med_Missed,1,-0.40251708658582885,-0.17739264282387351,0.6363636363636364,0.05750885101701253,0.13487930285028793,0.5215311004784688,0.16666666666666666,0.4651162790697674,0.19751937984496126,0.726027397260274,0.08940886550654487,0.16633419457599646,0.7776470588235294,0.16666666666666666,0.6666666666666666,0.2036923076923077,1.0417299898682875,-0.22645206399206486,0.10973229432802767,0.14150943396226415,0.0,0.1111111111111111,0.03349012229539043,3.3134584673541485,5.145872132107443,0.036390101892285295,0.14132265004989414,-0.3783460168617126,0.2974,7.67,0.2648
CUST00628,20.0,386885.24,94508.76,732.0,39,6.61,2017-11-10,0,Male,Post-Graduate,Salaried,2,8.55,5.0,5.9,0,2017,11,10,Friday,3.0,1,False,False,False,True,False,False,False,True,False,Mid-Low,1,High_Missed,0,-0.354993487365055,-0.31330111404829214,0.036363636363636376,0.06375994641421684,0.1136365076476762,0.7012733854839117,0.3333333333333333,0.3023255813953488,0.04348837209302326,0.273972602739726,0.09544838328420184,0.14586376538572382,0.8611764705882353,0.3333333333333333,0.5652173913043478,0.050846153846153846,-1.3154128672745695,-0.15092513755255002,-0.055181531660798845,0.8113207547169812,0.5,-0.6666666666666666,-0.7142050799623708,2.0294631718735947,2.570992026436488,0.1314060446780552,-0.07038052797766861,-0.24965277734140362,0.2443,6.5,0.0661
CUST00629,45.0,187030.01,94736.39,674.0,42,3.77,2024-07-23,0,Male,Secondary,Salaried,0,8.75,5.2,6.1,0,2024,7,23,Tuesday,1.0,1,False,True,False,False,False,False,True,False,False,Low,0,Low_Missed,1,-0.7429731792675305,-0.3109685991157478,0.49090909090909085,0.01272639453626586,0.11400108490009232,0.5544416597048176,0.0,0.37209302325581395,0.021472868217054263,0.6164383561643836,0.046142137860126435,0.1462150869871791,0.7929411764705883,0.0,0.6086956521739131,0.029,0.4703014184397161,-0.7675222415348345,-0.052351215358684186,0.2641509433962264,-0.5,-0.3333333333333333,-0.8210724365004705,1.56234630490025,1.9416487838947598,0.20964360587002098,-0.06646633179485233,-1.8680474802904947,0.5065,7.0,0.0377
CUST00630,49.0,324263.49,93525.92,607.0,59,99.46,2021-07-03,1,Female,Graduate,Salaried,0,8.4,4.8,5.4,1,2021,7,3,Saturday,2.0,0,False,False,True,False,False,False,False,False,True,Mid-Low,0,Low_Missed,3,-0.47656132059810996,-0.3233722337438586,0.5636363636363636,0.047769319962694526,0.1120623693233576,0.3848257006151743,0.0,0.7674418604651163,0.7632558139534883,0.6712328767123288,0.07999898336414424,0.14434686109905553,0.7141176470588235,0.0,0.855072463768116,0.765076923076923,0.7560157041540018,-0.3441269351552579,-0.06740201259200433,-0.36792452830188677,-0.5,1.5555555555555556,2.779680150517404,4.609759638321899,9.972963451251589,0.009954210631096954,-0.08740560962643107,-0.6044355831185549,0.2884,9.83,0.9946
CUST00631,35.0,257002.15,79172.18,661.0,51,27.01,2017-05-20,1,Female,Graduate,Salaried,0,8.4,4.8,5.4,0,2017,5,20,Saturday,2.0,0,False,False,True,False,True,False,False,False,False,Low,0,Low_Missed,2,-0.6071360069355536,-0.47045439728934024,0.3090909090909091,0.030593962158595528,0.0890731012519473,0.5215311004784688,0.0,0.5813953488372092,0.2016279069767442,0.4794520547945205,0.06340495108591875,0.12219345898302228,0.7776470588235294,0.0,0.7391304347826086,0.2077692307692308,-0.24398429584599818,-0.5516428828438312,-0.24587420131192012,0.14150943396226415,-0.5,0.6666666666666666,0.05343367826904993,3.332561589272017,5.197114584074513,0.035701535166012134,-0.36224329442260006,-1.1076254954078268,0.3081,8.5,0.2701
CUST00632,25.0,933457.56,107355.44,708.0,40,22.81,2020-07-20,0,Female,Secondary,Self-Employed,2,9.1,5.6,7.2,0,2020,7,20,Monday,1.0,0,True,False,False,False,False,False,False,True,False,High,1,High_Missed,1,0.7060693645604177,-0.18166173025170193,0.12727272727272726,0.2033286074283521,0.13421203502574114,0.640515429989114,0.3333333333333333,0.32558139534883723,0.16906976744186047,0.3424657534246575,0.23029313541766505,0.1656911879178306,0.8329411764705882,0.3333333333333333,0.5797101449275363,0.17546153846153845,-0.9582700101317124,1.5353700353527502,0.10455210552256718,0.5849056603773585,0.5,-0.5555555555555556,-0.10460959548447796,3.170105660498771,4.775981574503821,0.041999160016799666,0.1351360226027438,1.2168273085767858,0.115,6.67,0.2281
CUST00633,48.0,1099445.26,67080.69,745.0,44,33.39,2024-06-11,0,Male,Secondary,Salaried,0,8.4,4.8,5.4,0,2024,6,11,Tuesday,1.0,1,False,False,True,False,True,False,False,False,False,High,1,Low_Missed,1,1.02830189610638,-0.5943553812620578,0.5454545454545454,0.24571399758827817,0.06970710291334169,0.7341839447102605,0.0,0.4186046511627908,0.25108527131782943,0.6575342465753424,0.2712439290175013,0.10353158826835175,0.8764705882352941,0.0,0.6376811594202898,0.25684615384615384,0.6845871327254304,2.0474784005763182,-0.3962179225431095,0.9339622641509434,-0.5,-0.1111111111111111,0.29350893697083735,3.537765824444175,5.778408085277467,0.02907822041291073,-0.6422515822355919,1.4413190057017595,0.061,7.33,0.3339
CUST00634,25.0,390769.53,486059.19,639.0,42,23.22,2019-11-12,0,Male,Secondary,Salaried,1,9.1,5.6,7.2,0,2019,11,12,Tuesday,1.0,1,True,False,False,False,False,False,False,True,False,Mid-Low,0,Med_Missed,1,-0.3474529009242604,3.6988994957972,0.12727272727272726,0.06475180995075781,0.7407523533259438,0.46583630794157105,0.16666666666666666,0.37209302325581395,0.17224806201550386,0.3424657534246575,0.09640667572437607,0.7501783290113527,0.7517647058823529,0.16666666666666666,0.6086956521739131,0.17861538461538462,-0.9582700101317124,-0.1389412531927193,4.813296108057083,-0.0660377358490566,0.0,-0.3333333333333333,-0.08918156161806214,3.1871787381249463,4.818713521262703,0.04128819157720892,2.3033230013015213,-0.230252417856646,1.2439,7.0,0.2322
CUST00635,36.0,688090.62,42378.65,850.0,48,47.64,2023-03-01,1,Male,Graduate,Self-Employed,2,8.4,4.8,5.4,1,2023,3,1,Wednesday,2.0,1,False,False,True,False,False,False,True,False,False,High,1,High_Missed,2,0.22973762290795646,-0.84747613496019,0.32727272727272727,0.14067352223681576,0.030143768237452323,1.0,0.3333333333333333,0.5116279069767442,0.3615503875968992,0.4931506849315068,0.16975870475705943,0.06540673542816249,1.0,0.3333333333333333,0.6956521739130435,0.36646153846153845,-0.17255572441742675,0.7783593500832429,-0.7033592769668978,1.9245283018867925,0.5,0.3333333333333333,0.8297271872060209,3.8844462376579116,6.902173570694959,0.02055921052631579,-1.4540797996051944,0.7611768148609874,0.0616,8.0,0.4764
CUST00636,38.0,238954.01,69505.3,513.0,46,32.07,2026-04-23,1,Male,Graduate,Salaried,2,9.1,5.6,7.2,0,2026,4,23,Thursday,2.0,1,True,False,False,False,False,False,True,False,False,Low,0,High_Missed,1,-0.6421729273934907,-0.5695105056718625,0.36363636363636365,0.025985322750007013,0.07359041202014048,0.14685704159388369,0.3333333333333333,0.4651162790697674,0.2408527131782946,0.5205479452054794,0.05895229793149255,0.10727370428163857,0.6035294117647059,0.3333333333333333,0.6666666666666666,0.24669230769230768,-0.0296985815602839,-0.6073253428738581,-0.3660706958626628,-1.2547169811320755,0.5,0.1111111111111111,0.24383819379115715,3.4986265269937014,5.6630380539071075,0.03023888720895071,-0.5816962392684747,-1.274172441873352,0.2909,7.67,0.3207
CUST00637,46.0,604307.32,72878.92,624.0,45,42.52,2018-11-07,0,Male,Graduate,Self-Employed,3,8.4,4.8,5.4,0,2018,11,7,Wednesday,2.0,1,False,False,True,False,False,False,False,True,False,Mid-High,0,High_Missed,1,0.06708879495097632,-0.5349411649578529,0.509090909090909,0.11927923904965104,0.07899367657356497,0.4278625857573226,0.5,0.4418604651162792,0.3218604651162791,0.6301369863013698,0.14908854289920392,0.11248051173716528,0.7341176470588235,0.5,0.6521739130434783,0.3270769230769231,0.5417299898682876,0.519869541524923,-0.3241236252518477,-0.20754716981132076,1.0,0.0,0.6370649106302918,3.773220602547687,6.520736154760443,0.022977941176470586,-0.5013453055938422,0.5513385610329956,0.1206,7.5,0.4252
CUST00638,31.0,344863.44,335808.4,463.0,54,14.6,2026-06-12,1,Female,Secondary,Salaried,3,8.4,4.8,5.4,0,2026,6,12,Friday,1.0,0,False,False,True,False,False,True,False,False,False,Mid-Low,0,High_Missed,2,-0.43657056201647865,2.1592860384252677,0.23636363636363633,0.053029570680217394,0.5001073584151279,0.020277967646388673,0.5,0.6511627906976745,0.10542635658914729,0.4246575342465753,0.08508119307376096,0.5182829366521718,0.5447058823529412,0.5,0.782608695652174,0.1123076923076923,-0.5296985815602839,-0.2805715830527391,2.9451009653140474,-1.7264150943396226,1.0,1.0,-0.41354656632173104,2.747270914255491,3.82099463490856,0.06410256410256411,1.8152296532337509,-0.4780869360655538,0.9737,9.0,0.146
CUST00639,30.0,256884.63,44708.51,794.0,51,7.55,2019-10-06,0,Female,Secondary,Unemployed,1,8.75,5.2,6.1,0,2019,10,6,Sunday,1.0,0,False,True,False,False,False,False,False,False,True,Low,1,Med_Missed,2,-0.6073641489431076,-0.8236021585917955,0.21818181818181814,0.03056395312147052,0.0338753236445348,0.8582314371788056,0.16666666666666666,0.5813953488372092,0.05077519379844961,0.410958904109589,0.06337595774928083,0.06900261534894002,0.9341176470588235,0.16666666666666666,0.7391304347826086,0.058076923076923075,-0.6011271529888553,-0.5520054577519784,-0.6743901571687836,1.3962264150943395,0.0,0.6666666666666666,-0.6788334901222954,2.145931282948669,2.7477263328068173,0.11695906432748537,-1.356681757265154,-1.1086579714507165,0.174,8.5,0.0755
CUST00640,39.0,382824.72,127459.43,698.0,57,51.32,2021-06-17,0,Female,Graduate,Salaried,0,8.75,5.2,6.1,0,2021,6,17,Thursday,2.0,0,False,True,False,False,False,False,False,True,False,Mid-Low,0,Low_Missed,3,-0.36287618975199704,0.02434300057780488,0.38181818181818183,0.06272308208961819,0.16641103092610937,0.6151996151996151,0.0,0.7209302325581395,0.3900775193798449,0.5342465753424658,0.09444661317456113,0.19671946170617507,0.8211764705882353,0.0,0.8260869565217391,0.39476923076923076,0.04172998986828753,-0.16345273001366378,0.35452201561591545,0.49056603773584906,-0.5,1.3333333333333333,0.9682031984948262,3.9573787071489432,7.163797875428926,0.0191131498470948,0.40602257144553117,-0.2702192688770849,0.3329,9.5,0.5132
CUST00641,49.0,350503.51,114580.9,599.0,39,34.41,2023-11-20,1,Female,Graduate,Unemployed,1,8.55,5.0,5.9,0,2023,11,20,Monday,2.0,0,False,False,False,True,True,False,False,False,False,Mid-Low,0,Med_Missed,0,-0.42562147341415185,-0.10762274881471517,0.5636363636363636,0.054469777198406955,0.14578449188222953,0.364573048783575,0.16666666666666666,0.3023255813953488,0.2589922480620155,0.6712328767123288,0.0864726536606516,0.17684288223954145,0.7047058823529412,0.16666666666666666,0.5652173913043478,0.26469230769230767,0.7560157041540018,-0.26317073330636337,0.19439236044624567,-0.44339622641509435,0.0,-0.6666666666666666,0.3318908748824082,3.566994266123812,5.866003750424985,0.028240609997175942,0.23871770420634317,-0.4452767081425179,0.3269,6.5,0.3441
CUST00642,63.0,376028.53,120591.17,561.0,42,10.03,2015-10-13,0,Female,Post-Graduate,Self-Employed,1,8.4,4.8,5.4,0,2015,10,13,Tuesday,3.0,0,False,False,True,False,True,False,False,False,False,Mid-Low,0,Med_Missed,1,-0.3760696583557992,-0.04603576764517315,0.8181818181818182,0.06098765732771724,0.1554106735053853,0.2683729525834788,0.16666666666666666,0.37209302325581395,0.06999999999999999,0.863013698630137,0.0927699264444283,0.18611906587780794,0.66,0.16666666666666666,0.6086956521739131,0.07715384615384614,1.7560157041540019,-0.1844204628676568,0.2691231303847877,-0.8018867924528302,0.0,-0.3333333333333333,-0.5855126999059267,2.400618833265411,3.167017524422623,0.09066183136899365,0.3193397519949176,-0.30531599638464985,0.3207,7.0,0.1003
CUST00643,21.0,711293.16,207275.87,732.0,61,10.18,2023-01-23,1,Male,Post-Graduate,Salaried,2,8.75,5.2,6.1,0,2023,1,23,Monday,3.0,1,False,True,False,False,False,False,True,False,False,High,1,High_Missed,3,0.274780799013755,0.8422186679438097,0.05454545454545451,0.14659835106811644,0.2942468100098629,0.7012733854839117,0.3333333333333333,0.8139534883720931,0.07116279069767442,0.2876712328767123,0.17548299894591768,0.3199072643827069,0.8611764705882353,0.3333333333333333,0.8840579710144928,0.0783076923076923,-1.2439842958459981,0.8499442616666582,1.3469473168009607,0.8113207547169812,0.5,1.7777777777777777,-0.5798682972718722,2.414126467726953,3.1906112267087634,0.08944543828264759,1.1379591352391565,0.8132072212280091,0.2914,10.17,0.1018
CUST00644,41.0,298745.17,204740.3,561.0,49,29.39,2021-07-07,1,Male,Post-Graduate,Salaried,0,9.1,5.6,7.2,0,2021,7,7,Wednesday,3.0,1,True,False,False,False,False,False,False,True,False,Low,0,Low_Missed,2,-0.5261001289218591,0.8162367899509648,0.4181818181818181,0.041253150695779894,0.2901857849081246,0.2683729525834788,0.0,0.5348837209302326,0.220077519379845,0.5616438356164384,0.07370336353608123,0.3159938939438282,0.66,0.0,0.7101449275362319,0.2260769230769231,0.1845871327254304,-0.4228565346283025,1.315420430598998,-0.8018867924528302,-0.5,0.4444444444444444,0.14299153339604898,3.414113606928702,5.42125446737192,0.03290556103981573,1.1200581153135722,-0.7770223443267005,0.6853,8.17,0.2939
CUST00645,38.415780141843975,1053376.73,75314.35,569.0,56,40.27,2022-07-14,1,Female,Post-Graduate,Salaried,2,9.1,5.6,7.2,0,2022,7,14,Thursday,3.0,0,True,False,False,False,False,False,False,True,False,High,0,High_Missed,3,0.9388688896456535,-0.5099854172876587,0.37119600257898133,0.23395027884198394,0.08289431523214141,0.2886256044150781,0.3333333333333333,0.6976744186046513,0.30441860465116277,0.5262435635869037,0.2598783708256722,0.11623932721769169,0.6694117647058824,0.3333333333333333,0.8115942028985508,0.3097692307692308,0.0,1.905346907781654,-0.2938418643606691,-0.7264150943396226,0.5,1.2222222222222223,0.5523988711194734,3.7201358437644907,6.345864795282043,0.0242306760358614,-0.4459404841329773,1.3838885189524455,0.0715,9.33,0.4027
CUST00646,49.0,228084.21,110902.92,589.0,45,12.77,2025-12-12,1,Female,Post-Graduate,Salaried,0,8.75,5.2,6.1,0,2025,12,12,Friday,3.0,0,False,True,False,False,False,False,False,True,False,Low,0,Low_Missed,1,-0.6632745100493039,-0.1453108535091718,0.5636363636363636,0.023209691098020957,0.13989375760800654,0.33925723399407604,0.0,0.4418604651162792,0.09124031007751937,0.6712328767123288,0.05627061166033209,0.17116632895693162,0.6929411764705883,0.0,0.6521739130434783,0.09823076923076923,0.7560157041540018,-0.6408610537024746,0.14866092455092675,-0.5377358490566038,-0.5,0.0,-0.4824082784571967,2.6224923127405635,3.5735136770411273,0.07262164124909223,0.18695635262279323,-1.3829931553089472,0.4862,7.5,0.1277
CUST00647,28.0,992234.88,32258.56,659.0,57,70.89,2020-07-29,1,Male,Graduate,Self-Employed,0,8.4,4.8,5.4,0,2020,7,29,Wednesday,2.0,1,False,False,True,False,False,False,True,False,False,High,0,Low_Missed,3,0.820173991717051,-0.9511762669449544,0.18181818181818177,0.21833754869782462,0.01393520782624251,0.516467937520569,0.0,0.7209302325581395,0.541782945736434,0.3835616438356164,0.2447940767504959,0.04978750147098847,0.7752941176470588,0.0,0.8260869565217391,0.5453076923076923,-0.7439842958459982,1.716710925415222,-0.829190914738136,0.12264150943396226,-0.5,1.3333333333333333,1.704609595484478,4.27513717299578,8.41961994391671,0.013910140492418973,-1.962508937508955,1.3021508763252665,0.0325,9.5,0.7089
CUST00648,31.0,266131.2,104762.99,700.0,42,43.91,2025-08-22,0,Male,Primary,Salaried,0,8.75,5.2,6.1,0,2025,8,22,Friday,0.0,1,False,True,False,False,False,False,False,False,True,Low,0,Low_Missed,1,-0.58941374864708,-0.20822645518635194,0.23636363636363633,0.03292508877845636,0.13005990965550818,0.620262778157515,0.0,0.37209302325581395,0.3326356589147286,0.4246575342465753,0.06565717725877725,0.1616900295217812,0.8235294117647058,0.0,0.6086956521739131,0.33776923076923077,-0.5296985815602839,-0.5234777665638646,0.0723179821758335,0.5094339622641509,-0.5,-0.3333333333333333,0.6893697083725305,3.8046604870996465,6.626462102811725,0.022266755733689605,0.0960114280385375,-1.0293354665319052,0.3937,7.0,0.4391
CUST00649,32.0,442189.31,61304.37,745.0,54,53.76,2021-07-11,0,Female,Primary,Salaried,0,9.1,5.6,7.2,0,2021,7,11,Sunday,0.0,0,True,False,False,False,True,False,False,False,False,Mid-High,1,Low_Missed,2,-0.24763149318780509,-0.6535450867277438,0.2545454545454545,0.07788198427835898,0.06045562079465702,0.7341839447102605,0.0,0.6511627906976745,0.40899224806201545,0.4383561643835616,0.1090924397763449,0.09461648044900396,0.8764705882352941,0.0,0.782608695652174,0.4135384615384615,-0.4582700101317125,0.01970001646735504,-0.46803979427456227,0.9339622641509434,-0.5,1.0,1.060018814675447,4.002960000420248,7.332121111929344,0.018261504747991236,-0.7972172329318822,0.004082887283779467,0.1386,9.0,0.5376
CUST00650,37.0,346245.02,88271.32,734.0,51,28.85,2017-06-23,0,Male,Secondary,Salaried,1,8.75,5.2,6.1,0,2017,6,23,Friday,1.0,1,False,True,False,False,False,False,False,True,False,Mid-Low,1,Med_Missed,2,-0.4338884956890744,-0.3772158965499347,0.34545454545454546,0.05338236072030561,0.10364648551829826,0.7063365484418116,0.16666666666666666,0.5813953488372092,0.21589147286821708,0.5068493150684932,0.0854220424103182,0.1362369701048681,0.8635294117647059,0.16666666666666666,0.7391304347826086,0.22192307692307695,-0.10112715298885533,-0.27630910652450485,-0.13273689833242233,0.8301886792452831,0.0,0.6666666666666666,0.12267168391345257,3.396184839838611,5.371219600798314,0.03350083752093802,-0.18204089214956368,-0.469982490289399,0.2549,8.5,0.2885
CUST00651,42.0,372553.4,35910.21,650.0,42,27.12,2022-07-02,0,Male,Secondary,Salaried,0,8.75,5.2,6.1,0,2022,7,2,Saturday,1.0,1,False,True,False,False,False,False,False,True,False,Mid-Low,0,Low_Missed,1,-0.3828159409860864,-0.9137579646411049,0.4363636363636363,0.06010027385950566,0.019783771388977058,0.49368370421001995,0.0,0.37209302325581395,0.20248062015503876,0.5753424657534246,0.09191257778930145,0.05542341732546353,0.7647058823529411,0.0,0.6086956521739131,0.20861538461538462,0.2560157041540018,-0.19514199912148392,-0.7837868620007253,0.03773584905660377,-0.5,-0.3333333333333333,0.05757290686735659,3.336481066942464,5.207686626516615,0.03556187766714082,-1.7602996954016341,-0.32359812908518765,0.0964,7.0,0.2712
CUST00652,43.0,660451.27,125859.74,732.0,48,9.24,2017-03-09,0,Female,Secondary,Self-Employed,2,8.75,5.2,6.1,0,2017,3,9,Thursday,1.0,0,False,True,False,False,False,False,False,True,False,High,1,High_Missed,2,0.1760812512564131,0.007951045156982875,0.4545454545454545,0.1336157424524296,0.16384893197202816,0.7012733854839117,0.3333333333333333,0.5116279069767442,0.06387596899224807,0.589041095890411,0.16293980602490257,0.1942505180140783,0.8611764705882353,0.3333333333333333,0.6956521739130435,0.07107692307692308,0.3274442755825732,0.693085909073204,0.3346317169499678,0.8113207547169812,0.5,0.3333333333333333,-0.6152398871119474,2.3263016196113617,3.0397368307141326,0.09765625,0.38631882082106805,0.6959848347474894,0.1906,8.0,0.0924
CUST00653,38.0,373536.92,35669.77,596.0,51,14.71,2025-05-02,1,Female,Post-Graduate,Salaried,2,9.1,5.6,7.2,1,2025,5,2,Friday,3.0,0,True,False,False,False,False,False,False,False,True,Mid-Low,0,High_Missed,2,-0.38090662999842845,-0.9162217430990451,0.36363636363636365,0.060351418245084165,0.019398677356683734,0.3569783043467254,0.3333333333333333,0.5813953488372092,0.10627906976744186,0.5205479452054794,0.09215522181968026,0.055052324912978755,0.7011764705882353,0.3333333333333333,0.7391304347826086,0.11315384615384616,-0.0296985815602839,-0.1921076247710672,-0.7867764558665622,-0.4716981132075472,0.5,0.6666666666666666,-0.4094073377234243,2.75429745226753,3.8353617821530213,0.06365372374283895,-1.7728757970851734,-0.3184004641432986,0.0955,8.5,0.1471
CUST00654,23.0,802319.63,107901.15,504.0,52,24.7,2016-10-01,1,Male,Secondary,Self-Employed,0,8.75,5.2,6.1,0,2016,10,1,Saturday,1.0,1,False,True,False,False,False,False,False,True,False,High,0,Low_Missed,2,0.4514908194899263,-0.17606986308200234,0.09090909090909088,0.16984219652070606,0.1350860562549991,0.12407280828333445,0.0,0.6046511627906976,0.18372093023255814,0.3150684931506849,0.1979401218838925,0.1665334306412421,0.5929411764705882,0.0,0.7536231884057971,0.19,-1.1011271529888553,1.1307808341583077,0.11133737947251637,-1.3396226415094339,-0.5,0.7777777777777778,-0.03349012229539043,3.246490991901174,4.969909455915671,0.038910505836575876,0.14323402945799843,0.9969511863559668,0.1345,8.67,0.247
CUST00655,46.0,361338.99,47292.01,596.0,54,35.04,2020-09-24,1,Female,Post-Graduate,Unemployed,3,8.55,5.0,5.9,0,2020,9,24,Thursday,3.0,0,False,False,False,True,False,False,False,True,False,Mid-Low,0,High_Missed,2,-0.4045865163003679,-0.7971291439266455,0.509090909090909,0.0572366451492857,0.03801311449643044,0.3569783043467254,0.5,0.6511627906976745,0.263875968992248,0.6301369863013698,0.08914587285120097,0.07298996041487907,0.7011764705882353,0.5,0.782608695652174,0.2695384615384615,0.5417299898682876,-0.22974090718543597,-0.6422673167412781,-0.4716981132075472,1.0,1.0,0.35559736594543745,3.584629432740137,5.919459434779497,0.02774694783573807,-1.2552513462222523,-0.3842180180464811,0.1309,9.0,0.3504
CUST00656,37.0,485108.38,59291.15,585.0,36,30.76,2024-06-03,1,Male,Graduate,Salaried,2,8.75,5.2,6.1,0,2024,6,3,Monday,2.0,1,False,True,False,False,False,False,True,False,False,Mid-High,0,High_Missed,0,-0.1643125449904485,-0.6741744664777626,0.34545454545454546,0.08884148023650032,0.057231203028505165,0.3291309080782765,0.3333333333333333,0.2325581395348837,0.23069767441860467,0.5068493150684932,0.11968099529622334,0.09150929917025427,0.6882352941176471,0.3333333333333333,0.5217391304347826,0.23661538461538462,-0.10112715298885533,0.1521147362002985,-0.4930718611626841,-0.5754716981132075,0.5,-1.0,0.19454374412041403,3.458207636378935,5.546169849544819,0.031486146095717885,-0.855195951089788,0.17291143117112023,0.1222,6.0,0.3076
CUST00657,51.0,299227.99,197370.76,599.0,39,4.53,2015-02-08,1,Female,Graduate,Salaried,1,9.1,5.6,7.2,0,2015,2,8,Sunday,2.0,0,True,False,False,False,False,False,True,False,False,Low,0,Med_Missed,0,-0.5251628286828592,0.7407214268793915,0.6,0.04137644003635764,0.2783825663307377,0.364573048783575,0.16666666666666666,0.3023255813953488,0.027364341085271318,0.6986301369863014,0.073822479965587,0.30461982815817296,0.7047058823529412,0.16666666666666666,0.5652173913043478,0.034846153846153846,0.8988728470111447,-0.42136692930876835,1.2237887071834308,-0.44339622641509435,0.0,-0.6666666666666666,-0.7924741298212606,1.7101878155342434,2.1283796653792764,0.18083182640144665,1.0665539248087705,-0.773572241162838,0.6596,6.5,0.0453
CUST00658,30.0,269473.37,140470.22,573.0,48,12.17,2020-08-19,1,Male,Graduate,Salaried,0,8.4,4.8,5.4,0,2020,8,19,Wednesday,2.0,1,False,False,True,False,False,False,False,True,False,Low,0,Low_Missed,2,-0.5829255817530453,0.15766401256742693,0.21818181818181814,0.033778520565455036,0.18724940051694944,0.29875193033087766,0.0,0.5116279069767442,0.08658914728682171,0.410958904109589,0.06648172337783043,0.21680016978067443,0.6741176470588235,0.0,0.6956521739130435,0.09361538461538461,-0.6011271529888553,-0.5131664409957698,0.5162961712210187,-0.6886792452830188,-0.5,0.3333333333333333,-0.5049858889934149,2.5779415157551897,3.4885527085024814,0.07593014426727411,0.556462868023812,-1.0015831760300167,0.5213,8.0,0.1217
CUST00659,20.0,249409.04,196717.09,613.0,45,32.19,2020-10-26,0,Male,Secondary,Salaried,2,8.4,4.8,5.4,0,2020,10,26,Monday,1.0,1,False,False,True,False,True,False,False,False,False,Low,0,High_Missed,1,-0.6218765392617859,0.7340232981795003,0.036363636363636376,0.028655041805598067,0.27733563397302197,0.4000151894888737,0.3333333333333333,0.4418604651162792,0.2417829457364341,0.273972602739726,0.06153165637558266,0.30361096117568703,0.7211764705882353,0.3333333333333333,0.6521739130434783,0.2476153846153846,-1.3154128672745695,-0.5750692882284635,1.215661075249137,-0.3113207547169811,0.5,0.0,0.24835371589840072,3.502248625731883,5.673623181001713,0.030129557095510698,1.061698110578681,-1.175689306424355,0.7887,7.5,0.3219
CUST00660,38.0,355476.12,251660.51,700.0,41,35.66,2018-11-20,1,Male,Graduate,Salaried,1,8.75,5.2,6.1,0,2018,11,20,Tuesday,2.0,1,False,True,False,False,False,False,False,True,False,Mid-Low,0,Med_Missed,1,-0.41596812736085537,1.2970261870564121,0.36363636363636365,0.05573954607262564,0.3653342330238677,0.620262778157515,0.16666666666666666,0.34883720930232565,0.2686821705426356,0.5205479452054794,0.0876994453190846,0.38841002238831207,0.8235294117647058,0.16666666666666666,0.5942028985507246,0.2743076923076923,-0.0296985815602839,-0.24782914367053877,1.898819083068534,0.5094339622641509,0.0,-0.4444444444444444,0.37892756349952955,3.6016862424115588,5.9715994507334464,0.02727768685215494,1.41599655234736,-0.4169407618766844,0.708,6.83,0.3566
CUST00661,52.0,501221.21,62087.3,787.0,35,19.81,2022-09-25,0,Male,Secondary,Unemployed,1,8.55,5.0,5.9,0,2022,9,25,Sunday,1.0,1,False,False,False,True,False,False,False,True,False,Mid-High,1,Med_Missed,0,-0.1330326489423092,-0.6455224363032088,0.6181818181818182,0.09295593321181453,0.061709578832851206,0.8405103668261562,0.16666666666666666,0.2093023255813954,0.14581395348837206,0.7123287671232876,0.1236561884921002,0.09582484587283815,0.9258823529411765,0.16666666666666666,0.5072463768115942,0.15238461538461537,0.9703014184397161,0.20182634152060402,-0.4583049634420069,1.330188679245283,0.0,-1.1111111111111112,-0.2174976481655692,3.035433640405543,4.450842616853577,0.04805382027871216,-0.775255444413665,0.2311204661314249,0.1239,5.83,0.1981
CUST00662,40.0,170091.6,242651.85,512.0,35,41.37,2018-09-25,1,Male,Post-Graduate,Self-Employed,1,8.55,5.0,5.9,0,2018,9,25,Tuesday,3.0,1,False,False,False,True,False,False,False,True,False,Low,0,Med_Missed,0,-0.7758557768013444,1.2047148310303424,0.4,0.008401127564443285,0.3509057635306073,0.14432546011493375,0.16666666666666666,0.2093023255813954,0.3129457364341085,0.547945205479452,0.04196326598094863,0.3745061570886324,0.6023529411764705,0.16666666666666666,0.5072463768115942,0.3182307692307692,0.11315856129685896,-0.819780941755312,1.7868067944501287,-1.2641509433962264,0.0,-1.1111111111111112,0.5937911571025399,3.7464405646384678,6.431951492354401,0.023601604909133822,1.364352292089434,-2.1127451197518305,1.4266,5.83,0.4137
CUST00663,36.0,432277.55,380049.55,547.0,47,40.95,2019-04-21,1,Male,Secondary,Salaried,1,8.75,5.2,6.1,0,2019,4,21,Sunday,1.0,1,False,True,False,False,False,True,False,False,False,Mid-Low,0,Med_Missed,1,-0.26687322927352713,2.6126232216081995,0.32727272727272727,0.07535099062779602,0.5709649646653089,0.23293081187818032,0.16666666666666666,0.4883720930232558,0.30968992248062016,0.4931506849315068,0.10664711136965505,0.5865642337932475,0.6435294117647059,0.16666666666666666,0.6811594202898551,0.315,-0.17255572441742675,-0.010879931384734969,3.4951885990587086,-0.9339622641509434,0.0,0.2222222222222222,0.5779868297271874,3.7364784329132155,6.3992187023104625,0.023837902264600714,1.981490622110615,-0.03810680073960219,0.8792,7.83,0.4095
CUST00664,28.0,944123.78,154455.33,587.0,35,95.19,2018-03-02,1,Male,Secondary,Salaried,2,8.75,5.2,6.1,0,2018,3,2,Friday,1.0,1,False,True,False,False,False,False,False,False,True,High,0,High_Missed,0,0.7267757366146492,0.30096884017483433,0.18181818181818177,0.2060522543987698,0.20964826261129982,0.33419407103617615,0.3333333333333333,0.2093023255813954,0.7301550387596899,0.3835616438356164,0.2329245965061098,0.23838463246893252,0.6905882352941176,0.3333333333333333,0.5072463768115942,0.7322307692307692,-0.7439842958459982,1.5682776573471204,0.6901848713917601,-0.5566037735849056,0.5,-1.1111111111111112,2.6190028222013173,4.566325402164524,9.756536270623915,0.010396091069757772,0.7013409983558632,1.2328464647703417,0.1636,5.83,0.9519
CUST00665,57.0,775261.39,73423.36,711.0,36,27.26,2022-03-05,0,Male,Graduate,Salaried,0,8.55,5.0,5.9,0,2022,3,5,Saturday,2.0,1,False,False,False,True,False,False,True,False,False,High,1,Low_Missed,0,0.39896255881532083,-0.5293623114241605,0.7090909090909091,0.16293280468359453,0.07986566374267899,0.6481101744259639,0.0,0.2325581395348837,0.20356589147286824,0.7808219178082192,0.19126458868827118,0.11332079435675106,0.8364705882352941,0.0,0.5217391304347826,0.2096923076923077,1.3274442755825733,1.0473002446192818,-0.3173541422859676,0.6132075471698113,-0.5,-1.0,0.0628410159924742,3.3414473772563813,5.221110992882645,0.035385704175513094,-0.4887775380211061,0.9454210110761024,0.0947,6.0,0.2726
CUST00666,27.0,330184.86,56490.06,634.0,42,19.23,2025-02-22,0,Female,Graduate,Self-Employed,1,8.4,4.8,5.4,0,2025,2,22,Saturday,2.0,0,False,False,True,False,True,False,False,False,False,Mid-Low,0,Med_Missed,1,-0.46506614327280027,-0.7028771166222972,0.16363636363636364,0.04928135716624202,0.05274491521068578,0.45317840054682157,0.16666666666666666,0.37209302325581395,0.14131782945736432,0.3698630136986301,0.08145984342002947,0.087186128126805,0.7458823529411764,0.16666666666666666,0.6086956521739131,0.14792307692307693,-0.8154128672745696,-0.3258582133729579,-0.527900182081237,-0.11320754716981132,0.0,-0.3333333333333333,-0.23932267168391347,3.007166651179654,4.38520238985614,0.049431537320810674,-0.9397245288873558,-0.5670196129777542,0.1711,7.0,0.1923
CUST00667,38.415780141843975,220039.76,142725.99,592.0,49,12.84,2017-01-15,1,Female,Graduate,Salaried,2,8.75,5.2,6.1,0,2017,1,15,Sunday,2.0,0,False,True,False,False,False,True,False,False,False,Low,0,High_Missed,2,-0.6788912303749359,0.18077879185568138,0.37119600257898133,0.02115551990417939,0.19086229173815344,0.34685197843092563,0.3333333333333333,0.5348837209302326,0.09178294573643411,0.5262435635869037,0.054285966945246567,0.22028170002235947,0.6964705882352941,0.3333333333333333,0.7101449275362319,0.09876923076923076,0.0,-0.6656799417202176,0.5443440673894543,-0.5094339622641509,0.5,0.4444444444444444,-0.4797742238946379,2.6275629501895237,3.5832945734337835,0.07225433526011561,0.5809202527292397,-1.4681876161068763,0.6486,8.17,0.1284
CUST00668,44.0,556774.26,174027.9,707.0,55,8.18,2019-09-16,0,Other,Graduate,Self-Employed,2,8.75,5.2,6.1,0,2019,9,16,Monday,2.0,2,False,True,False,False,True,False,False,False,False,Mid-High,1,High_Missed,3,-0.025187308976761073,0.501528132857117,0.47272727272727266,0.10714154876540002,0.24099612446308505,0.6379838485101643,0.3333333333333333,0.6744186046511629,0.055658914728682174,0.6027397260273972,0.13736167079224282,0.2685927185603769,0.831764705882353,0.3333333333333333,0.7971014492753623,0.06292307692307691,0.39887284701114467,0.3732196533062553,0.9335471871905527,0.5754716981132075,0.5,1.1111111111111112,-0.6551269990592663,2.217027204632399,2.8600699292150185,0.10893246187363835,0.8806765987634345,0.4137541378896731,0.3126,9.17,0.0818
CUST00669,18.0,138868.94,170955.92,727.0,41,39.78,2017-08-06,0,Male,Secondary,Unemployed,0,9.1,5.6,7.2,0,2017,8,6,Sunday,1.0,1,True,False,False,False,False,False,False,False,True,Low,1,Low_Missed,1,-0.836468441314431,0.4700496843991927,0.0,0.0004283402679706033,0.23607597321818224,0.6886154780891622,0.0,0.34883720930232565,0.30062015503875966,0.2465753424657534,0.03426032952663386,0.26385145891429085,0.8552941176470589,0.0,0.5942028985507246,0.306,-1.4582700101317125,-0.9161096779841488,0.8953506618038728,0.7641509433962265,-0.5,-0.4444444444444444,0.5339604891815618,3.708191765146309,6.307138812488591,0.024521824423737126,0.8541021375422634,-2.6646460214629144,1.2311,6.83,0.3978
CUST00670,52.0,377785.9,647924.8616000001,648.0,49,36.8,2017-10-21,0,Male,Graduate,Self-Employed,1,9.1,5.6,7.2,1,2017,10,21,Saturday,2.0,1,True,False,False,False,False,True,False,False,False,Mid-Low,0,Med_Missed,2,-0.37265806952142816,5.357530151129569,0.6181818181818182,0.06143640631999407,1.0,0.48862054125212007,0.16666666666666666,0.5348837209302326,0.2775193798449612,0.7123287671232876,0.09320348685973946,1.0,0.7623529411764706,0.16666666666666666,0.7101449275362319,0.28307692307692306,0.9703014184397161,-0.1789985919832904,6.825908896715029,0.018867924528301886,0.0,0.4444444444444444,0.4218250235183443,3.632309102625542,6.06630035524124,0.026455026455026457,2.665149200562096,-0.2961581941827261,1.7151,8.17,0.368
CUST00671,45.0,397601.8,106849.26,585.0,42,9.17,2026-03-02,1,Male,Secondary,Self-Employed,0,9.1,5.6,7.2,0,2026,3,2,Monday,1.0,1,True,False,False,False,False,False,False,False,True,Mid-Low,0,Low_Missed,1,-0.33418939008396614,-0.18684853519197903,0.49090909090909085,0.06649644783433567,0.13340132592049142,0.3291309080782765,0.0,0.37209302325581395,0.06333333333333334,0.6164383561643836,0.09809226374438208,0.16490995535523062,0.6882352941176471,0.0,0.6086956521739131,0.07053846153846154,0.4703014184397161,-0.11786220564602752,0.09825834149408065,-0.5754716981132075,-0.5,-0.3333333333333333,-0.6178739416745063,2.3194422100604686,3.028200785945344,0.09832841691248771,0.12758239923912476,-0.19675805782936676,0.2687,7.0,0.0917
CUST00672,48.0,1105325.21,135417.78,672.0,38,39.96,2023-03-02,1,Male,Secondary,Salaried,1,8.55,5.0,5.9,0,2023,3,2,Thursday,1.0,1,False,False,False,True,False,False,True,False,False,High,0,Med_Missed,0,1.039716664633588,0.10589187468672591,0.5454545454545454,0.24721545808728418,0.17915730064787583,0.5493784967469177,0.16666666666666666,0.2790697674418605,0.302015503875969,0.6575342465753424,0.27269457035313854,0.20900229027420913,0.7905882352941176,0.16666666666666666,0.5507246376811594,0.30738461538461537,0.6845871327254304,2.065619332597765,0.4534749117321292,0.24528301886792453,0.0,-0.7777777777777778,0.5407337723424273,3.7125959807312525,6.321392251711643,0.0244140625,0.5000138010738179,1.4484129820798297,0.1225,6.33,0.3996
CUST00673,44.0,186561.69,118451.45,631.0,57,29.99,2025-11-08,1,Other,Secondary,Self-Employed,1,8.4,4.8,5.4,0,2025,11,8,Saturday,1.0,2,False,False,True,False,True,False,False,False,False,Low,0,Med_Missed,3,-0.7438823306032837,-0.06796138751717432,0.47272727272727266,0.012606807808335438,0.15198365053591822,0.44558365610997175,0.16666666666666666,0.7209302325581395,0.2247286821705426,0.6027397260273972,0.046026598722836896,0.18281664591090602,0.7423529411764705,0.16666666666666666,0.8260869565217391,0.23069230769230767,0.39887284701114467,-0.7689671111824139,0.24251818201260192,-0.14150943396226415,0.0,1.3333333333333333,0.16556914393226715,3.433664571799657,5.476312628037227,0.032268473701193935,0.2911751909897843,-1.8744019763909268,0.6349,9.5,0.2999
CUST00674,36.0,284507.26,136600.17,631.0,35,21.49,2022-04-21,0,Female,Secondary,Salaried,1,8.4,4.8,5.4,1,2022,4,21,Thursday,1.0,0,False,False,True,False,False,False,False,True,False,Low,0,Med_Missed,0,-0.553740235888963,0.11800777474862922,0.32727272727272727,0.03761746341044543,0.18105104267434108,0.44558365610997175,0.16666666666666666,0.2093023255813954,0.1588372093023256,0.4931506849315068,0.07019073149344769,0.21082717780372945,0.7423529411764705,0.16666666666666666,0.5072463768115942,0.1653076923076923,-0.17255572441742675,-0.4667836015995316,0.4681765665775245,-0.14150943396226415,0.0,-1.1111111111111112,-0.15428033866415813,3.1130707659712242,4.635730794599704,0.0444642063139173,0.5134377461254197,-0.8823128786433958,0.4801,5.83,0.2149
CUST00675,26.0,420729.58,111569.13,609.0,34,4.14,2022-08-30,0,Male,Secondary,Self-Employed,1,8.4,4.8,5.4,0,2022,8,30,Tuesday,1.0,1,False,False,True,False,False,False,True,False,False,Mid-Low,0,Med_Missed,0,-0.2892913458406994,-0.13848422796240584,0.14545454545454545,0.07240218650553201,0.14096077430761617,0.38988886357307395,0.16666666666666666,0.18604651162790697,0.024341085271317828,0.3561643835616438,0.10379811390799314,0.17219455003546047,0.7164705882352941,0.16666666666666666,0.4927536231884058,0.031846153846153843,-0.886841438703141,-0.046507945016773945,0.1569444769105972,-0.3490566037735849,0.0,-1.2222222222222223,-0.8071495766698026,1.6370530794670737,2.0346989949375804,0.19455252918287938,0.1964765038464174,-0.0889560373221886,0.2652,5.67,0.0414
CUST00676,36.0,374922.54,163680.28,724.0,37,36.54,2023-03-23,0,Male,Graduate,Salaried,2,8.4,4.8,5.4,0,2023,3,23,Thursday,2.0,1,False,False,True,False,False,False,True,False,False,Mid-Low,1,High_Missed,0,-0.37821672080418867,0.3954965106355569,0.32727272727272727,0.0607052399096617,0.2244231469616752,0.6810207336523124,0.3333333333333333,0.2558139534883721,0.27550387596899223,0.4931506849315068,0.09249706786386189,0.25262231734063156,0.851764705882353,0.3333333333333333,0.5362318840579711,0.28107692307692306,-0.17255572441742675,-0.18783268395906078,0.8048864765017724,0.7358490566037735,0.5,-0.8888888888888888,0.41204139228598313,3.6254070311583626,6.044832503882965,0.02663825253063399,0.788921245117111,-0.31110937198272404,0.4366,6.17,0.3654
CUST00677,27.0,223033.72,37185.54,670.0,46,77.29,2022-07-04,0,Female,Secondary,Salaried,2,8.75,5.2,6.1,0,2022,7,4,Monday,1.0,0,False,True,False,False,False,False,False,False,True,Low,0,High_Missed,1,-0.6730790448325894,-0.9006897123504503,0.16363636363636364,0.021920035363597233,0.02182636817904792,0.5443153337890179,0.3333333333333333,0.4651162790697674,0.5913953488372093,0.3698630136986301,0.05502460624205088,0.05739174741369424,0.788235294117647,0.3333333333333333,0.6666666666666666,0.5945384615384616,-0.8154128672745696,-0.6564429201749781,-0.7679296055337578,0.22641509433962265,0.5,0.1111111111111111,1.9454374412041398,4.360419880919823,8.791473141629906,0.012773023374632774,-1.6951667088973068,-1.4359912405988267,0.1667,7.67,0.7729
CUST00678,43.0,595927.3,91238.84,733.0,39,14.26,2024-06-12,1,Male,Secondary,Salaried,1,8.75,5.2,6.1,0,2024,6,12,Wednesday,1.0,1,False,True,False,False,False,False,False,False,True,Mid-High,1,Med_Missed,0,0.05082063135207253,-0.34680784527100067,0.4545454545454545,0.11713937918504674,0.10839933131230535,0.7038049669628617,0.16666666666666666,0.3023255813953488,0.1027906976744186,0.589041095890411,0.14702110977384286,0.14081700735281677,0.8623529411764705,0.16666666666666666,0.5652173913043478,0.10969230769230769,0.3274442755825732,0.49401534664939456,-0.0958392124700532,0.8207547169811321,0.0,-0.6666666666666666,-0.42634054562558804,2.725235025856311,3.776241517699841,0.0655307994757536,-0.12782852548525978,0.528175111374965,0.1531,6.5,0.1426
CUST00679,38.415780141843975,620368.35,43031.69,757.0,34,30.02,2018-10-01,0,Male,Graduate,Salaried,3,8.4,4.8,5.4,0,2018,10,1,Monday,2.0,1,False,False,True,False,False,True,False,False,False,Mid-High,1,High_Missed,0,0.09826813146889696,-0.840784461843515,0.37119600257898133,0.12338046476047346,0.03118969157320689,0.7645629224576591,0.5,0.18604651162790697,0.22496124031007753,0.5262435635869037,0.1530509565270256,0.06641463007567974,0.8905882352941177,0.5,0.4927536231884058,0.23092307692307693,0.0,0.5694213325136933,-0.6952394783554102,1.0471698113207548,1.0,-1.2222222222222223,0.1666980244590781,3.4346321577483927,5.47905101272109,0.032237266279819474,-1.4261733373157721,0.5945327268130285,0.0694,5.67,0.3002
CUST00680,54.0,1080099.69,116543.66,687.0,43,38.58,2016-02-29,1,Male,Secondary,Self-Employed,1,9.1,5.6,7.2,0,2016,2,29,Monday,1.0,1,True,False,False,False,False,False,False,False,True,High,0,Med_Missed,1,0.9907462700250519,-0.08751043053944121,0.6545454545454545,0.24077405606058566,0.14892809179415784,0.5873522189311662,0.16666666666666666,0.39534883720930236,0.2913178294573643,0.7397260273972602,0.2664711871568623,0.17987218411746772,0.808235294117647,0.16666666666666666,0.6231884057971014,0.29676923076923073,1.1131585612968589,1.9877930851763332,0.21879701547914326,0.3867924528301887,0.0,-0.2222222222222222,0.4888052681091251,3.6783239401744194,6.211280061307813,0.025265285497726126,0.26556810541189174,1.4176092379233927,0.1079,7.17,0.3858
CUST00681,42.0,732358.28,264384.06,609.0,48,2.32,2020-08-13,0,Male,Graduate,Self-Employed,1,8.75,5.2,6.1,0,2020,8,13,Thursday,2.0,1,False,True,False,False,True,False,False,False,False,High,0,Med_Missed,2,0.31567459382457225,1.4274038629777477,0.4363636363636363,0.1519773841528912,0.38571255266529864,0.38988886357307395,0.16666666666666666,0.5116279069767442,0.010232558139534883,0.5753424657534246,0.18067997065692867,0.4080474074526545,0.7164705882352941,0.16666666666666666,0.6956521739130435,0.017846153846153845,0.2560157041540018,0.9149347649776763,2.057021740827925,-0.3490566037735849,0.0,0.3333333333333333,-0.8756349952963313,1.199964782928397,1.5231546211727816,0.30120481927710846,1.4854411874017672,0.8584795066083006,0.361,8.0,0.0232
CUST00682,48.0,328749.83,74276.44,733.0,44,12.38,2015-01-09,0,Male,Post-Graduate,Unemployed,0,8.4,4.8,5.4,0,2015,1,9,Friday,3.0,1,False,False,True,False,False,False,True,False,False,Mid-Low,1,Low_Missed,1,-0.4678519722814822,-0.5206208369319808,0.5454545454545454,0.04891491852987802,0.08123197557543886,0.7038049669628617,0.0,0.4186046511627908,0.0882170542635659,0.6575342465753424,0.08110580744423385,0.1146374285076515,0.8623529411764705,0.0,0.6376811594202898,0.09523076923076923,0.6845871327254304,-0.33028559484367387,-0.3067470771758858,0.8207547169811321,-0.5,-0.1111111111111111,-0.4970837253057385,2.5937610547000824,3.518522417151836,0.07473841554559042,-0.4692980696109779,-0.5760028537057478,0.2259,7.33,0.1238
CUST00683,35.0,267819.55,106548.04,687.0,45,7.01,2015-07-18,1,Male,Secondary,Salaried,2,9.1,5.6,7.2,0,2015,7,18,Saturday,1.0,1,True,False,False,False,False,False,False,True,False,Low,0,High_Missed,1,-0.5861361485921626,-0.18993512372592,0.3090909090909091,0.03335621333453197,0.13291888529327717,0.5873522189311662,0.3333333333333333,0.4418604651162792,0.0465891472868217,0.4794520547945205,0.06607370976313921,0.16444505576910246,0.808235294117647,0.3333333333333333,0.6521739130434783,0.05392307692307692,-0.24398429584599818,-0.5182688374780033,0.09451301848514965,0.3867924528301887,0.5,0.0,-0.6991533396048919,2.080690761080268,2.6476404589747453,0.12484394506866417,0.12306789457414416,-1.0152569472862103,0.3978,7.5,0.0701
CUST00684,33.0,223184.55,155420.87,850.0,51,76.99,2015-08-01,0,Male,Post-Graduate,Unemployed,3,9.1,5.6,7.2,0,2015,8,1,Saturday,3.0,1,True,False,False,False,False,False,False,True,False,Low,1,High_Missed,2,-0.6727862379997152,0.3108626875058927,0.2727272727272727,0.021958550195707215,0.21119469287224013,1.0,0.5,0.5813953488372092,0.5890697674418603,0.4520547945205479,0.05506181748239377,0.23987483612868357,1.0,0.5,0.7391304347826086,0.5922307692307692,-0.386841438703141,-0.6559775766300849,0.7021902467919435,1.9245283018867925,1.0,0.6666666666666666,1.93414863593603,4.356580613342406,8.774394566008528,0.012822156686754713,0.7107845708585664,-1.4343848515128883,0.6964,8.5,0.7699
CUST00685,43.0,924133.83,28548.69,675.0,45,2.17,2015-11-21,0,Female,Primary,Salaried,0,8.55,5.0,5.9,0,2015,11,21,Saturday,0.0,0,False,False,False,True,False,False,False,True,False,High,0,Low_Missed,1,0.6879691732730449,-0.9891911471136404,0.4545454545454545,0.2009477687650306,0.007993397821318145,0.5569732411837673,0.0,0.4418604651162792,0.009069767441860464,0.589041095890411,0.22799287977938218,0.0440617295182982,0.7941176470588235,0.0,0.6521739130434783,0.01669230769230769,0.3274442755825732,1.5066042886854611,-0.8753188659735878,0.27358490566037735,-0.5,0.0,-0.8812793979303859,1.1537315878891892,1.4730919862656235,0.31545741324921134,-2.1967212954525612,1.2026186089249815,0.0309,7.5,0.0217
CUST00686,34.0,299812.59,72166.68,706.0,47,21.42,2023-02-15,1,Male,Primary,Salaried,0,8.55,5.0,5.9,0,2023,2,15,Wednesday,0.0,1,False,False,False,True,False,False,False,True,False,Low,1,Low_Missed,1,-0.5240279425561054,-0.5422394579577007,0.2909090909090909,0.04152571916419358,0.07785293720590321,0.6354522670312144,0.0,0.4883720930232558,0.15829457364341087,0.4657534246575342,0.07396670651935251,0.11138124847037045,0.8305882352941176,0.0,0.6811594202898551,0.16476923076923078,-0.31541286727456963,-0.41956331042429845,-0.33297950753018585,0.5660377358490566,-0.5,0.2222222222222222,-0.1569143932267168,3.109953417644014,4.628174586162454,0.04460303300624442,-0.5179497034442054,-0.7694049888187793,0.2407,7.83,0.2142
CUST00687,41.0,927376.52,122848.77,673.0,42,32.49,2021-11-14,0,Male,Graduate,Self-Employed,1,9.1,5.6,7.2,0,2021,11,14,Sunday,2.0,1,True,False,False,False,False,False,False,False,True,High,0,Med_Missed,1,0.6942642192777717,-0.0229022364247191,0.4181818181818181,0.20177579807574272,0.1590264956951432,0.5519100782258677,0.16666666666666666,0.37209302325581395,0.24410852713178294,0.5616438356164384,0.22879288320673405,0.18960342052106863,0.7917647058823529,0.16666666666666666,0.6086956521739131,0.24992307692307694,0.1845871327254304,1.5166086966917582,0.29719378049089823,0.25471698113207547,0.0,-0.3333333333333333,0.25964252116651,3.5112468868061133,5.7,0.02985965959988056,0.34844262951423827,1.20758231729822,0.1325,7.0,0.3249
CUST00688,26.0,575236.2,23557.8763,642.0,39,14.16,2025-09-28,1,Female,Graduate,Salaried,3,8.75,5.2,6.1,0,2025,9,28,Sunday,2.0,0,False,True,False,False,False,False,False,True,False,Mid-High,0,High_Missed,0,0.010652922940722235,-1.0403318029182202,0.14545454545454545,0.11185585307836504,0.0,0.47343105237842065,0.5,0.3023255813953488,0.10201550387596899,0.3561643835616438,0.14191641246522554,0.036358963355450906,0.7552941176470588,0.5,0.5652173913043478,0.10892307692307693,-0.886841438703141,0.43017877685731104,-0.9373738735557469,-0.03773584905660377,1.0,-0.6666666666666666,-0.43010348071495774,2.7186603802142257,3.7629775444453557,0.06596306068601583,-2.573538266726492,0.46902984518282936,0.041,6.5,0.1416
CUST00689,28.0,521753.97,54935.49,850.0,52,2.77,2018-05-01,0,Female,Graduate,Salaried,2,8.4,4.8,5.4,0,2018,5,1,Tuesday,2.0,0,False,False,True,False,True,False,False,False,False,Mid-High,1,High_Missed,2,-0.09317232655441145,-0.7188067293213499,0.18181818181818177,0.09819902678838752,0.05025508144849054,1.0,0.3333333333333333,0.6046511627906976,0.013720930232558139,0.3835616438356164,0.1287218217697164,0.08478682213913058,1.0,0.3333333333333333,0.7536231884057971,0.02130769230769231,-0.7439842958459982,0.26517439777494006,-0.5472294656281257,1.9245283018867925,0.5,0.7777777777777778,-0.8587017873941676,1.3270750014599193,1.6643316977093239,0.26525198938992045,-0.988733128633276,0.30170336968774786,0.1053,8.67,0.0277
CUST00690,45.0,379483.29,191092.86,674.0,46,22.11,2018-10-21,1,Male,Primary,Salaried,0,9.1,5.6,7.2,0,2018,10,21,Sunday,0.0,1,True,False,False,False,False,False,True,False,False,Mid-Low,0,Low_Missed,1,-0.3693629200813143,0.6763920524778639,0.49090909090909085,0.061869839263540824,0.2683277425687421,0.5544416597048176,0.0,0.4651162790697674,0.16364341085271317,0.6164383561643836,0.09362224962076587,0.2949305873648852,0.7929411764705883,0.0,0.6666666666666666,0.17007692307692307,0.4703014184397161,-0.1737617725198795,1.145730267113821,0.2641509433962264,-0.5,0.1111111111111111,-0.1309501411100659,3.1402654242862895,4.702127178203499,0.043271311120726956,1.0191399060061614,-0.2873679207064441,0.5036,7.67,0.2211
CUST00691,48.0,615590.01,180195.59,692.0,50,13.97,2020-08-19,0,Male,Graduate,Salaried,0,8.75,5.2,6.1,0,2020,8,19,Wednesday,2.0,1,False,True,False,False,False,False,True,False,False,Mid-High,0,Low_Missed,2,0.08899192247999403,0.5647281900741093,0.5454545454545454,0.12216030323515092,0.2508744334467615,0.6000101263259157,0.0,0.558139534883721,0.10054263565891473,0.6575342465753424,0.15187209318299566,0.2781118624697021,0.8141176470588235,0.0,0.7246376811594203,0.10746153846153847,0.6845871327254304,0.5546791083255013,1.0102352931229395,0.4339622641509434,-0.5,0.5555555555555556,-0.43725305738476017,2.706048198431537,3.7376463182061515,0.0668002672010688,0.9324461491525255,0.5818426978778608,0.2927,8.33,0.1397
CUST00692,27.0,439004.36,123573.44,742.0,49,35.08,2023-12-24,0,Female,Secondary,Self-Employed,2,8.75,5.2,6.1,0,2023,12,24,Sunday,1.0,0,False,True,False,False,False,False,False,True,False,Mid-High,1,High_Missed,2,-0.2538144483185004,-0.015476573743320112,0.16363636363636364,0.07706869902656105,0.16018714322626115,0.7265892002734107,0.3333333333333333,0.5348837209302326,0.26418604651162786,0.3698630136986301,0.10830668137330782,0.19072186811113406,0.8729411764705882,0.3333333333333333,0.7101449275362319,0.26984615384615385,-0.8154128672745696,0.009873748992001082,0.3062042154715835,0.9056603773584906,0.5,0.4444444444444444,0.3571025399811853,3.585738695194423,5.922837157984339,0.02771618625277162,0.3576548615110134,-0.009332224872102945,0.2815,8.17,0.3508
CUST00693,45.0,367836.33,167597.17,675.0,47,44.38,2025-09-12,0,Male,Secondary,Salaried,0,8.75,5.2,6.1,0,2025,9,12,Friday,1.0,1,False,True,False,False,False,False,True,False,False,Mid-Low,0,Low_Missed,1,-0.39197320629899524,0.43563271594300035,0.49090909090909085,0.0588957577877625,0.23069652478628583,0.5569732411837673,0.0,0.4883720930232558,0.3362790697674419,0.6164383561643836,0.09074883035520857,0.25866760165080227,0.7941176470588235,0.0,0.6811594202898551,0.3413846153846154,0.4703014184397161,-0.20969519195652614,0.8535884824789709,0.27358490566037735,-0.5,0.2222222222222222,0.7070555032925684,3.8150714793516958,6.661831579978587,0.022036139268400173,0.8244143657712817,-0.3487892501068862,0.4556,7.83,0.4438
CUST00694,32.0,626561.61,112314.98,613.0,49,9.23,2023-05-20,0,Male,Secondary,Salaried,1,8.4,4.8,5.4,0,2023,5,20,Saturday,1.0,1,False,False,True,False,False,False,True,False,False,Mid-High,0,Med_Missed,2,0.1102911298496345,-0.13084153472145288,0.2545454545454545,0.1249619297814471,0.1421553441960955,0.4000151894888737,0.16666666666666666,0.5348837209302326,0.06379844961240311,0.4383561643835616,0.15457889451261203,0.17334568660113903,0.7211764705882353,0.16666666666666666,0.7101449275362319,0.07100000000000001,-0.4582700101317125,0.5885288944234284,0.16621826074371301,-0.3113207547169811,0.0,0.4444444444444444,-0.6156161806208844,2.325324579963535,3.0380915061926625,0.09775171065493646,0.20705783944700157,0.6107835238111451,0.1793,8.17,0.0923
CUST00695,38.0,411685.07,137755.68,624.0,54,15.21,2020-10-29,0,Female,Post-Graduate,Salaried,0,8.4,4.8,5.4,0,2020,10,29,Thursday,3.0,0,False,False,True,False,False,False,True,False,False,Mid-Low,0,Low_Missed,2,-0.30684948631672726,0.1298482365933078,0.36363636363636365,0.07009264739416801,0.18290173309712948,0.4278625857573226,0.0,0.6511627906976745,0.11015503875968993,0.5205479452054794,0.1015667445823042,0.2126105790412534,0.7341176470588235,0.0,0.782608695652174,0.117,-0.0296985815602839,-0.07441223690314999,0.48254399964986283,-0.20754716981132076,-0.5,1.0,-0.39059266227657574,2.785628335747585,3.9,0.061690314620604564,0.5264286769497772,-0.1301294417465149,0.3346,9.0,0.1521
CUST00696,54.0,202965.51,81683.54,544.0,47,15.85,2026-03-29,1,Male,Primary,Salaried,0,8.75,5.2,6.1,1,2026,3,29,Sunday,0.0,1,False,True,False,False,False,False,False,True,False,Low,0,Low_Missed,1,-0.7120375345995781,-0.44472059813723214,0.6545454545454545,0.016795565835666368,0.09309535108117765,0.2253360674413305,0.0,0.4883720930232558,0.11511627906976744,0.7397260273972602,0.05007358200574801,0.12606946397810517,0.64,0.0,0.6811594202898551,0.12192307692307693,1.1131585612968589,-0.7183577380564432,-0.21464833851493148,-0.9622641509433962,-0.5,0.2222222222222222,-0.3665098777046097,2.8243506567983707,3.9812058474788765,0.05934718100890207,-0.31022776132171176,-1.6639433269938968,0.4025,7.83,0.1585
CUST00697,47.0,597143.89,105819.24,783.0,46,43.94,2017-01-31,0,Female,Graduate,Self-Employed,4,8.55,5.0,5.9,0,2017,1,31,Tuesday,2.0,0,False,False,False,True,True,False,False,False,False,Mid-High,1,High_Missed,1,0.053182401986604434,-0.1974031063417362,0.5272727272727272,0.11745003860026043,0.131751623062636,0.8303840409103567,0.6666666666666666,0.4651162790697674,0.3328682170542635,0.6438356164383562,0.1473212544591757,0.16332023398313134,0.9211764705882353,0.6666666666666666,0.6666666666666666,0.33799999999999997,0.613158561296859,0.49776879293515747,0.08545123172162512,1.2924528301886793,1.5,0.1111111111111111,0.6904985888993416,3.8053282667571833,6.62872536767062,0.022251891410769917,0.11208439455597556,0.531565390698014,0.1772,7.67,0.4394
CUST00698,47.0,428483.36,67546.92,607.0,50,27.64,2020-05-30,1,Male,Graduate,Salaried,1,8.55,5.0,5.9,0,2020,5,30,Saturday,2.0,1,False,False,False,True,False,False,False,True,False,Mid-Low,0,Med_Missed,2,-0.27423890425345865,-0.5895779422733475,0.5272727272727272,0.07438213436018769,0.07045382721327562,0.3848257006151743,0.16666666666666666,0.558139534883721,0.20651162790697675,0.6438356164383562,0.10571104748318297,0.10425116244682776,0.7141176470588235,0.16666666666666666,0.7246376811594203,0.21261538461538462,0.613158561296859,-0.022585837534694345,-0.39042089065128993,-0.36792452830188677,0.0,0.5555555555555556,0.07714016933207907,3.3548043420924447,5.2573757712379665,0.034916201117318434,-0.6304148049726234,-0.054607495498144205,0.1576,8.33,0.2764
CUST00699,59.0,564928.81,210678.81,727.0,42,9.58,2017-11-02,0,Female,Graduate,Self-Employed,1,8.75,5.2,6.1,0,2017,11,2,Thursday,2.0,0,False,True,False,False,False,False,True,False,False,Mid-High,1,Med_Missed,1,-0.009356851116822407,0.8770884494513096,0.7454545454545455,0.10922383428010157,0.29969703412503607,0.6886154780891622,0.16666666666666666,0.37209302325581395,0.06651162790697675,0.8082191780821918,0.1393734782571908,0.32515932399899744,0.8552941176470589,0.16666666666666666,0.6086956521739131,0.0736923076923077,1.470301418439716,0.3983782239089799,1.3892589477683983,0.7641509433962265,0.0,-0.3333333333333333,-0.6024459078080904,2.3589654264301534,3.095157508108432,0.0945179584120983,1.1615938468396467,0.43847267938262185,0.3729,7.0,0.0958
CUST00700,30.0,352593.13,245962.82,672.0,40,53.7,2016-11-28,0,Male,Graduate,Self-Employed,0,8.55,5.0,5.9,0,2016,11,28,Monday,2.0,1,False,False,False,True,False,True,False,False,False,Mid-Low,0,Low_Missed,1,-0.4215648864347005,1.2386421998578523,0.21818181818181814,0.05500336709082661,0.3562086864556706,0.5493784967469177,0.0,0.32558139534883723,0.40852713178294575,0.410958904109589,0.0869881834096757,0.3796162712333865,0.7905882352941176,0.0,0.5797101449275363,0.4130769230769231,-0.6011271529888553,-0.2567237984904796,1.8279748846263457,0.24528301886792453,-0.5,-0.5555555555555556,1.0577610536218254,4.001863709427935,7.328028384224504,0.018281535648994516,1.383584420345585,-0.43330285760028475,0.6976,6.67,0.537
CUST00701,27.0,241696.8,225922.59,674.0,45,14.12,2019-07-24,1,Male,Post-Graduate,Salaried,0,8.75,5.2,6.1,0,2019,7,24,Wednesday,3.0,1,False,True,False,False,False,False,False,True,False,Low,0,Low_Missed,1,-0.6368483390944847,1.0332908150376545,0.16363636363636364,0.026685701297795447,0.3241118099842618,0.5544416597048176,0.0,0.4418604651162792,0.10170542635658913,0.3698630136986301,0.05962897112581776,0.34868640391742606,0.7929411764705883,0.0,0.6521739130434783,0.10861538461538461,-0.8154128672745696,-0.5988632357234395,1.5787977565363485,0.2641509433962264,-0.5,0.0,-0.43160865475070564,2.716018370751387,3.757658845611187,0.06613756613756615,1.262357499536743,-1.2477754666610192,0.9347,7.5,0.1412
CUST00702,30.0,1053403.58,77275.69,641.0,47,17.43,2023-10-18,0,Male,Secondary,Self-Employed,0,8.55,5.0,5.9,0,2023,10,18,Wednesday,1.0,1,False,False,False,True,True,False,False,False,False,High,0,Low_Missed,1,0.9389210136492515,-0.48988764969201504,0.21818181818181814,0.2339571350591964,0.08603564084060163,0.47089947089947093,0.0,0.4883720930232558,0.12736434108527134,0.410958904109589,0.25988499498401746,0.11926643748346637,0.7541176470588236,0.0,0.6811594202898551,0.13407692307692307,-0.6011271529888553,1.9054297459052396,-0.2694548653886995,-0.04716981132075472,-0.5,0.2222222222222222,-0.30705550329256825,2.9139797716817317,4.174925149029621,0.05425935973955508,-0.40279083244848335,1.3839229836973934,0.0734,7.83,0.1743
CUST00703,35.0,958673.37,55700.01,587.0,33,11.71,2018-09-05,1,Male,Primary,Salaried,0,8.55,5.0,5.9,0,2018,9,5,Wednesday,0.0,1,False,False,False,True,False,False,False,True,False,High,0,Low_Missed,0,0.7550209091102968,-0.7109727253841326,0.3090909090909091,0.20976752998133982,0.051479553622708174,0.33419407103617615,0.0,0.16279069767441867,0.08302325581395349,0.4794520547945205,0.23651412306170544,0.08596677377443607,0.6905882352941176,0.0,0.4782608695652174,0.09007692307692308,-0.24398429584599818,1.613166325300066,-0.537723541895346,-0.5566037735849056,-0.5,-1.3333333333333333,-0.5222953904045156,2.542389085201363,3.4219877264537346,0.07867820613690008,-0.9644356776701527,1.2543043845317554,0.0581,5.5,0.1171
CUST00704,18.0,688239.72,212391.0,573.0,49,29.2,2024-05-30,1,Female,Graduate,Salaried,1,8.75,5.2,6.1,0,2024,5,30,Thursday,2.0,0,False,True,False,False,False,False,False,False,True,High,0,Med_Missed,2,0.23002707128547778,0.8946331875893098,0.0,0.140711595308934,0.3024393155721842,0.29875193033087766,0.16666666666666666,0.5348837209302326,0.2186046511627907,0.2465753424657534,0.16979548918943443,0.3278018989354984,0.6741176470588235,0.16666666666666666,0.7101449275362319,0.2246153846153846,-1.4582700101317125,0.778819356199689,1.4105480540782767,-0.6886792452830188,0.0,0.4444444444444444,0.13584195672624647,3.407841924380824,5.403702434442518,0.033112582781456956,1.1733210490314974,0.7615187706477333,0.3086,8.17,0.292
CUST00705,36.0,364431.78,136809.44,788.0,51,19.79,2022-01-08,0,Male,Secondary,Self-Employed,2,9.1,5.6,7.2,0,2022,1,8,Saturday,1.0,1,True,False,False,False,True,False,False,False,False,Mid-Low,1,High_Missed,2,-0.39858247171610023,0.12015215554172994,0.32727272727272727,0.05802639710580247,0.18138621414388867,0.8430419483051061,0.3333333333333333,0.5813953488372092,0.14565891472868214,0.4931506849315068,0.08990889447833142,0.21115016278609797,0.9270588235294117,0.3333333333333333,0.7391304347826086,0.15223076923076923,-0.17255572441742675,-0.2201989734705895,0.4707785974721495,1.3396226415094339,0.5,0.6666666666666666,-0.21825023518344314,3.0344721018699214,4.448595283907045,0.0481000481000481,0.5157997865350383,-0.3672462375564539,0.3754,8.5,0.1979
CUST00706,38.415780141843975,380728.2,120228.65,659.0,35,64.53,2023-02-17,1,Male,Secondary,Salaried,2,8.55,5.0,5.9,0,2023,2,17,Friday,1.0,1,False,False,False,True,False,True,False,False,False,Mid-Low,0,High_Missed,0,-0.3669461717267863,-0.04975049467300761,0.37119600257898133,0.06218773026428362,0.15483005343972656,0.516467937520569,0.3333333333333333,0.2093023255813954,0.4924806201550388,0.5262435635869037,0.09392938112786173,0.18555955655583997,0.7752941176470588,0.3333333333333333,0.5072463768115942,0.49638461538461537,0.0,-0.16992095283896044,0.2646156126329861,0.12264150943396226,0.5,-1.1111111111111112,1.4652869238005646,4.182508053051405,8.03305670339753,0.015260186174271325,0.3146084204489039,-0.2809549059068694,0.3158,5.83,0.6453
CUST00707,47.0,883073.51,67495.81,740.0,36,27.91,2017-10-17,0,Female,Secondary,Salaried,0,8.55,5.0,5.9,0,2017,10,17,Tuesday,1.0,0,False,False,False,True,False,True,False,False,False,High,1,Low_Missed,0,0.6082586232763445,-0.5901016642704584,0.5272727272727272,0.19046290944538571,0.07037196830464763,0.721526037315511,0.0,0.2325581395348837,0.2086046511627907,0.6438356164383562,0.21786289611515147,0.1041722798432589,0.8705882352941177,0.0,0.5217391304347826,0.21469230769230768,0.613158561296859,1.3799242193143175,-0.39105638450623476,0.8867924528301887,-0.5,-1.0,0.08730009407337726,3.364187556028255,5.282991576748916,0.03459010722933241,-0.631707830625691,1.1376382946956536,0.0764,6.0,0.2791
CUST00708,42.0,370676.5,127439.66,761.0,46,12.34,2024-12-02,0,Female,Secondary,Self-Employed,1,8.55,5.0,5.9,0,2024,12,2,Monday,1.0,0,False,False,False,True,False,False,False,True,False,Mid-Low,1,Med_Missed,1,-0.3864595738483926,0.02414041822830624,0.4363636363636363,0.05962100257138511,0.16637936685599447,0.7746892483734589,0.16666666666666666,0.4651162790697674,0.08790697674418604,0.5753424657534246,0.09144952815063827,0.19668894890882513,0.8952941176470588,0.16666666666666666,0.6666666666666666,0.09492307692307692,0.2560157041540018,-0.2009326462036962,0.35427619848595554,1.0849056603773586,0.0,0.1111111111111111,-0.4985888993414864,2.590767040487478,3.5128336140500593,0.07496251874062969,0.40578078996895667,-0.33356919360774046,0.3438,7.67,0.1234
CUST00709,31.0,322456.0,51474.05,617.0,46,25.71,2017-05-05,1,Male,Primary,Unemployed,1,9.1,5.6,7.2,0,2017,5,5,Friday,0.0,1,True,False,False,False,False,False,False,False,True,Low,0,Med_Missed,1,-0.48007020757253044,-0.7542759578417823,0.23636363636363633,0.0473077726982878,0.04471116243692266,0.41014151540467325,0.16666666666666666,0.4651162790697674,0.19155038759689924,0.4246575342465753,0.07955305785325537,0.07944447427574987,0.7258823529411764,0.16666666666666666,0.6666666666666666,0.19776923076923078,-0.5296985815602839,-0.34970343720365027,-0.5902684765704073,-0.27358490566037735,0.0,0.1111111111111111,0.004515522107243688,3.2850380271218693,5.070502933634888,0.037439161362785474,-1.1038029217982683,-0.6160427721542368,0.1596,7.67,0.2571
CUST00710,44.0,1128181.2,144413.71,684.0,48,70.66,2019-04-08,0,Male,Primary,Salaried,3,8.75,5.2,6.1,0,2019,4,8,Monday,0.0,1,False,True,False,False,False,False,True,False,False,High,0,High_Missed,2,1.084087081951794,0.19807278694399846,0.47272727272727266,0.253051794476314,0.19356538149103186,0.5797574744943166,0.5,0.5116279069767442,0.5399999999999999,0.6027397260273972,0.2783333672580292,0.22288650823396647,0.8047058823529412,0.5,0.6956521739130435,0.5435384615384615,0.39887284701114467,2.1361350616214594,0.5653289174944707,0.3584905660377358,1.0,0.3333333333333333,1.6959548447789277,4.271932711876808,8.405950273467004,0.013954786491766676,0.5989312825489165,1.4755069237448364,0.128,8.0,0.7066
CUST00711,46.0,431991.49,225783.54,654.0,49,8.58,2024-01-02,0,Other,Post-Graduate,Salaried,0,8.55,5.0,5.9,0,2024,1,2,Tuesday,3.0,2,False,False,False,True,False,False,False,True,False,Mid-Low,0,Low_Missed,2,-0.26742855860198966,1.0318659755992226,0.509090909090909,0.07527794446407937,0.32388910442283114,0.5038100301258195,0.0,0.5348837209302326,0.058759689922480624,0.6301369863013698,0.10657653756197431,0.34847179569934256,0.7694117647058824,0.0,0.7101449275362319,0.066,0.5417299898682876,-0.011762489061935465,1.5770688302884506,0.07547169811320754,-0.5,0.4444444444444444,-0.6400752587017874,2.259677591982769,2.929163703175362,0.10438413361169102,1.2614738813689685,-0.039343965960799185,0.5227,8.17,0.0858
CUST00712,30.0,1071117.08,262663.05,557.0,40,36.52,2022-12-07,1,Female,Secondary,Self-Employed,2,9.1,5.6,7.2,0,2022,12,7,Wednesday,1.0,0,True,False,False,False,False,False,True,False,False,High,0,High_Missed,1,0.973308296246332,1.4097687466747206,0.21818181818181814,0.2384803232749368,0.382956144910694,0.2582466266676793,0.3333333333333333,0.32558139534883723,0.2753488372093023,0.410958904109589,0.2642550891682895,0.40539121982659226,0.6552941176470588,0.3333333333333333,0.5797101449275363,0.28092307692307694,-0.6011271529888553,1.9600797683309235,2.0356229679987625,-0.839622641509434,0.5,-0.5555555555555556,0.4112888052681093,3.624874124138024,6.043177971895251,0.026652452025586353,1.4762742520260095,1.406402490967084,0.2452,6.67,0.3652
CUST00713,33.0,219872.71,151011.98,635.0,49,4.2,2018-06-11,1,Female,Post-Graduate,Salaried,0,9.1,5.6,7.2,0,2018,6,11,Monday,3.0,0,True,False,False,False,False,False,False,True,False,Low,0,Low_Missed,2,-0.6792155251533729,0.26568497911532435,0.2727272727272727,0.02111286325295634,0.20413331694461712,0.4557099820257715,0.0,0.5348837209302326,0.024806201550387597,0.4520547945205479,0.054244754071817676,0.23307020450965205,0.7470588235294118,0.0,0.7101449275362319,0.03230769230769231,-0.386841438703141,-0.6661953275133252,0.6473707887186227,-0.10377358490566038,-0.5,0.4444444444444444,-0.8048918156161807,1.6486586255873816,2.04939015319192,0.1923076923076923,0.6671045232271283,-1.4700016101912179,0.6868,8.17,0.042
CUST00714,18.0,573258.74,43078.83,694.2,46,61.53,2018-01-12,1,Female,Post-Graduate,Salaried,2,8.4,4.8,5.4,0,2018,1,12,Friday,3.0,0,False,False,True,False,False,False,True,False,False,Mid-High,0,High_Missed,1,0.006814072581142179,-0.8403014202676237,0.0,0.11135090353315388,0.031265192041857306,0.6055796055796057,0.3333333333333333,0.4651162790697674,0.4692248062015504,0.2465753424657534,0.1414285536882684,0.06648738542555718,0.8167058823529413,0.3333333333333333,0.6666666666666666,0.4733076923076923,-1.4582700101317125,0.4240778801770451,-0.6946533468679891,0.4547169811320759,0.5,0.1111111111111111,1.3523988711194732,4.1356464415792065,7.844106067615353,0.015992323684631375,-1.424177674588361,0.4632256242559919,0.0751,7.67,0.6153
CUST00715,26.0,1246115.04,111123.57,610.0,39,17.8,2019-12-24,0,Female,Secondary,Self-Employed,1,9.1,5.6,7.2,0,2019,12,24,Tuesday,1.0,0,True,False,False,False,False,False,True,False,False,High,0,Med_Missed,0,1.31303247861755,-0.1430498623398799,0.14545454545454545,0.2831665067198013,0.1402471555377417,0.3924204450520239,0.16666666666666666,0.3023255813953488,0.13023255813953488,0.3561643835616438,0.30742880228289016,0.17150687770428966,0.7176470588235294,0.16666666666666666,0.5652173913043478,0.13692307692307693,-0.886841438703141,2.4999867566984917,0.15140445260988916,-0.33962264150943394,0.0,-0.6666666666666666,-0.2931326434619003,2.9338568698359038,4.219004621945797,0.05319148936170213,0.19011667537936058,1.604293568671477,0.0892,6.5,0.178
CUST00716,30.0,4049190.39,356400.03,624.0,39,12.04,2020-02-18,1,Male,Graduate,Unemployed,0,8.75,5.2,6.1,0,2020,2,18,Tuesday,2.0,1,False,True,False,False,False,False,False,True,False,High,0,Low_Missed,0,6.7546529489571245,2.3702875956032607,0.21818181818181814,0.9989390751536154,0.5330873693458884,0.4278625857573226,0.0,0.3023255813953488,0.0855813953488372,0.410958904109589,0.9989749837327129,0.5500638285740385,0.7341176470588235,0.0,0.5652173913043478,0.09261538461538461,-0.6011271529888553,11.148087399619513,3.201134115936162,-0.20754716981132076,-0.5,-0.6666666666666666,-0.5098777046095956,2.5680215564985067,3.4698703145794942,0.07668711656441718,1.8955501572114029,2.823816005249694,0.088,6.5,0.1204
CUST00717,39.0,387704.12,58620.11,636.0,37,67.82,2015-09-07,1,Male,Graduate,Self-Employed,2,9.1,5.6,7.2,0,2015,9,7,Monday,2.0,1,True,False,False,False,True,False,False,False,False,Mid-Low,0,High_Missed,0,-0.3534037926139839,-0.6810505848291859,0.38181818181818183,0.06396904954832956,0.056156450493859894,0.4582415635047212,0.3333333333333333,0.2558139534883721,0.517984496124031,0.5342465753424658,0.09565040901178909,0.09047362352363235,0.7482352941176471,0.3333333333333333,0.5362318840579711,0.5216923076923077,0.04172998986828753,-0.14839871361803994,-0.5014154689972006,-0.09433962264150944,0.5,-0.8888888888888888,1.5890874882408277,4.231494400369335,8.235289915965314,0.014530659691950016,-0.8750234409604509,-0.24554079494479555,0.1512,6.17,0.6782
CUST00718,28.0,246748.29,95271.98,819.0,45,24.44,2017-10-14,1,Male,Graduate,Salaried,1,8.75,5.2,6.1,0,2017,10,14,Saturday,2.0,1,False,True,False,False,False,False,False,True,False,Low,1,Med_Missed,1,-0.6270418630075268,-0.30548043115580675,0.18181818181818177,0.02797561238481555,0.11485889771308506,0.921520974152553,0.16666666666666666,0.4418604651162792,0.18170542635658915,0.3835616438356164,0.06087522325390699,0.14704171061553842,0.9635294117647059,0.16666666666666666,0.6521739130434783,0.188,-0.7439842958459982,-0.5832782840321803,-0.04569177192746006,1.6320754716981132,0.0,0.0,-0.0432737535277516,3.2363227384719213,4.94368283772331,0.03930817610062893,-0.05729892188880149,-1.200211871502834,0.3861,7.5,0.2444
CUST00719,32.0,760074.34,230525.0,503.0,47,25.16,2016-10-10,1,Female,Primary,Salaried,0,9.1,5.6,7.2,0,2016,10,10,Monday,0.0,0,True,False,False,False,False,False,True,False,False,High,0,Low_Missed,1,0.3694798828808081,1.0804515146409188,0.2545454545454545,0.1590547520349446,0.3314831318324031,0.12154122680438473,0.0,0.4883720930232558,0.18728682170542638,0.4383561643835616,0.18751779449845835,0.3557897121446095,0.591764705882353,0.0,0.6811594202898551,0.19353846153846155,-0.4582700101317125,1.00044487311845,1.6360234124341442,-1.349056603773585,-0.5,0.2222222222222222,-0.01618062088428974,3.264231526588998,5.015974481593781,0.0382262996941896,1.2912581793726101,0.9154114110901357,0.3033,7.83,0.2516
CUST00720,25.0,301021.2,142954.31,690.0,61,18.02,2016-10-10,1,Female,Secondary,Salaried,1,8.55,5.0,5.9,0,2016,10,10,Monday,1.0,0,False,False,False,True,False,False,True,False,False,Low,0,Med_Missed,3,-0.5216816635248774,0.18311837718889107,0.12727272727272726,0.041834340865688255,0.19122797410986037,0.594946963368016,0.16666666666666666,0.8139534883720931,0.13193798449612404,0.3424657534246575,0.0742648824604174,0.22063408656211378,0.8117647058823529,0.16666666666666666,0.8840579710144928,0.1386153846153846,-0.9582700101317124,-0.4158344841842045,0.5471829630451185,0.41509433962264153,0.0,1.7777777777777777,-0.28485418626528697,2.9454910571172443,4.244997055358225,0.052576235541535225,0.5833710543917061,-0.760824574762114,0.4749,10.17,0.1802
CUST00721,38.415780141843975,696993.07,437177.16,630.0,39,18.66,2019-01-24,0,Male,Primary,Salaried,0,8.4,4.8,5.4,1,2019,1,24,Thursday,0.0,1,False,False,True,False,False,False,False,False,True,High,0,Low_Missed,0,0.247019981784315,3.1980074125565157,0.37119600257898133,0.14294678595833987,0.6624618108231033,0.44305207463102203,0.0,0.3023255813953488,0.13689922480620154,0.5262435635869037,0.17195502648742175,0.6747343494744513,0.7411764705882353,0.0,0.5652173913043478,0.14353846153846153,0.0,0.8058253557932114,4.2055044883696295,-0.1509433962264151,-0.5,-0.6666666666666666,-0.2607714016933208,2.9785861147190205,4.319722213291035,0.0508646998982706,2.166072910791918,0.7814190278692947,0.6272,6.5,0.1866
CUST00722,43.0,238648.94,63594.25,599.0,55,3.72,2015-05-31,0,Male,Graduate,Salaried,1,8.4,4.8,5.4,0,2015,5,31,Sunday,2.0,1,False,False,True,False,False,True,False,False,False,Low,0,Med_Missed,3,-0.6427651609047613,-0.6300807837196408,0.4545454545454545,0.02590742233343344,0.06412314334775894,0.364573048783575,0.16666666666666666,0.6744186046511629,0.02108527131782946,0.589041095890411,0.05887703417036144,0.09815065568399235,0.7047058823529412,0.16666666666666666,0.7971014492753623,0.028615384615384615,0.3274442755825732,-0.6082665505596008,-0.43956777962848675,-0.44339622641509435,0.0,1.1111111111111112,-0.8229539040451553,1.551808799597464,1.9287301521985911,0.21186440677966098,-0.7338626568690296,-1.277133997124843,0.2665,9.17,0.0372
CUST00723,42.0,963615.18,54510.39,628.0,41,36.13,2022-10-13,1,Male,Post-Graduate,Salaried,2,8.4,4.8,5.4,0,2022,10,13,Thursday,3.0,1,False,False,True,False,False,False,False,False,True,High,0,High_Missed,1,0.7646144630104905,-0.7231627109486598,0.4363636363636363,0.21102943399559046,0.04957423186802186,0.43798891167312215,0.3333333333333333,0.34883720930232565,0.27232558139534885,0.5753424657534246,0.23773331605805162,0.08413072754360873,0.7388235294117647,0.3333333333333333,0.5942028985507246,0.27792307692307694,0.2560157041540018,1.6284128901982213,-0.5525150934453243,-0.16981132075471697,0.5,-0.4444444444444444,0.3966133584195674,3.6144252681889886,6.010823570859488,0.026932399676811204,-1.002411341004034,1.2614918689701122,0.0566,6.83,0.3613
CUST00724,38.0,788149.17,205761.96,703.0,44,7.06,2022-09-19,0,Male,Graduate,Salaried,1,8.55,5.0,5.9,0,2022,9,19,Monday,2.0,1,False,False,False,True,False,True,False,False,False,High,1,Med_Missed,1,0.42398165345551064,0.8267056965361389,0.36363636363636365,0.1662237327679965,0.29182209820471744,0.6278575225943646,0.16666666666666666,0.4186046511627908,0.046976744186046505,0.5205479452054794,0.19444413041780959,0.31757071258523223,0.8270588235294117,0.16666666666666666,0.6376811594202898,0.05430769230769231,-0.0296985815602839,1.0870618651921378,1.3281235934212026,0.5377358490566038,0.0,-0.1111111111111111,-0.6972718720602071,2.086913556518537,2.6570660511172846,0.1240694789081886,1.1273013440097717,0.9702654690205312,0.2611,7.33,0.0706
CUST00725,21.0,435481.51,48169.09,708.0,50,48.79,2017-07-14,0,Male,Graduate,Salaried,0,9.1,5.6,7.2,0,2017,7,14,Friday,2.0,1,True,False,False,False,True,False,False,False,False,Mid-Low,1,Low_Missed,2,-0.26065336996002375,-0.7881417424548013,0.05454545454545451,0.07616913013245086,0.03941786526104457,0.640515429989114,0.0,0.558139534883721,0.37046511627906975,0.2876712328767123,0.10743755972614251,0.07434363589791905,0.8329411764705882,0.0,0.7246376811594203,0.3753076923076923,-1.2439842958459981,-0.0009950139008387839,-0.6313618393338246,0.5849056603773585,-0.5,0.5555555555555556,0.8730009407337724,3.9078141606540915,6.984983894040129,0.02008435428800964,-1.222250500746032,-0.02432598782951769,0.1106,8.33,0.4879
CUST00726,31.0,248432.27,87722.98,665.0,48,10.13,2025-01-22,1,Male,Post-Graduate,Salaried,1,8.4,4.8,5.4,0,2025,1,22,Wednesday,3.0,1,False,False,True,False,False,False,False,True,False,Low,0,Med_Missed,2,-0.6237727464496567,-0.3828347132178227,0.23636363636363633,0.02840562105004503,0.10276825202275792,0.5316574263942684,0.16666666666666666,0.5116279069767442,0.07077519379844961,0.4246575342465753,0.061290677636407935,0.13539066826880963,0.7823529411764706,0.16666666666666666,0.6956521739130435,0.07792307692307693,-0.5296985815602839,-0.5780828373522807,-0.13955487329662544,0.1792452830188679,0.0,0.3333333333333333,-0.5817497648165569,2.4096441652874536,3.1827660925679098,0.08984725965858041,-0.1922864853076592,-1.184650013403044,0.3531,8.0,0.1013
CUST00727,34.0,953556.09,94903.14,737.0,49,26.93,2021-10-28,1,Male,Graduate,Salaried,3,8.75,5.2,6.1,0,2021,10,28,Thursday,2.0,1,False,True,False,False,True,False,False,False,False,High,1,High_Missed,2,0.7450867146547466,-0.30925991895495286,0.2909090909090909,0.20846081924700477,0.11426815539537143,0.7139312928786612,0.5,0.5348837209302326,0.20100775193798448,0.4657534246575342,0.2352516398953469,0.14647244707610707,0.8670588235294118,0.5,0.7101449275362319,0.20715384615384616,-0.31541286727456963,1.597378397066882,-0.05027787158423614,0.8584905660377359,1.0,0.4444444444444444,0.05042333019755409,3.3297013799570854,5.189412298131649,0.03580379520229144,-0.06360581621671363,1.2468082656418074,0.0995,8.17,0.2693
CUST00728,34.0,368440.36,183798.2,752.0,44,15.66,2018-08-12,1,Male,Primary,Salaried,0,8.75,5.2,6.1,0,2018,8,12,Sunday,0.0,1,False,True,False,False,False,False,False,True,False,Mid-Low,1,Low_Missed,1,-0.3908006006418911,0.6016439815828443,0.2909090909090909,0.05904999841654583,0.25664445345874054,0.7519050150629096,0.0,0.4186046511627908,0.11364341085271318,0.4657534246575342,0.0908978504805438,0.2836720905355054,0.8847058823529412,0.0,0.6376811594202898,0.12046153846153847,-0.31541286727456963,-0.20783162727163698,1.0550295900660538,1.0,-0.5,-0.1111111111111111,-0.3736594543744121,2.8130106367386967,3.9572717874818757,0.060024009603841535,0.9617558871628563,-0.3455389568760113,0.4989,7.33,0.1566
CUST00729,39.0,254586.92,142708.7,715.0,42,18.01,2017-03-25,0,Male,Post-Graduate,Self-Employed,2,8.4,4.8,5.4,0,2017,3,25,Saturday,3.0,1,False,False,True,False,False,False,False,False,True,Low,1,High_Missed,1,-0.6118247018037019,0.1806016219607482,0.38181818181818183,0.029977226907272947,0.1908345996909968,0.6582365003417634,0.3333333333333333,0.37209302325581395,0.13186046511627908,0.5342465753424658,0.0628090901563069,0.22025501482933063,0.8411764705882353,0.3333333333333333,0.6086956521739131,0.13853846153846155,0.04172998986828753,-0.5590943957386958,0.5441290861968896,0.6509433962264151,0.5,-0.3333333333333333,-0.2852304797742239,2.944965156500338,4.243819034784589,0.052603892688058915,0.5807344780586832,-1.128974863622385,0.5606,7.0,0.1801
CUST00730,54.0,183311.28,129863.47,606.0,53,20.91,2019-12-07,1,Male,Secondary,Salaried,1,8.55,5.0,5.9,0,2019,12,7,Saturday,1.0,1,False,False,False,True,False,False,False,False,True,Low,0,Med_Missed,2,-0.7501923634723596,0.04897709625251271,0.6545454545454545,0.011776807175579357,0.17026139466506474,0.38229411913622435,0.16666666666666666,0.627906976744186,0.15434108527131785,0.7397260273972602,0.04522469069576716,0.2004298302110406,0.7129411764705882,0.16666666666666666,0.7681159420289855,0.16084615384615386,1.1131585612968589,-0.7789953370775033,0.3844134780898231,-0.37735849056603776,0.0,0.8888888888888888,-0.17610536218250236,3.086943153607375,4.57274534606947,0.045641259698767686,0.4351076779100389,-1.919113247394172,0.7084,8.83,0.2091
CUST00731,47.0,320301.31,77539.4,690.0,45,32.22,2026-01-13,0,Male,Primary,Self-Employed,0,9.1,5.6,7.2,0,2026,1,13,Tuesday,0.0,1,True,False,False,False,False,True,False,False,False,Low,0,Low_Missed,1,-0.4842531151819302,-0.487185424533375,0.5272727272727272,0.04675756701242258,0.08645800462057196,0.594946963368016,0.0,0.4418604651162792,0.24201550387596898,0.6438356164383562,0.07902147469702372,0.11967344455423809,0.8117647058823529,0.0,0.6521739130434783,0.24784615384615383,0.613158561296859,-0.35635112720395495,-0.26617593593286937,0.41509433962264153,-0.5,0.0,0.24948259642521167,3.503152104185149,5.67626637852735,0.030102347983142687,-0.39708487670105985,-0.6299960156376226,0.2421,7.5,0.3222
CUST00732,27.0,213775.34,204638.93,690.0,47,66.53,2015-01-15,1,Male,Graduate,Salaried,2,8.75,5.2,6.1,0,2015,1,15,Thursday,2.0,1,False,True,False,False,False,False,True,False,False,Low,0,High_Missed,1,-0.6910523719249855,0.8151980558706063,0.16363636363636364,0.019555883992448307,0.29002342846970514,0.594946963368016,0.3333333333333333,0.4883720930232558,0.507984496124031,0.3698630136986301,0.05274047308972181,0.31583744061720376,0.8117647058823529,0.3333333333333333,0.6811594202898551,0.5117692307692308,-0.8154128672745696,-0.6850070477965946,1.314160011657974,0.41509433962264153,0.5,0.2222222222222222,1.5405456255879588,4.212571943586751,8.15659242576212,0.014808233377758034,1.119337181344731,-1.5375273790958401,0.9573,7.83,0.6653
CUST00733,45.0,324029.42,647924.8616000001,585.0,47,17.66,2015-03-26,1,Male,Post-Graduate,Salaried,2,8.55,5.0,5.9,0,2015,3,26,Thursday,3.0,1,False,False,False,True,False,False,True,False,False,Mid-Low,0,High_Missed,1,-0.4770157215486561,5.357530151129569,0.49090909090909085,0.04770954958046299,1.0,0.3291309080782765,0.3333333333333333,0.4883720930232558,0.1291472868217054,0.6164383561643836,0.07994123599938219,1.0,0.6882352941176471,0.3333333333333333,0.6811594202898551,0.13584615384615384,0.4703014184397161,-0.34484909230935956,6.825908896715029,-0.5754716981132075,0.5,0.2222222222222222,-0.2984007525870179,2.926382195419198,4.202380277890139,0.05359056806002144,2.665149200562096,-0.6059337370732033,1.9996,7.83,0.1766
CUST00734,45.0,641910.63,149457.79,524.0,53,2.98,2019-09-30,0,Male,Secondary,Salaried,0,8.4,4.8,5.4,0,2019,9,30,Monday,1.0,1,False,False,True,False,False,False,False,True,False,Mid-High,0,Low_Missed,2,0.14008823873992945,0.24975926026011644,0.49090909090909085,0.1288813418901305,0.2016440917988429,0.17470443786233258,0.0,0.627906976744186,0.015348837209302326,0.6164383561643836,0.15836564829002903,0.2306714850097365,0.6164705882352941,0.0,0.7681159420289855,0.022923076923076924,0.4703014184397161,0.6358839788060896,0.628046230033109,-1.150943396226415,-0.5,0.8888888888888888,-0.8507996237064912,1.3812818192963463,1.7262676501632068,0.25125628140703515,0.6513577613966307,0.6501315779647489,0.2328,8.83,0.0298
CUST00735,29.0,366700.21,104799.4,488.0,39,57.15,2025-07-25,1,Male,Graduate,Salaried,3,8.55,5.0,5.9,0,2025,7,25,Friday,2.0,1,False,False,False,True,True,False,False,False,False,Mid-Low,0,High_Missed,0,-0.3941787602270272,-0.20785336346428582,0.19999999999999996,0.05860564659597843,0.13011822471837536,0.08356750462013607,0.5,0.3023255813953488,0.4352713178294573,0.3972602739726027,0.09046853840812667,0.16174622430941457,0.5741176470588235,0.5,0.5652173913043478,0.43961538461538463,-0.6725557244174267,-0.21320037068903344,0.07277069849863789,-1.490566037735849,1.0,-0.6666666666666666,1.18758231420508,4.063025878964673,7.559761901012491,0.017196904557179708,0.09656855986238361,-0.3549224848092784,0.2858,6.5,0.5715
CUST00736,47.0,528525.69,45309.96,656.0,49,40.09,2018-03-26,1,Female,Secondary,Salaried,3,8.75,5.2,6.1,0,2018,3,26,Monday,1.0,0,False,True,False,False,True,False,False,False,False,Mid-High,0,High_Missed,2,-0.08002636165146736,-0.817439126011825,0.5272727272727272,0.09992820307225536,0.0348386192930243,0.5088731930837194,0.5,0.5348837209302326,0.3030232558139535,0.6438356164383562,0.1303924715108471,0.06993088656624562,0.7717647058823529,0.5,0.7101449275362319,0.3083846153846154,0.613158561296859,0.28606663532598586,-0.6669118206581883,0.09433962264150944,1.0,0.4444444444444444,0.5456255879586079,3.7157647828953184,6.331666447310692,0.024336821611097587,-1.3324798383906005,0.32415621870648686,0.0857,8.17,0.4009
CUST00737,38.415780141843975,308147.14,67340.1,674.0,55,9.77,2023-08-04,0,Male,Primary,Self-Employed,0,9.1,5.6,7.2,0,2023,8,4,Friday,0.0,1,True,False,False,False,False,False,True,False,False,Low,0,Low_Missed,3,-0.5078480500351753,-0.5916972180206075,0.37119600257898133,0.04365396814624112,0.0701225797180215,0.5544416597048176,0.0,0.6744186046511629,0.067984496124031,0.5262435635869037,0.07602292174974316,0.10393195876711517,0.7929411764705883,0.0,0.7971014492753623,0.07515384615384615,0.0,-0.39384940044558264,-0.39299245862389165,0.2641509433962264,-0.5,1.1111111111111112,-0.595296331138288,2.3767644911682972,3.1256999216175565,0.09285051067780874,-0.6356540353135645,-0.7111723311898418,0.2185,9.17,0.0977
CUST00738,22.0,457066.66,86835.77,555.0,38,8.22,2021-08-07,1,Male,Primary,Unemployed,1,8.55,5.0,5.9,0,2021,8,7,Saturday,0.0,1,False,False,False,True,False,False,False,True,False,Mid-High,0,Med_Missed,0,-0.21875003900056522,-0.3919259163690004,0.0727272727272727,0.08168095422791412,0.10134727682565696,0.2531834637097794,0.16666666666666666,0.2790697674418605,0.055968992248062024,0.3013698630136986,0.1127628279386155,0.13402135825682907,0.6529411764705882,0.16666666666666666,0.5507246376811594,0.06323076923076923,-1.1725557244174267,0.06559989571960592,-0.15058630556126135,-0.8584905660377359,0.0,-0.7777777777777778,-0.6536218250235184,2.2213750375685026,2.86705423736629,0.10845986984815617,-0.20901997076199594,0.06504571508647142,0.19,6.33,0.0822
CUST00739,43.0,1155970.04,71627.89,734.0,40,33.29,2017-04-16,0,Male,Graduate,Salaried,0,8.75,5.2,6.1,0,2017,4,16,Sunday,2.0,1,False,True,False,False,False,False,False,False,True,High,1,Low_Missed,1,1.1380336590892912,-0.5477604161815969,0.4545454545454545,0.260147746920331,0.07698999920199655,0.7063365484418116,0.0,0.32558139534883723,0.25031007751937984,0.589041095890411,0.2851891466393862,0.11054968599772587,0.8635294117647059,0.0,0.5797101449275363,0.2560769230769231,0.3274442755825732,2.2218697119832593,-0.3396787392677262,0.8301886792452831,-0.5,-0.5555555555555556,0.28974600188146754,3.534853766474829,5.769748694700662,0.029163021289005542,-0.530635540197016,1.507457429811648,0.062,6.67,0.3329
CUST00740,40.0,257870.2,592716.76,662.0,52,29.22,2025-06-10,1,Male,Post-Graduate,Salaried,1,9.1,5.6,7.2,1,2025,6,10,Tuesday,3.0,1,True,False,False,False,False,False,False,True,False,Low,0,Med_Missed,2,-0.6054508582829217,4.791815081150123,0.4,0.03081562097987159,0.9115774810330926,0.5240626819574188,0.16666666666666666,0.6046511627906976,0.21875968992248063,0.547945205479452,0.06361910753476609,0.914792432160007,0.7788235294117647,0.16666666666666666,0.7536231884057971,0.22476923076923075,0.11315856129685896,-0.5489647587031128,6.1394598787152965,0.1509433962264151,0.0,0.7777777777777778,0.1365945437441204,3.4085039568445934,5.405552700695831,0.03309066843150232,2.5546449464098187,-1.1000190947714892,2.2985,8.67,0.2922
CUST00741,35.0,536174.38,286877.23,758.0,48,77.66,2016-11-16,1,Male,Secondary,Self-Employed,3,8.55,5.0,5.9,0,2016,11,16,Wednesday,1.0,1,False,False,False,True,False,False,True,False,False,Mid-High,1,High_Missed,2,-0.06517793166713536,1.6578904196937199,0.3090909090909091,0.10188131592255889,0.4217381121993158,0.767094503936609,0.5,0.5116279069767442,0.5942635658914728,0.4794520547945205,0.13227947835231266,0.44276311498771476,0.8917647058823529,0.5,0.6956521739130435,0.5973846153846154,-0.24398429584599818,0.30966451716904947,2.336698346447725,1.0566037735849056,1.0,0.3333333333333333,1.9593603010348073,4.3651347670036635,8.812491134747313,0.012712941774726672,1.5993255413346252,0.3490498478365402,0.535,8.0,0.7766
CUST00742,38.0,202245.26,208626.35,680.0,37,36.39,2020-10-25,1,Male,Secondary,Salaried,3,8.75,5.2,6.1,0,2020,10,25,Sunday,1.0,1,False,True,False,False,False,False,False,True,False,Low,0,High_Missed,0,-0.7134357585694625,0.8560569790895393,0.36363636363636365,0.016611648128133302,0.2964097687053025,0.5696311485785168,0.5,0.2558139534883721,0.27434108527131784,0.5205479452054794,0.04989588926652528,0.3219915801421996,0.8,0.5,0.5362318840579711,0.27992307692307694,-0.0296985815602839,-0.7205798668650976,1.3637389767740737,0.32075471698113206,1.0,-0.8888888888888888,0.4063969896519286,3.6214032889890224,6.032412452742269,0.02674511901577962,1.1473914991051242,-1.6726915814702328,1.0316,6.17,0.3639
CUST00743,30.0,946052.23,89742.56,565.0,52,14.83,2022-08-13,1,Female,Secondary,Salaried,0,8.75,5.2,6.1,0,2022,8,13,Saturday,1.0,0,False,True,False,False,False,False,False,True,False,High,0,Low_Missed,2,0.730519443681256,-0.3621401628181928,0.21818181818181814,0.20654468911323304,0.10600285610585115,0.27849927849927836,0.0,0.6046511627906976,0.10720930232558139,0.410958904109589,0.23340036403537615,0.1385076655005763,0.6647058823529411,0.0,0.7536231884057971,0.11407692307692308,-0.6011271529888553,1.574227347456179,-0.11444372714970012,-0.7641509433962265,-0.5,0.7777777777777778,-0.40489181561618065,2.761906873892921,3.850973902793941,0.06317119393556538,-0.15490705371957658,1.2357163993723013,0.0949,8.67,0.1483
CUST00744,38.415780141843975,348501.11,47812.0,687.0,50,12.1,2022-10-06,1,Male,Primary,Self-Employed,1,9.1,5.6,7.2,0,2022,10,6,Thursday,0.0,1,True,False,False,False,False,False,False,True,False,Mid-Low,0,Med_Missed,2,-0.4295087398873161,-0.7918008285034865,0.37119600257898133,0.053958459159442404,0.03884594200371792,0.5873522189311662,0.16666666666666666,0.558139534883721,0.08604651162790697,0.5262435635869037,0.08597864194108254,0.07379250717734767,0.808235294117647,0.16666666666666666,0.7246376811594203,0.09307692307692307,0.0,-0.26934857534239187,-0.6358018413033457,0.3867924528301887,0.0,0.5555555555555556,-0.5076199435559737,2.5726122302071057,3.478505426185217,0.07633587786259542,-1.2356026610520234,-0.45684243750107756,0.1372,8.33,0.121
CUST00745,38.0,748081.21,220228.43,704.0,48,26.27,2024-10-26,1,Male,Graduate,Salaried,1,8.4,4.8,5.4,0,2024,10,26,Saturday,2.0,1,False,False,True,False,False,True,False,False,False,High,1,Med_Missed,2,0.34619757557093017,0.9749429995990203,0.36363636363636365,0.15599227515088201,0.3149919171422916,0.6303891040733145,0.16666666666666666,0.5116279069767442,0.19589147286821706,0.5205479452054794,0.1845589716986605,0.33989810092510264,0.8282352941176471,0.16666666666666666,0.6956521739130435,0.20207692307692307,-0.0296985815602839,0.9634434435052093,1.5079974495695654,0.5471698113207547,0.0,0.3333333333333333,0.025587958607714012,3.305787196857497,5.1254268114957995,0.036670333700036674,1.2256545194982869,0.8911293058542356,0.2944,8.0,0.2627
CUST00746,40.0,415987.23,95852.65,606.0,36,3.94,2023-02-09,1,Male,Graduate,Self-Employed,0,8.75,5.2,6.1,0,2023,2,9,Thursday,2.0,1,False,True,False,False,False,False,True,False,False,Mid-Low,0,Low_Missed,0,-0.29849768731044085,-0.2995303303523956,0.4,0.0711912151201527,0.1157889116530774,0.38229411913622435,0.0,0.2325581395348837,0.022790697674418603,0.547945205479452,0.10262812964995362,0.14793791021276653,0.7129411764705882,0.0,0.5217391304347826,0.030307692307692306,0.11315856129685896,-0.061139132181955505,-0.038471810731005814,-0.37735849056603776,-0.5,-1.0,-0.814675446848542,1.597365331199831,1.9849433241279208,0.20242914979757087,-0.04742628834566902,-0.11039250728145948,0.2304,6.0,0.0394
CUST00747,42.0,600663.22,35034.89,535.0,59,5.74,2022-07-22,1,Male,Graduate,Salaried,2,8.4,4.8,5.4,0,2022,7,22,Friday,2.0,1,False,False,True,False,False,False,True,False,False,Mid-High,0,High_Missed,3,0.06001449023920169,-0.9227273314677737,0.4363636363636363,0.11834870865323141,0.018381839479365565,0.20255183413078148,0.3333333333333333,0.7674418604651163,0.036744186046511626,0.5753424657534246,0.1481895076878168,0.05407245820678043,0.6294117647058823,0.3333333333333333,0.855072463768116,0.044153846153846155,0.2560157041540018,0.5086266958579779,-0.7946704558397051,-1.0471698113207548,0.5,1.5555555555555556,-0.7469426152398873,1.9080599249242156,2.3958297101421877,0.14836795252225518,-1.8065546600733007,0.5413199461092133,0.0583,9.83,0.0574
CUST00748,25.0,618780.7,151366.31,658.0,34,8.71,2016-10-01,1,Male,Secondary,Salaried,3,9.1,5.6,7.2,0,2016,10,1,Saturday,1.0,1,True,False,False,False,True,False,False,False,False,Mid-High,0,High_Missed,0,0.09518602069376751,0.2693157835613481,0.12727272727272726,0.12297505421085198,0.2047008197247805,0.513936356041619,0.5,0.18604651162790697,0.05976744186046512,0.3424657534246575,0.15265926770033075,0.23361707347702737,0.7741176470588236,0.5,0.4927536231884058,0.067,-0.9582700101317124,0.5645230849565116,0.651776473273946,0.11320754716981132,1.0,-1.2222222222222223,-0.6351834430856068,2.2731562823032334,2.951270912674741,0.10298661174047373,0.670668576479366,0.5903311647928817,0.2446,5.67,0.0871
CUST00749,28.0,352843.48,182665.52,570.0,44,14.52,2018-07-11,1,Female,Graduate,Salaried,1,8.4,4.8,5.4,0,2018,7,11,Wednesday,2.0,0,False,False,True,False,True,False,False,False,False,Mid-Low,0,Med_Missed,1,-0.42107888106037145,0.5900374577775713,0.18181818181818177,0.05506729461332699,0.25483032806987843,0.29115718589402784,0.16666666666666666,0.4186046511627908,0.1048062015503876,0.3835616438356164,0.08704994721011224,0.2819239248651791,0.6705882352941176,0.16666666666666666,0.6376811594202898,0.11169230769230769,-0.7439842958459982,-0.25595141397503834,1.04094602169159,-0.7169811320754716,0.0,-0.1111111111111111,-0.4165569143932268,2.7421295147550726,3.81051177665153,0.06443298969072166,0.952612109597224,-0.431874802568982,0.5177,7.33,0.1452
CUST00750,18.0,763717.49,23557.8763,740.0,54,24.14,2018-12-25,1,Female,Primary,Self-Employed,1,8.4,4.8,5.4,0,2018,12,25,Tuesday,0.0,0,False,False,True,False,False,False,False,True,False,High,1,Med_Missed,2,0.37655234335409427,-1.0403318029182202,0.0,0.15998503984639773,0.0,0.721526037315511,0.16666666666666666,0.6511627906976745,0.17937984496124032,0.2465753424657534,0.18841659533552788,0.036358963355450906,0.8705882352941177,0.16666666666666666,0.782608695652174,0.18569230769230768,-1.4582700101317125,1.0116847878275776,-0.9373738735557469,0.8867924528301887,0.0,1.0,-0.054562558795860756,3.2244602031621015,4.913247398615299,0.03977724741447892,-2.573538266726492,0.9226843630710853,0.0308,9.0,0.2414
CUST00751,38.415780141843975,302703.05,60190.34,617.0,69,38.11,2019-04-07,1,Male,Secondary,Salaried,2,8.55,5.0,5.9,0,2019,4,7,Sunday,1.0,1,False,False,False,True,False,False,False,True,False,Low,0,High_Missed,3,-0.5184166819438292,-0.6649605047759022,0.37119600257898133,0.04226380562988748,0.058671365659090036,0.41014151540467325,0.3333333333333333,1.0,0.28767441860465115,0.5262435635869037,0.07467981135102728,0.09289709898052782,0.7258823529411764,0.3333333333333333,1.0,0.29315384615384615,0.0,-0.4106456090202541,-0.4818914714262767,-0.27358490566037735,0.5,2.6666666666666665,0.47111947318908753,3.666378188767423,6.17332973362026,0.025568908207619534,-0.8290261029794944,-0.7489622776904312,0.1988,11.5,0.3811
CUST00752,25.0,178934.87,92385.71,788.0,47,59.46,2016-04-19,1,Male,Post-Graduate,Self-Employed,2,8.4,4.8,5.4,1,2016,4,19,Tuesday,3.0,1,False,False,True,False,False,False,True,False,False,Low,1,High_Missed,1,-0.7586883042763052,-0.33505591713900107,0.12727272727272726,0.010659279519314453,0.11023618371962628,0.8430419483051061,0.3333333333333333,0.4883720930232558,0.4531782945736434,0.3424657534246575,0.04414498742487263,0.14258707371077053,0.9270588235294117,0.3333333333333333,0.6811594202898551,0.4573846153846154,-0.9582700101317124,-0.7924975192912943,-0.08157920782476831,1.3396226415094339,0.5,0.2222222222222222,1.2745061147695207,4.101981989351312,7.7110310594628,0.016539861065167052,-0.10741508119894752,-1.9810500397708848,0.5163,7.83,0.5946
CUST00753,39.0,363995.71,153385.03,480.0,41,51.92,2016-02-04,1,Male,Graduate,Salaried,0,8.55,5.0,5.9,0,2016,2,4,Thursday,2.0,1,False,False,False,True,True,False,False,False,False,Mid-Low,0,Low_Missed,1,-0.3994290160084258,0.29000152157754,0.38181818181818183,0.05791504549910487,0.20793404641281565,0.06331485278853699,0.0,0.34883720930232565,0.39472868217054263,0.5342465753424658,0.08980131173235036,0.23673274339439235,0.5647058823529412,0.0,0.5942028985507246,0.3993846153846154,0.04172998986828753,-0.22154434481330373,0.6768769263135488,-1.5660377358490567,-0.5,-0.4444444444444444,0.9907808090310445,3.968781339246755,7.205553413860729,0.01889644746787604,0.6907935479546183,-0.3696272723734899,0.4214,6.83,0.5192
CUST00754,42.0,526906.81,72442.76,661.0,48,46.5,2020-01-25,1,Male,Post-Graduate,Self-Employed,1,8.4,4.8,5.4,0,2020,1,25,Saturday,3.0,1,False,False,True,False,False,False,True,False,False,Mid-High,0,Med_Missed,2,-0.08316909934027858,-0.5394104779349583,0.4363636363636363,0.09951481786104938,0.07829511305200011,0.5215311004784688,0.16666666666666666,0.5116279069767442,0.3527131782945736,0.5753424657534246,0.12999307793684794,0.11180734726108245,0.7776470588235294,0.16666666666666666,0.6956521739130435,0.3576923076923077,0.2560157041540018,0.28107203638707007,-0.32954677140275185,0.14150943396226415,0.0,0.3333333333333333,0.7868297271872061,3.8607297110405954,6.819090848492928,0.021052631578947368,-0.5114913082836612,0.31882433874276567,0.1375,8.0,0.465
CUST00755,45.0,351162.2,59916.96,764.0,41,17.45,2023-04-23,0,Female,Post-Graduate,Salaried,2,8.55,5.0,5.9,0,2023,4,23,Sunday,3.0,0,False,False,False,True,False,False,False,True,False,Mid-Low,1,High_Missed,1,-0.4243427560983266,-0.6677618180134322,0.49090909090909085,0.0546379754001077,0.05823351419282674,0.7822839928103085,0.3333333333333333,0.34883720930232565,0.12751937984496126,0.6164383561643836,0.08663515894409295,0.09247516733968153,0.8988235294117647,0.3333333333333333,0.5942028985507246,0.13423076923076924,0.4703014184397161,-0.26113853056429803,-0.4852906361702563,1.1132075471698113,0.5,-0.4444444444444444,-0.30630291627469436,2.915064370486536,4.177319714841085,0.05420054200542006,-0.8369349172123858,-0.441491830028517,0.1706,6.83,0.1745
CUST00756,25.0,453607.69,152710.85,579.0,44,12.4,2025-03-13,1,Male,Graduate,Salaried,0,9.1,5.6,7.2,0,2025,3,13,Thursday,2.0,1,True,False,False,False,True,False,False,False,False,Mid-High,0,Low_Missed,1,-0.22546495016350998,0.2830932277796106,0.12727272727272726,0.08079769725765983,0.20685426478458613,0.3139414192045771,0.0,0.4186046511627908,0.08837209302325581,0.3424657534246575,0.11190946611398618,0.2356922215068155,0.6811764705882353,0.0,0.6376811594202898,0.09538461538461539,-0.9582700101317124,0.05492821660086789,0.6684942762034597,-0.6320754716981132,-0.5,-0.1111111111111111,-0.49633113828786457,2.5952547069568657,3.521363372331802,0.07462686567164178,0.6841064059282309,0.051115574012135685,0.3367,7.33,0.124
CUST00757,37.0,258500.56,74533.69,637.0,47,32.8,2025-10-21,0,Male,Post-Graduate,Salaried,2,8.75,5.2,6.1,0,2025,10,21,Tuesday,3.0,1,False,True,False,False,False,False,False,True,False,Low,0,High_Missed,1,-0.6042271381001292,-0.5179848071187003,0.34545454545454546,0.030976585042517255,0.08164399287625178,0.46077314498367117,0.3333333333333333,0.4883720930232558,0.24651162790697673,0.5068493150684932,0.06377462352934636,0.11503446528652235,0.7494117647058823,0.3333333333333333,0.6811594202898551,0.2523076923076923,-0.10112715298885533,-0.547019960208391,-0.30354847036343147,-0.08490566037735849,0.5,0.2222222222222222,0.2713076199435559,3.520460802488973,5.727128425310541,0.02958579881656805,-0.4634741458954885,-1.0945173269062456,0.2883,7.83,0.328
CUST00758,56.0,500708.06,136657.46,618.0,35,34.32,2020-07-11,1,Female,Secondary,Salaried,0,8.55,5.0,5.9,0,2020,7,11,Saturday,1.0,0,False,False,False,True,False,False,True,False,False,Mid-High,0,Low_Missed,0,-0.1340288289216861,0.11859482294300348,0.6909090909090908,0.09282489902698898,0.1811427996079215,0.4126730968836232,0.0,0.2093023255813954,0.25829457364341085,0.7671232876712328,0.12352958935411734,0.2109155985503242,0.7270588235294118,0.0,0.5072463768115942,0.264,1.2560157041540019,0.20024316151621524,0.46888890159904223,-0.2641509433962264,-0.5,-1.1111111111111112,0.3285042333019756,3.564449375735759,5.858327406350724,0.028312570781426953,0.5140847924537758,0.22930616180222219,0.2729,5.83,0.3432
CUST00759,57.0,452296.82,50670.07,595.0,45,9.58,2025-04-28,1,Male,Primary,Unemployed,3,8.4,4.8,5.4,0,2025,4,28,Monday,0.0,1,False,False,True,False,False,False,False,True,False,Mid-High,0,High_Missed,1,-0.22800974690825465,-0.762514306721398,0.7090909090909091,0.0804629631996607,0.04342349025224797,0.35444672286777545,0.5,0.4418604651162792,0.06651162790697675,0.7808219178082192,0.11158606162795368,0.0782036205168516,0.7,0.5,0.6521739130434783,0.0736923076923077,1.3274442755825733,0.05088389589083566,-0.6002650398554492,-0.4811320754716981,1.0,0.0,-0.6024459078080904,2.3589654264301534,3.095157508108432,0.0945179584120983,-1.1317993233869443,0.045798476547692285,0.112,7.5,0.0958
CUST00760,49.0,337703.38,43853.08,670.0,53,20.83,2020-03-29,1,Male,Primary,Salaried,3,8.75,5.2,6.1,0,2020,3,29,Sunday,0.0,1,False,True,False,False,True,False,False,False,False,Mid-Low,0,High_Missed,2,-0.4504704127874754,-0.8323677134340675,0.5636363636363636,0.0512012307690765,0.032505247999697534,0.5443153337890179,0.5,0.627906976744186,0.15372093023255812,0.6712328767123288,0.08331473604578572,0.06768235423426758,0.788235294117647,0.5,0.7681159420289855,0.1602307692307692,0.7560157041540018,-0.3026619344552988,-0.6850264418163164,0.22641509433962265,1.0,0.8888888888888888,-0.1791157102539982,3.0832851705618523,4.56398948289761,0.04580852038479157,-1.3917530305772334,-0.520808944557941,0.1299,8.83,0.2083
CUST00761,42.0,430406.77,155307.37,546.0,53,11.53,2020-06-10,0,Male,Secondary,Self-Employed,2,8.75,5.2,6.1,0,2020,6,10,Wednesday,1.0,1,False,True,False,False,False,True,False,False,False,Mid-Low,0,High_Missed,2,-0.27050498135735956,0.30969965783122866,0.4363636363636363,0.07487328209756525,0.21101290875701267,0.23039923039923038,0.3333333333333333,0.627906976744186,0.08162790697674419,0.5753424657534246,0.10618557159501693,0.23969966149544025,0.6423529411764706,0.3333333333333333,0.7681159420289855,0.08869230769230768,0.2560157041540018,-0.016651696928163377,0.7007790053022892,-0.9433962264150944,0.5,0.8888888888888888,-0.5290686735653811,2.528125768907977,3.395585369269929,0.07980845969672785,0.7096779579490509,-0.04621792290564014,0.3608,8.83,0.1153
CUST00762,27.0,473071.7,114864.9,641.0,59,5.51,2017-05-28,0,Male,Primary,Salaried,0,9.1,5.6,7.2,0,2017,5,28,Sunday,0.0,1,True,False,False,False,True,False,False,False,False,Mid-High,0,Low_Missed,3,-0.18767939607524967,-0.10471261288868358,0.16363636363636364,0.08576788274686598,0.14623935257583837,0.47089947089947093,0.0,0.7674418604651163,0.03496124031007752,0.3698630136986301,0.11671142828428645,0.1772812046698595,0.7541176470588236,0.0,0.855072463768116,0.04238461538461538,-0.8154128672745696,0.11497894531025533,0.19792357263181234,-0.04716981132075472,-0.5,1.5555555555555556,-0.7555973659454375,1.873339456220478,2.3473389188611002,0.15360983102918588,0.2426352307247081,0.1276797543203195,0.2428,9.83,0.0551
CUST00763,46.0,325078.34,171694.74,691.0,41,31.02,2022-03-21,1,Male,Secondary,Salaried,1,8.75,5.2,6.1,0,2022,3,21,Monday,1.0,1,False,True,False,False,False,False,False,True,False,Mid-Low,0,Med_Missed,1,-0.47497944930083774,0.4776203415290188,0.509090909090909,0.04797739402584389,0.23725928370287258,0.5974785448469657,0.16666666666666666,0.34883720930232565,0.23271317829457366,0.6301369863013698,0.08020001485120519,0.2649917454564302,0.8129411764705883,0.16666666666666666,0.5942028985507246,0.23861538461538462,0.5417299898682876,-0.3416129446523324,0.9045370357015499,0.42452830188679247,0.0,-0.4444444444444444,0.20432737535277518,3.4663607075685685,5.569560126257728,0.031230480949406624,0.8605429943186742,-0.5992316519460037,0.5282,6.83,0.3102
CUST00764,38.415780141843975,414828.6,71714.21,633.0,43,45.87,2018-07-26,0,Male,Graduate,Salaried,2,8.4,4.8,5.4,0,2018,7,26,Thursday,2.0,1,False,False,True,False,False,False,True,False,False,Mid-Low,0,High_Missed,1,-0.30074693998413354,-0.5468758988114031,0.37119600257898133,0.07089535594142442,0.07712825122689908,0.45064681906787163,0.3333333333333333,0.39534883720930236,0.34782945736434107,0.5262435635869037,0.10234228426509331,0.11068291132232114,0.7447058823529412,0.3333333333333333,0.6231884057971014,0.3528461538461538,0.0,-0.06471375918864929,-0.3386054497048454,-0.12264150943396226,0.5,-0.2222222222222222,0.7631232361241769,3.847377811934615,6.772739475278818,0.02133560913164071,-0.5285958007005112,-0.11568046140639145,0.1729,7.17,0.4587
CUST00765,44.0,267593.42,61263.33,570.0,38,72.96,2020-07-29,1,Female,Graduate,Self-Employed,0,8.75,5.2,6.1,0,2020,7,29,Wednesday,2.0,0,False,True,False,False,False,False,False,True,False,Low,0,Low_Missed,0,-0.5865751355915516,-0.6539656218629704,0.47272727272727266,0.03329847045191557,0.06038989022118624,0.29115718589402784,0.0,0.2790697674418605,0.557829457364341,0.6027397260273972,0.0660179212742528,0.09455313977104532,0.6705882352941176,0.0,0.5507246376811594,0.5612307692307692,0.39887284701114467,-0.5189664979951863,-0.46855007930306813,-0.7169811320754716,-0.5,-0.7777777777777778,1.7825023518344307,4.303524406518924,8.541662601625049,0.013520822065981613,-0.7983772768426151,-1.0171355341087327,0.2289,6.33,0.7296
CUST00766,31.0,1429544.64,223335.71,732.0,42,22.09,2025-10-06,0,Male,Graduate,Salaried,0,8.4,4.8,5.4,0,2025,10,6,Monday,2.0,1,False,False,True,False,True,False,False,False,False,High,1,Low_Missed,1,1.6691250346832296,1.0067831656562016,0.23636363636363633,0.3300057313302946,0.31996860564946333,0.7012733854839117,0.0,0.37209302325581395,0.16348837209302325,0.4246575342465753,0.3526826836831416,0.34469384219721066,0.8611764705882353,0.0,0.6086956521739131,0.16992307692307693,-0.5296985815602839,3.0659071989337474,1.5466328897102966,0.8113207547169812,-0.5,-0.3333333333333333,-0.13170272812793982,3.139399623366404,4.7,0.043308791684711995,1.2458159573740333,1.7746963217002734,0.1562,7.0,0.2209
CUST00767,36.0,751299.26,39585.76,850.0,36,4.44,2021-04-12,0,Male,Secondary,Salaried,2,8.4,4.8,5.4,0,2021,4,12,Monday,1.0,1,False,False,True,False,False,False,False,True,False,High,1,High_Missed,0,0.35244478785317457,-0.8760947600533391,0.32727272727272727,0.15681401257361968,0.025670613721349822,1.0,0.3333333333333333,0.2325581395348837,0.026666666666666672,0.4931506849315068,0.1853528961963429,0.06109622017319423,1.0,0.3333333333333333,0.5217391304347826,0.03415384615384616,-0.17255572441742675,0.9733718317213707,-0.7380856403505153,1.9245283018867925,0.5,-1.0,-0.7958607714016934,1.6937790608678513,2.1071307505705477,0.1838235294117647,-1.5792437145777494,0.8976966200461457,0.0527,6.0,0.0444
CUST00768,40.0,507142.37,209164.53,567.0,46,81.62,2018-06-25,1,Male,Graduate,Self-Employed,1,8.4,4.8,5.4,0,2018,6,25,Monday,2.0,1,False,False,True,False,False,False,False,True,False,Mid-High,0,Med_Missed,1,-0.12153787929077067,0.861571686669369,0.4,0.0944679167913168,0.2972717297196912,0.28356244145717824,0.16666666666666666,0.4651162790697674,0.6249612403100775,0.547945205479452,0.12511699673892573,0.3228222011476523,0.6670588235294118,0.16666666666666666,0.6666666666666666,0.6278461538461538,0.11315856129685896,0.2200944154069653,1.3704306238657227,-0.7452830188679245,0.0,0.1111111111111111,2.108372530573848,4.414251781968619,9.034378783292187,0.012103606874848705,1.1511309417748452,0.25187393078214143,0.4124,7.67,0.8162
CUST00769,41.0,4053345.1346999966,218011.44,546.0,50,86.44,2022-09-15,0,Male,Secondary,Salaried,0,8.75,5.2,6.1,0,2022,9,15,Thursday,1.0,1,False,True,False,False,True,False,False,False,False,High,0,Low_Missed,2,6.762718570100179,0.952225597322074,0.4181818181818181,1.0,0.3114411368284754,0.23039923039923038,0.0,0.558139534883721,0.6623255813953488,0.5616438356164384,1.0,0.3364764233025998,0.6423529411764706,0.0,0.7246376811594203,0.664923076923077,0.1845871327254304,11.16090569589229,1.4804317379382996,-0.9433962264150944,-0.5,0.5555555555555556,2.2897460018814675,4.470952843868283,9.297311439335568,0.011436413540713633,1.2110696836011112,2.824666099397965,0.0538,8.33,0.8644
CUST00770,43.0,164451.96,165388.69,574.0,33,130.0,2023-05-29,1,Female,Primary,Salaried,2,8.75,5.2,6.1,0,2023,5,29,Monday,0.0,0,False,True,False,False,False,False,False,True,False,Low,0,High_Missed,0,-0.7868040306430922,0.4130025152742599,0.4545454545454545,0.006961030847870156,0.2271593742770563,0.3012835118098276,0.3333333333333333,0.16279069767441867,1.0,0.589041095890411,0.04057191147927543,0.25525905826732054,0.6752941176470588,0.3333333333333333,0.4782608695652174,1.0,0.3274442755825732,-0.837180464857623,0.8261285828748147,-0.6792452830188679,0.5,-1.3333333333333333,3.928880526810913,4.875197323201151,11.40175425099138,0.007633587786259542,0.8045203165117585,-2.201709498126879,1.0057,5.5,1.3
CUST00771,32.0,137191.4937,65337.11,694.0,46,104.11,2021-12-21,1,Male,Secondary,Salaried,2,9.1,5.6,7.2,0,2021,12,21,Tuesday,1.0,1,True,False,False,False,False,False,False,True,False,Low,0,High_Missed,1,-0.8397248739764982,-0.6122217713955442,0.2545454545454545,0.0,0.0669145465465725,0.6050732892838155,0.3333333333333333,0.4651162790697674,0.7993023255813954,0.4383561643835616,0.03384648707200554,0.10084056635618996,0.8164705882352942,0.3333333333333333,0.6666666666666666,0.8008461538461539,-0.4582700101317125,-0.9212849667702656,-0.4178973272702587,0.4528301886792453,0.5,0.1111111111111111,2.954656632173095,4.655007420835263,10.203430795570673,0.009513842641042717,-0.6873673273497649,-2.699026891946865,0.4762,7.67,1.0411
CUST00772,23.0,362345.87,60481.07,672.0,45,29.69,2015-06-26,1,Male,Secondary,Salaried,1,8.4,4.8,5.4,0,2015,6,26,Friday,1.0,1,False,False,True,False,True,False,False,False,False,Mid-Low,0,Med_Missed,1,-0.40263185645892785,-0.6619814068259896,0.09090909090909088,0.05749375457151533,0.05913700526983966,0.5493784967469177,0.16666666666666666,0.4418604651162792,0.22240310077519382,0.3150684931506849,0.08939428002269503,0.09334580841773335,0.7905882352941176,0.16666666666666666,0.6521739130434783,0.2283846153846154,-1.1011271529888553,-0.22663446212489047,-0.4782765794589886,0.24528301886792453,0.0,0.0,0.15428033866415813,3.4239368686316447,5.448853090330111,0.032583903551645484,-0.820660328720534,-0.3786710590638767,0.1669,7.5,0.2969
CUST00773,56.0,222063.34,87026.38,713.0,45,25.0,2017-08-07,1,Male,Secondary,Salaried,1,9.1,5.6,7.2,0,2017,8,7,Monday,1.0,1,True,False,False,False,True,False,False,False,False,Low,1,Med_Missed,1,-0.6749628470899951,-0.38997274380258884,0.6909090909090908,0.021672246311134978,0.10165256202568788,0.6531733373838635,0.16666666666666666,0.4418604651162792,0.18604651162790697,0.7671232876712328,0.05478520397854937,0.1343155436034591,0.8388235294117647,0.16666666666666666,0.6521739130434783,0.19230769230769232,1.2560157041540019,-0.6594367547509475,-0.14821629022784277,0.6320754716981132,0.0,0.0,-0.022201317027281276,3.258096538021482,5.0,0.038461538461538464,-0.20540846507440302,-1.4463616392773682,0.3919,7.5,0.25
CUST00774,65.0,393052.02,45386.78,624.0,44,42.58,2016-06-22,1,Female,Graduate,Salaried,1,8.75,5.2,6.1,0,2016,6,22,Wednesday,2.0,0,False,True,False,False,True,False,False,False,False,Mid-Low,0,Med_Missed,1,-0.3430218947055566,-0.8166519547377483,0.8545454545454544,0.06533464969843869,0.03496165590740116,0.4278625857573226,0.16666666666666666,0.4186046511627908,0.3223255813953488,0.8904109589041096,0.09696978839407203,0.07004944969686898,0.7341176470588235,0.16666666666666666,0.6376811594202898,0.3275384615384615,1.8988728470111447,-0.13189927223546077,-0.665956652629684,-0.20754716981132076,0.0,-0.1111111111111111,0.6393226716839135,3.774598329516474,6.52533524043018,0.02294630564479119,-1.3294151481577388,-0.21897455734593702,0.1155,7.33,0.4258
CUST00775,43.0,471248.37,55435.95,576.0,40,6.69,2025-12-26,1,Male,Graduate,Self-Employed,2,8.75,5.2,6.1,1,2025,12,26,Friday,2.0,1,False,True,False,False,False,True,False,False,False,Mid-High,0,High_Missed,1,-0.19121903329983742,-0.713678536977893,0.4545454545454545,0.08530229069733279,0.05105662927498161,0.30634667476772726,0.3333333333333333,0.32558139534883723,0.04410852713178295,0.589041095890411,0.11626159489003861,0.08555922651757061,0.6776470588235294,0.3333333333333333,0.5797101449275363,0.05146153846153846,0.3274442755825732,0.10935357339677562,-0.5410068231971796,-0.660377358490566,0.5,-0.5555555555555556,-0.7111947318908749,2.0399207835175526,2.5865034312755126,0.13003901170351104,-0.9727844810040062,0.12069112688501964,0.1176,6.67,0.0669
CUST00776,23.0,700960.8,145341.38,724.0,49,13.84,2018-07-31,1,Male,Graduate,Salaried,1,8.75,5.2,6.1,0,2018,7,31,Tuesday,2.0,1,False,True,False,False,False,False,True,False,False,High,1,Med_Missed,2,0.254722550603516,0.20757858199506102,0.09090909090909088,0.1439599561155217,0.19505115832075048,0.6810207336523124,0.16666666666666666,0.5348837209302326,0.09953488372093024,0.3150684931506849,0.17293390439397677,0.22431826375837896,0.851764705882353,0.16666666666666666,0.7101449275362319,0.10646153846153845,-1.1011271529888553,0.8180666708060018,0.5768634231570928,0.7358490566037735,0.0,0.4444444444444444,-0.4421448730009408,2.6973262377392344,3.7202150475476548,0.0673854447439353,0.6087289259710238,0.7903275741305908,0.2073,8.17,0.1384
CUST00777,29.0,250413.29,145744.37,606.0,43,22.34,2020-06-14,1,Male,Secondary,Salaried,1,8.4,4.8,5.4,0,2020,6,14,Sunday,1.0,1,False,False,True,False,True,False,False,False,False,Low,0,Med_Missed,1,-0.6199269850490037,0.21170800339235485,0.19999999999999996,0.02891147965049927,0.19569659603524842,0.38229411913622435,0.16666666666666666,0.39534883720930236,0.16542635658914728,0.3972602739726027,0.061779414700281636,0.22494023402666724,0.7129411764705882,0.16666666666666666,0.6231884057971014,0.17184615384615384,-0.6725557244174267,-0.571970957293245,0.5818741386453374,-0.37735849056603776,0.0,-0.2222222222222222,-0.12229539040451554,3.15016862685841,4.726520919238589,0.04284490145672665,0.6129628598485901,-1.16652624469715,0.582,7.17,0.2234
CUST00778,44.0,540265.16,52588.62,665.0,43,53.25,2025-05-12,1,Male,Graduate,Salaried,2,8.4,4.8,5.4,0,2025,5,12,Monday,2.0,1,False,False,True,False,False,False,False,True,False,Mid-High,0,High_Missed,1,-0.05723648543107328,-0.7428550064365814,0.47272727272727266,0.10292590721672362,0.046496282448456355,0.5316574263942684,0.3333333333333333,0.39534883720930236,0.4050387596899225,0.6027397260273972,0.1332887139007439,0.08116468917419914,0.7823529411764706,0.3333333333333333,0.6231884057971014,0.4096153846153846,0.39887284701114467,0.3222854683497049,-0.5764100851420021,0.1792452830188679,0.5,-0.2222222222222222,1.0408278457196616,3.993602992420569,7.297259759663212,0.018433179723502304,-1.0658079060264687,0.36216599549822764,0.0973,7.17,0.5325
CUST00779,38.415780141843975,445607.97,148104.47,526.0,44,54.88,2026-05-24,1,Female,Graduate,Salaried,1,8.55,5.0,5.9,0,2026,5,24,Sunday,2.0,0,False,False,False,True,True,False,False,False,False,Mid-High,0,Med_Missed,1,-0.2409948359758857,0.23589184775512664,0.37119600257898133,0.07875494798545372,0.19947658449646727,0.17976760082023224,0.16666666666666666,0.4186046511627908,0.41767441860465115,0.5262435635869037,0.10993585672861314,0.22858278602594062,0.6188235294117647,0.16666666666666666,0.6376811594202898,0.42215384615384616,0.0,0.030247330418058563,0.6112192579381402,-1.1320754716981132,0.0,-0.1111111111111111,1.1021636876763878,4.023206534388761,7.408103670980854,0.017895490336435216,0.6374928050461555,0.0183365912632544,0.3324,7.33,0.5488
CUST00780,25.0,526367.36,129648.47,604.0,62,23.32,2017-07-09,1,Female,Secondary,Salaried,1,8.4,4.8,5.4,0,2017,7,9,Sunday,1.0,0,False,False,True,False,False,False,False,True,False,Mid-High,0,Med_Missed,3,-0.08421633560623377,0.046774000393016955,0.12727272727272726,0.09937706790293938,0.16991704590053697,0.3772309561783245,0.16666666666666666,0.8372093023255813,0.1730232558139535,0.3424657534246575,0.12985999033091428,0.20009800161062377,0.7105882352941176,0.16666666666666666,0.8985507246376812,0.1793846153846154,-0.9582700101317124,0.27940771512941126,0.38174020125920044,-0.39622641509433965,0.0,1.8888888888888888,-0.08541862652869238,3.1912990570979662,4.829078587059854,0.04111842105263158,0.432531697250183,0.31704266413508864,0.2463,10.33,0.2332
CUST00781,37.0,341162.45,244246.14,731.0,48,7.4,2024-11-16,1,Male,Graduate,Salaried,2,8.4,4.8,5.4,0,2024,11,16,Saturday,2.0,1,False,False,True,False,False,False,False,False,True,Mid-Low,1,High_Missed,2,-0.44375530749416336,1.2210514528807401,0.34545454545454546,0.05208451327459043,0.35345921372502137,0.6987418040049618,0.3333333333333333,0.5116279069767442,0.04961240310077519,0.5068493150684932,0.08416812254139586,0.37696676648099775,0.86,0.3333333333333333,0.6956521739130435,0.05692307692307692,-0.10112715298885533,-0.29198994681468515,1.8066299503491676,0.8018867924528302,0.5,0.3333333333333333,-0.68447789275635,2.128231705849268,2.7202941017470885,0.11904761904761904,1.3736501332876863,-0.5000170677705089,0.7159,8.0,0.074
CUST00782,40.0,530228.06,138896.16,593.0,44,45.31,2023-05-09,0,Female,Graduate,Salaried,2,9.1,5.6,7.2,1,2023,5,9,Tuesday,2.0,0,True,False,False,False,False,False,True,False,False,Mid-High,0,High_Missed,1,-0.07672154451906577,0.1415346866669717,0.4,0.10036290767173206,0.18472835113884423,0.3493835599098756,0.3333333333333333,0.4186046511627908,0.34348837209302324,0.547945205479452,0.13081246288671744,0.214370783144525,0.6976470588235294,0.3333333333333333,0.6376811594202898,0.3485384615384616,0.11315856129685896,0.29131881917879965,0.4967245520209725,-0.5,0.5,-0.1111111111111111,0.7420507996237067,3.8353579204926604,6.731270311018568,0.021593608291945583,0.5391289427889834,0.3297391149543364,0.262,7.33,0.4531
CUST00783,48.0,420099.0,186306.53,715.0,47,6.89,2022-01-21,1,Male,Secondary,Salaried,0,8.75,5.2,6.1,0,2022,1,21,Friday,1.0,1,False,True,False,False,False,True,False,False,False,Mid-Low,1,Low_Missed,1,-0.29051549311029984,0.6273467324537696,0.5454545454545454,0.07224116626531513,0.2606618503728243,0.6582365003417634,0.0,0.4883720930232558,0.045658914728682165,0.6575342465753424,0.10364254363725509,0.28754341906240566,0.8411764705882353,0.0,0.6811594202898551,0.053,0.6845871327254304,-0.04845342225962198,1.0862177783104991,0.6509433962264151,-0.5,0.2222222222222222,-0.7036688617121356,2.065596134857783,2.6248809496813372,0.1267427122940431,0.981777391523102,-0.09178736521751459,0.4435,7.83,0.0689
CUST00784,34.0,1074204.68,131432.22,464.0,45,15.98,2016-12-04,0,Male,Secondary,Unemployed,0,8.4,4.8,5.4,0,2016,12,4,Sunday,1.0,1,False,False,True,False,False,True,False,False,False,High,0,Low_Missed,1,0.9793022654645407,0.06505201080871717,0.2909090909090909,0.2392687499514784,0.1727739394294972,0.022809549125338613,0.0,0.4418604651162792,0.11612403100775194,0.4657534246575342,0.2650168303715163,0.20285102145245415,0.5458823529411765,0.0,0.6521739130434783,0.12292307692307693,-0.31541286727456963,1.9696056897604284,0.40391907356907575,-1.7169811320754718,-0.5,0.0,-0.361618062088429,2.8320361808832013,3.997499218261337,0.058892815076560655,0.4537568791899711,1.4102690007656327,0.1224,7.5,0.1598
CUST00785,21.0,297987.16,177718.74,605.0,45,29.53,2022-12-11,1,Other,Graduate,Self-Employed,2,8.4,4.8,5.4,0,2022,12,11,Sunday,2.0,2,False,False,True,False,False,False,False,True,False,Low,0,High_Missed,1,-0.5275716565184048,0.5393480134248438,0.05454545454545451,0.04105959087420802,0.2469074555982933,0.3797625376572744,0.3333333333333333,0.4418604651162792,0.22116279069767442,0.2876712328767123,0.07351635503450785,0.2742891198234582,0.711764705882353,0.3333333333333333,0.6521739130434783,0.22715384615384615,-1.2439842958459981,-0.42519516129716484,0.97943852234188,-0.3867924528301887,0.5,0.0,0.14825964252116658,3.4187098067467865,5.43415126767741,0.03275466754012447,0.9119035550160733,-0.7824542449033615,0.5964,7.5,0.2953
CUST00786,45.0,641403.27,45603.04,636.0,45,6.1,2022-01-16,0,Male,Primary,Salaried,0,8.4,4.8,5.4,0,2022,1,16,Sunday,0.0,1,False,False,True,False,False,True,False,False,False,Mid-High,0,Low_Missed,1,0.13910329890881454,-0.81443594771182,0.49090909090909085,0.12875178619683794,0.0353080227158513,0.4582415635047212,0.0,0.4418604651162792,0.03953488372093023,0.6164383561643836,0.1582404776018346,0.07038322296722314,0.7482352941176471,0.0,0.6521739130434783,0.04692307692307692,0.4703014184397161,0.6343186622182954,-0.6632677091534492,-0.09433962264150944,-0.5,0.0,-0.7333960489181564,1.9600947840472698,2.4698178070456938,0.14084507042253522,-1.3208193508370059,0.6488514963933169,0.0711,7.5,0.061
CUST00787,50.0,429409.27,91761.98,789.0,49,13.09,2020-02-17,0,Female,Secondary,Salaried,2,8.75,5.2,6.1,0,2020,2,17,Monday,1.0,0,False,True,False,False,True,False,False,False,False,Mid-Low,1,High_Missed,2,-0.27244143177035457,-0.3414472519317607,0.5818181818181818,0.07461856788268953,0.10923720392939872,0.8455735297840561,0.3333333333333333,0.5348837209302326,0.09372093023255813,0.684931506849315,0.10593947856152205,0.1416244157901287,0.928235294117647,0.3333333333333333,0.7101449275362319,0.10069230769230769,0.8274442755825733,-0.019729202636782205,-0.08933457041809066,1.349056603773585,0.5,0.4444444444444444,-0.47036688617121364,2.645465325910589,3.6180105030251086,0.07097232079488999,-0.1184808127032482,-0.05056244596168564,0.2137,8.17,0.1309
CUST00788,37.0,375543.2,96433.64,556.0,59,50.18,2021-09-29,1,Male,Secondary,Salaried,0,8.55,5.0,5.9,0,2021,9,29,Wednesday,1.0,1,False,False,False,True,False,False,True,False,False,Mid-Low,0,Low_Missed,3,-0.37701183126701615,-0.2935769505225889,0.34545454545454546,0.06086372705212262,0.11671943811216116,0.25571504518872934,0.0,0.7674418604651163,0.38124031007751935,0.5068493150684932,0.09265019077330443,0.1488346036944232,0.6541176470588236,0.0,0.855072463768116,0.386,-0.10112715298885533,-0.18591781208626734,-0.031247870703919857,-0.8490566037735849,-0.5,1.5555555555555556,0.9253057384760114,3.935348830731643,7.083784299369935,0.019538882375928098,-0.03761646726908052,-0.30785537866383034,0.2568,9.83,0.5018
CUST00789,42.0,606923.28,85284.67,614.0,43,42.61,2017-06-03,1,Female,Post-Graduate,Self-Employed,0,8.55,5.0,5.9,0,2017,6,3,Saturday,3.0,0,False,False,False,True,False,False,True,False,False,Mid-High,0,Low_Missed,1,0.07216716770524065,-0.4078199721255766,0.4363636363636363,0.11994723122764234,0.098863000692359,0.40254677096782343,0.0,0.39534883720930236,0.3225581395348837,0.5753424657534246,0.14973392588857862,0.1316274078284265,0.7223529411764706,0.0,0.6231884057971014,0.32776923076923076,0.2560157041540018,0.527940350380581,-0.16987244366348853,-0.3018867924528302,-0.5,-0.2222222222222222,0.6404515522107245,3.775286481854675,6.527633568147036,0.02293052052281587,-0.23875030625991805,0.5584798987780063,0.1405,7.17,0.4261
CUST00790,33.0,380946.13,128840.69,735.0,49,8.41,2022-02-23,0,Male,Secondary,Salaried,0,8.75,5.2,6.1,0,2022,2,23,Wednesday,1.0,1,False,True,False,False,False,False,False,True,False,Mid-Low,1,Low_Missed,2,-0.3665231034175091,0.03849671307495428,0.2727272727272727,0.0622433792556098,0.168623287551652,0.7088681299207613,0.0,0.5348837209302326,0.057441860465116276,0.4520547945205479,0.09398314659632241,0.19885128297413676,0.8647058823529412,0.0,0.7101449275362319,0.06469230769230769,-0.386841438703141,-0.1692485911155727,0.371696389360408,0.839622641509434,-0.5,0.4444444444444444,-0.646472248353716,2.2417729535972883,2.9,0.10626992561105207,0.42280957267904784,-0.2798352037070416,0.3382,8.17,0.0841
CUST00791,38.415780141843975,137191.4937,144441.2,592.0,50,32.2,2016-10-05,1,Male,Secondary,Salaried,1,9.1,5.6,7.2,0,2016,10,5,Wednesday,1.0,1,True,False,False,False,True,False,False,False,False,Low,0,Med_Missed,2,-0.8397248739764982,0.19835447580528953,0.37119600257898133,0.0,0.1936094100842266,0.34685197843092563,0.16666666666666666,0.558139534883721,0.24186046511627907,0.5262435635869037,0.03384648707200554,0.22292893599315466,0.6964705882352941,0.16666666666666666,0.7246376811594203,0.2476923076923077,0.0,-0.9212849667702656,0.5656707239134189,-0.5094339622641509,0.0,0.5555555555555556,0.2487300094073379,3.502549875922443,5.674504383644443,0.03012048192771084,0.5992226541600624,-2.699026891946865,1.0528,8.33,0.322
CUST00792,49.0,137191.4937,124910.69,620.0,52,4.35,2018-04-16,1,Male,Secondary,Salaried,0,9.1,5.6,7.2,0,2018,4,16,Monday,1.0,1,True,False,False,False,False,True,False,False,False,Low,0,Low_Missed,2,-0.8397248739764982,-0.0017738298451308418,0.5636363636363636,0.0,0.162328912460516,0.41773625984152285,0.0,0.6046511627906976,0.02596899224806201,0.6712328767123288,0.03384648707200554,0.19278576483628482,0.7294117647058823,0.0,0.7536231884057971,0.03346153846153846,0.7560157041540018,-0.9212849667702656,0.3228313756657703,-0.24528301886792453,-0.5,0.7777777777777778,-0.7992474129821263,1.6770965609079151,2.085665361461421,0.1869158878504673,0.37449323397626205,-2.699026891946865,0.9105,8.67,0.0435
CUST00793,42.0,835855.54,88772.63,661.0,31,39.46,2020-09-08,0,Male,Post-Graduate,Salaried,1,8.4,4.8,5.4,0,2020,9,8,Tuesday,3.0,1,False,False,True,False,False,False,False,True,False,High,0,Med_Missed,0,0.5165942047226728,-0.37207899429261465,0.4363636363636363,0.17840567821072387,0.10444939472362584,0.5215311004784688,0.16666666666666666,0.11627906976744184,0.2981395348837209,0.5753424657534246,0.20621375980159776,0.1370106863638214,0.7776470588235294,0.16666666666666666,0.4492753623188406,0.30353846153846153,0.2560157041540018,1.2342464526733226,-0.12650368713261095,0.14150943396226415,0.0,-1.5555555555555556,0.5219190968955787,3.7003138317395994,6.281719509815764,0.024715768660405337,-0.17273756417871833,1.0576229486305768,0.1062,5.17,0.3946
CUST00794,43.0,818418.61,63485.19,531.0,48,14.16,2016-11-11,1,Male,Graduate,Salaried,1,8.55,5.0,5.9,0,2016,11,11,Friday,2.0,1,False,False,False,True,False,False,False,False,True,High,0,Med_Missed,2,0.48274382848220593,-0.6311983169030669,0.4545454545454545,0.17395311286256057,0.06394847043492452,0.19242550821498194,0.16666666666666666,0.5116279069767442,0.10201550387596899,0.589041095890411,0.20191189814892835,0.09798233369719486,0.6247058823529412,0.16666666666666666,0.6956521739130435,0.10892307692307693,0.3274442755825732,1.1804497091988493,-0.44092381484312726,-1.0849056603773586,0.0,0.3333333333333333,-0.43010348071495774,2.7186603802142257,3.7629775444453557,0.06596306068601583,-0.736820460899218,1.026499712202582,0.0776,8.0,0.1416
CUST00795,38.415780141843975,1136734.77,190672.32,614.0,34,21.17,2025-07-02,1,Male,Post-Graduate,Self-Employed,0,9.1,5.6,7.2,0,2025,7,2,Wednesday,3.0,1,True,False,False,False,False,False,True,False,False,High,0,Low_Missed,0,1.1006921588030043,0.6720827969766905,0.37119600257898133,0.2552359707840178,0.2676541963853257,0.40254677096782343,0.0,0.18604651162790697,0.15635658914728684,0.5262435635869037,0.2804436168705713,0.2942815306224699,0.7223529411764706,0.0,0.4927536231884058,0.16284615384615386,0.0,2.1625246962120066,1.1405013376331232,-0.3018867924528302,-0.5,-1.2222222222222223,-0.16632173095014108,3.09874002362822,4.601086828130937,0.04510599909788002,1.015900264617709,1.4854548020900116,0.1677,5.67,0.2117
CUST00796,26.0,438552.97,121763.96,752.0,45,26.93,2025-03-10,0,Male,Secondary,Unemployed,0,8.55,5.0,5.9,0,2025,3,10,Monday,1.0,1,False,False,False,True,False,False,True,False,False,Mid-High,1,Low_Missed,1,-0.25469073338308373,-0.034018238375135755,0.14545454545454545,0.07695343541808712,0.1572890399591088,0.7519050150629096,0.0,0.4418604651162792,0.20100775193798448,0.3561643835616438,0.10819531903306796,0.1879291368744724,0.8847058823529412,0.0,0.6521739130434783,0.20715384615384616,-0.886841438703141,0.008481112097952465,0.28370542031123414,1.0,-0.5,0.0,0.05042333019755409,3.3297013799570854,5.189412298131649,0.03580379520229144,0.3345353363818704,-0.01124422918892376,0.2776,7.5,0.2693
CUST00797,32.0,231812.14,53574.67,692.0,51,8.93,2020-06-14,0,Male,Secondary,Salaried,3,8.55,5.0,5.9,0,2020,6,14,Sunday,1.0,1,False,False,False,True,False,False,False,False,True,Low,0,High_Missed,2,-0.6560374658506907,-0.7327509940074848,0.2545454545454545,0.024161627702594037,0.04807556197991046,0.6000101263259157,0.5,0.5813953488372092,0.06147286821705426,0.4383561643835616,0.05719032855492512,0.08268654773904109,0.8141176470588235,0.5,0.7391304347826086,0.06869230769230769,-0.4582700101317125,-0.6293595741472551,-0.5641496915660231,0.4339622641509434,1.0,0.6666666666666666,-0.6269049858889936,2.295560478057081,2.988310559496787,0.10070493454179255,-1.032954372830154,-1.3448891829243717,0.2311,8.5,0.0893
CUST00798,40.0,358687.95,87885.27,637.0,45,13.21,2021-07-18,0,Male,Graduate,Salaried,3,8.75,5.2,6.1,0,2021,7,18,Sunday,2.0,1,False,True,False,False,False,True,False,False,False,Mid-Low,0,High_Missed,1,-0.40973298998745195,-0.3811717344874153,0.4,0.056559695202213905,0.10302817928320081,0.46077314498367117,0.5,0.4418604651162792,0.09465116279069768,0.547945205479452,0.08849183528176113,0.13564114484351497,0.7494117647058823,0.5,0.6521739130434783,0.10161538461538462,0.11315856129685896,-0.23791994551503676,-0.13753698447410553,-0.08490566037735849,1.0,0.0,-0.46585136406396993,2.6539459421090092,3.6345563690772495,0.07037297677691766,-0.18924652027750227,-0.39892408033795296,0.245,7.5,0.1321
CUST00799,32.0,444947.8,34683.53,659.0,42,74.81,2018-05-09,1,Female,Secondary,Salaried,4,8.4,4.8,5.4,0,2018,5,9,Wednesday,1.0,0,False,False,True,False,False,False,False,False,True,Mid-High,0,High_Missed,1,-0.24227642642114575,-0.9263277024500641,0.2545454545454545,0.07858637186191036,0.017819093517019116,0.516467937520569,0.6666666666666666,0.37209302325581395,0.5721705426356589,0.4383561643835616,0.10977298631465594,0.05353017310425737,0.7752941176470588,0.6666666666666666,0.6086956521739131,0.5754615384615385,-0.4582700101317125,0.028210561552235162,-0.7990392118732287,0.12264150943396226,1.5,-0.3333333333333333,1.8521166509877707,4.328230210068212,8.649277426467485,0.013190871916633689,-1.8254950342913379,0.01559572686574198,0.0779,7.0,0.7481
CUST00800,47.0,267394.64,100833.14,696.0,44,19.97,2017-06-09,1,Female,Graduate,Salaried,1,8.4,4.8,5.4,0,2017,6,9,Friday,2.0,0,False,False,True,False,True,False,False,False,False,Low,0,Med_Missed,1,-0.5869610279355066,-0.24849546106281423,0.5272727272727272,0.03324771146280982,0.12376577480769625,0.6101364522417154,0.16666666666666666,0.4186046511627908,0.14705426356589146,0.6438356164383562,0.0659688802986156,0.15562474289225514,0.8188235294117647,0.16666666666666666,0.6376811594202898,0.1536153846153846,0.613158561296859,-0.519579777779406,0.02345483355805432,0.4716981132075472,0.0,-0.1111111111111111,-0.21147695202257769,3.0430928449138284,4.468780594300866,0.047687172150691466,0.03454000164110641,-1.018788697627258,0.3771,7.33,0.1997
CUST00801,36.0,1008815.43,87638.18,712.0,49,28.08,2026-01-17,0,Female,Post-Graduate,Salaried,0,8.75,5.2,6.1,0,2026,1,17,Saturday,3.0,0,False,True,False,False,False,False,True,False,False,High,1,Low_Missed,2,0.8523618743187403,-0.3837036552126378,0.32727272727272727,0.22257143518951145,0.10263243446353952,0.6506417559049138,0.0,0.5348837209302326,0.209922480620155,0.4931506849315068,0.24888466105777748,0.13525978889524987,0.8376470588235294,0.0,0.7101449275362319,0.216,-0.17255572441742675,1.7678655492518536,-0.14060926341400595,0.6226415094339622,-0.5,0.4444444444444444,0.09369708372530569,3.3700506526653187,5.299056519796708,0.034387895460797804,-0.19387749293523668,1.324982134739096,0.0869,8.17,0.2808
CUST00802,27.0,917028.06,69934.88,605.0,51,28.43,2019-10-02,1,Male,Graduate,Salaried,1,8.4,4.8,5.4,1,2019,10,2,Wednesday,2.0,1,False,False,True,False,False,False,False,True,False,High,0,Med_Missed,2,0.6741747158784106,-0.565108617675015,0.16363636363636364,0.19913329194634646,0.07427843686788864,0.3797625376572744,0.16666666666666666,0.5813953488372092,0.2126356589147287,0.3698630136986301,0.2262398166268841,0.1079367132591598,0.711764705882353,0.16666666666666666,0.7391304347826086,0.21869230769230769,-0.8154128672745696,1.484681433809138,-0.3607293644166214,-0.3867924528301887,0.0,0.6666666666666666,0.10686735653809973,3.382014562245381,5.331978994707312,0.03397893306150187,-0.5712195688322147,1.1916580392861,0.0763,8.5,0.2843
CUST00803,39.0,561934.37,255444.42,773.0,58,60.56,2025-12-17,1,Female,Post-Graduate,Self-Employed,1,8.55,5.0,5.9,0,2025,12,17,Wednesday,3.0,0,False,False,False,True,False,False,False,True,False,Mid-High,1,Med_Missed,3,-0.015169968484931674,1.3357997519573637,0.38181818181818183,0.10845919625143746,0.37139462713356247,0.8050682261208577,0.16666666666666666,0.7441860465116279,0.4617054263565891,0.5342465753424658,0.13863472053967862,0.39425006685065284,0.9094117647058824,0.16666666666666666,0.8405797101449275,0.46584615384615385,0.04172998986828753,0.38913972145873754,1.9458676362413785,1.1981132075471699,0.0,1.4444444444444444,1.3158984007525871,4.120012308970678,7.782030583337488,0.016244314489928524,1.4370613340295508,0.42945259858164647,0.4546,9.67,0.6056
CUST00804,40.0,440016.77,49330.98,644.0,60,44.47,2015-10-09,0,Male,Graduate,Unemployed,0,8.75,5.2,6.1,0,2015,10,9,Friday,2.0,1,False,True,False,False,False,True,False,False,False,Mid-High,0,Low_Missed,3,-0.2518490530677532,-0.7762359050213615,0.4,0.07732722054864861,0.04127877403321761,0.4784942153363205,0.0,0.7906976744186047,0.3369767441860465,0.547945205479452,0.1085564528500402,0.07613688395623681,0.7576470588235295,0.0,0.8695652173913043,0.34207692307692306,0.11315856129685896,0.01299725531226463,-0.6169150783257679,-0.018867924528301886,-0.5,1.6666666666666667,0.7104421448730011,3.8170527678369193,6.668583057891683,0.021992522542335607,-1.1795769328712689,-0.00505357389005109,0.1121,10.0,0.4447
CUST00805,48.0,639235.41,150819.01,704.0,46,9.4,2016-03-23,0,Male,Secondary,Self-Employed,0,8.4,4.8,5.4,1,2016,3,23,Wednesday,1.0,1,False,False,True,False,False,False,False,True,False,Mid-High,1,Low_Missed,1,0.1348948243300522,0.2637076237292458,0.5454545454545454,0.12819821751727856,0.20382425191628722,0.6303891040733145,0.0,0.4651162790697674,0.06511627906976744,0.6575342465753424,0.1577056452774314,0.23277237676536164,0.8282352941176471,0.0,0.6666666666666666,0.07230769230769231,0.6845871327254304,0.6276303398869807,0.644971429509296,0.5471698113207547,-0.5,0.1111111111111111,-0.6092191909689558,2.341805806147327,3.0659419433511785,0.09615384615384615,0.6651594940184353,0.6433663429504325,0.2359,7.67,0.094
CUST00806,42.0,958588.29,366599.37,583.0,44,65.81,2020-06-18,1,Male,Graduate,Self-Employed,1,8.55,5.0,5.9,0,2020,6,18,Thursday,2.0,1,False,False,False,True,False,False,False,True,False,High,0,Med_Missed,1,0.7548557429938683,2.4747997989687924,0.4363636363636363,0.20974580458244096,0.5494228583133253,0.3240677451203766,0.16666666666666666,0.4186046511627908,0.5024031007751938,0.5753424657534246,0.23649313299123953,0.5658053760967149,0.6858823529411765,0.16666666666666666,0.6376811594202898,0.5062307692307693,0.2560157041540018,1.6129038348883475,3.327951135981013,-0.5943396226415094,0.0,-0.1111111111111111,1.5134524929444968,4.2018527699373855,8.112336284942828,0.0149678191887442,1.9333908500019252,1.254180200116106,0.3824,7.33,0.6581
CUST00807,43.0,459619.11,188407.18,568.0,57,82.48,2023-12-27,0,Female,Primary,Salaried,1,8.4,4.8,5.4,0,2023,12,27,Wednesday,0.0,0,False,False,True,False,False,False,True,False,False,Mid-High,0,Med_Missed,3,-0.2137949584425209,0.6488720036967917,0.4545454545454545,0.08233272896251015,0.2640262979644769,0.2860940229361282,0.16666666666666666,0.7209302325581395,0.6316279069767442,0.589041095890411,0.11339254238808316,0.290785538827362,0.668235294117647,0.16666666666666666,0.8260869565217391,0.6344615384615385,0.3274442755825732,0.07347476233210132,1.1123369363302549,-0.7358490566037735,0.0,1.3333333333333333,2.1407337723424273,4.4246070822090005,9.081850031794183,0.011978917105893626,0.9983089224393331,0.075233248824988,0.4099,9.5,0.8248
CUST00808,42.0,382857.37,96865.31,624.0,41,9.34,2019-11-15,1,Male,Graduate,Salaried,3,8.4,4.8,5.4,0,2019,11,15,Friday,2.0,1,False,False,True,False,True,False,False,False,False,Mid-Low,0,High_Missed,1,-0.36281280618710043,-0.28915364638459573,0.4363636363636363,0.06273141935188957,0.11741081035022495,0.4278625857573226,0.5,0.34883720930232565,0.06465116279069767,0.5753424657534246,0.09445466824979283,0.14950083835461822,0.7341176470588235,0.5,0.5942028985507246,0.07184615384615385,0.2560157041540018,-0.16335199762129637,-0.025880552520315746,-0.20754716981132076,1.0,-0.4444444444444444,-0.6114769520225777,2.336019869080283,3.056141357987225,0.09671179883945842,-0.03037155031092826,-0.2700527123754105,0.253,6.83,0.0934
CUST00809,36.0,562747.91,281891.76,655.0,42,18.95,2024-08-26,0,Male,Secondary,Salaried,0,8.55,5.0,5.9,0,2024,8,26,Monday,1.0,1,False,False,False,True,False,False,False,True,False,Mid-High,0,Low_Missed,1,-0.01359064029546996,1.6068045205558583,0.32727272727272727,0.10866693580268558,0.41375327296633724,0.5063416116047694,0.0,0.37209302325581395,0.1391472868217054,0.4931506849315068,0.13883542883689107,0.4350685962318072,0.7705882352941177,0.0,0.6086956521739131,0.14576923076923076,-0.17255572441742675,0.39164967032509335,2.2747097816069606,0.08490566037735849,-0.5,-0.3333333333333333,-0.2498588899341487,2.9932291433358724,4.3531597719357835,0.050125313283208024,1.5749866563876216,0.43190967778097383,0.5009,7.0,0.1895
CUST00810,30.0,330097.79,43597.83,509.0,52,22.89,2016-07-11,0,Other,Secondary,Salaried,2,8.4,4.8,5.4,0,2016,7,11,Monday,1.0,2,False,False,True,False,True,False,False,False,False,Mid-Low,0,High_Missed,2,-0.4652351725835366,-0.8349832493323759,0.21818181818181814,0.04925912361567637,0.03209643394320581,0.13673071567808415,0.3333333333333333,0.6046511627906976,0.16968992248062015,0.410958904109589,0.0814383623970456,0.06728840423307504,0.5988235294117648,0.3333333333333333,0.7536231884057971,0.17607692307692308,-0.6011271529888553,-0.3261268433699999,-0.6882001809373232,-1.2924528301886793,0.5,0.7777777777777778,-0.10159924741298211,3.173459961337718,4.784349485562275,0.04185851820845542,-1.4023697236558776,-0.5675631505783757,0.1321,8.67,0.2289
CUST00811,41.0,476125.9,614087.42,690.0,50,19.56,2024-11-03,1,Male,Graduate,Salaried,2,8.75,5.2,6.1,0,2024,11,3,Sunday,2.0,1,False,True,False,False,False,False,False,False,True,Mid-High,0,High_Missed,2,-0.1817502663996913,5.010799325618455,0.4181818181818181,0.08654778064668896,0.945805203675621,0.594946963368016,0.3333333333333333,0.558139534883721,0.14387596899224803,0.5616438356164384,0.11746492937992557,0.9477756702892353,0.8117647058823529,0.3333333333333333,0.7246376811594203,0.15046153846153845,0.1845871327254304,0.12440182043332668,6.405179368171645,0.41509433962264153,0.5,0.5555555555555556,-0.2269049858889935,3.0233474405869645,4.422668877499196,0.048638132295719845,2.5987653334007033,0.13930428599126052,1.2898,8.33,0.1956
CUST00812,34.0,215080.27,65368.75,753.0,42,39.6,2020-02-09,0,Male,Primary,Self-Employed,1,8.75,5.2,6.1,0,2020,2,9,Sunday,0.0,1,False,True,False,False,True,False,False,False,False,Low,1,Med_Missed,1,-0.6885191065240535,-0.6118975576606864,0.2909090909090909,0.01988910125602502,0.0669652218717337,0.7544365965418596,0.16666666666666666,0.37209302325581395,0.2992248062015504,0.4657534246575342,0.0530624121194947,0.1008893991790606,0.8858823529411765,0.16666666666666666,0.6086956521739131,0.3046153846153846,-0.31541286727456963,-0.68098105328597,-0.41750392039155687,1.009433962264151,0.0,-0.3333333333333333,0.5271872060206962,3.703768066607687,6.29285308902091,0.02463054187192118,-0.6865364091951458,-1.522856716694176,0.3039,7.0,0.396
CUST00813,57.0,761879.43,64104.63,696.0,43,21.28,2018-04-11,0,Other,Primary,Salaried,0,8.55,5.0,5.9,0,2018,4,11,Wednesday,0.0,2,False,False,False,True,True,False,False,False,False,High,0,Low_Missed,1,0.3729841107264155,-0.6248509415579225,0.7090909090909091,0.1595156864531201,0.0649405792660831,0.6101364522417154,0.0,0.39534883720930236,0.1572093023255814,0.7808219178082192,0.18796312790580802,0.09893837047971674,0.8188235294117647,0.0,0.6231884057971014,0.1636923076923077,1.3274442755825733,1.0060139706418296,-0.4332217934479603,0.4716981132075472,-0.5,-0.2222222222222222,-0.1621825023518344,3.1036894150590832,4.613025037868319,0.04488330341113106,-0.7200974128907625,0.9190209033471526,0.0841,7.17,0.2128
CUST00814,53.0,419909.5,81162.77,596.0,48,16.19,2022-05-08,1,Male,Graduate,Salaried,3,8.75,5.2,6.1,0,2022,5,8,Sunday,2.0,1,False,True,False,False,True,False,False,False,False,Mid-Low,0,High_Missed,2,-0.2908833701561771,-0.45005690618723015,0.6363636363636364,0.07219277694830366,0.09226127430860491,0.3569783043467254,0.5,0.5116279069767442,0.11775193798449614,0.726027397260274,0.10359579212863626,0.12526571337234205,0.7011764705882353,0.5,0.6956521739130435,0.12453846153846154,1.0417299898682875,-0.04903807121379067,-0.22112351235252842,-0.4716981132075472,1.0,0.3333333333333333,-0.35371589840075257,2.844327819394758,4.023679907746142,0.05817335660267597,-0.3208622558532748,-0.09263935972878491,0.1933,8.0,0.1619
CUST00815,45.0,789693.7,92841.75,586.0,45,40.89,2023-12-13,0,Male,Primary,Salaried,2,8.4,4.8,5.4,0,2023,12,13,Wednesday,0.0,1,False,False,True,False,False,False,False,True,False,High,0,High_Missed,1,0.4269800552162957,-0.3303828946470735,0.49090909090909085,0.16661813251366264,0.11096658748974374,0.33166248955722644,0.3333333333333333,0.4418604651162792,0.30922480620155035,0.6164383561643836,0.19482518111758282,0.1432909207569756,0.6894117647058824,0.3333333333333333,0.6521739130434783,0.31453846153846154,0.4703014184397161,1.0918270781165815,-0.0759088768208746,-0.5660377358490566,0.5,0.0,0.5757290686735655,3.7350471349589434,6.394528911499267,0.023872045834328,-0.0993783358789466,0.9732057698948916,0.1176,7.5,0.4089
CUST00816,42.0,400084.84,132075.26,674.0,43,3.09,2025-09-02,0,Female,Graduate,Unemployed,0,8.75,5.2,6.1,0,2025,9,2,Tuesday,2.0,0,False,True,False,False,False,True,False,False,False,Mid-Low,0,Low_Missed,1,-0.32936905541380745,0.07164121435053189,0.4363636363636363,0.0671304985452179,0.1738038465436459,0.5544416597048176,0.0,0.39534883720930236,0.016201550387596898,0.5753424657534246,0.09870485406607543,0.20384348221157994,0.7929411764705883,0.0,0.6231884057971014,0.023769230769230768,0.2560157041540018,-0.11020148406735182,0.4119145337233252,0.2641509433962264,-0.5,-0.2222222222222222,-0.8466603951081845,1.4085449700547104,1.7578395831246945,0.24449877750611249,0.46132783170565284,-0.1847790600757256,0.3301,7.17,0.0309
CUST00817,38.415780141843975,413288.07,46972.72,638.0,35,29.73,2016-01-03,0,Female,Secondary,Salaried,2,8.4,4.8,5.4,0,2016,1,3,Sunday,1.0,0,False,False,True,False,False,False,False,False,True,Mid-Low,0,High_Missed,0,-0.30373757653023,-0.800400894982359,0.37119600257898133,0.07050197760614373,0.03750173255677425,0.4633047264626211,0.3333333333333333,0.2093023255813954,0.22271317829457365,0.5262435635869037,0.1019622204045521,0.07249717179242747,0.7505882352941177,0.3333333333333333,0.5072463768115942,0.2286923076923077,0.0,-0.06946663123807131,-0.6462373193424387,-0.07547169811320754,0.5,-1.1111111111111112,0.15578551269990598,3.425239376142393,5.452522352086234,0.03254149040026033,-1.2674391459550056,-0.12274266159496809,0.1137,5.83,0.2973
CUST00818,24.0,241310.87,65555.59,685.0,48,36.35,2023-01-30,1,Male,Secondary,Salaried,1,8.55,5.0,5.9,0,2023,1,30,Monday,1.0,1,False,False,False,True,True,False,False,False,False,Low,0,Med_Missed,2,-0.6375975464206873,-0.6099830161239972,0.10909090909090907,0.026587153070279673,0.06726446895621915,0.5822890559732665,0.16666666666666666,0.5116279069767442,0.274031007751938,0.3287671232876712,0.05953375840961057,0.10117776594976702,0.8058823529411765,0.16666666666666666,0.6956521739130435,0.2796153846153846,-1.029698581560284,-0.6000539141977524,-0.4151807806565172,0.36792452830188677,0.0,0.3333333333333333,0.40489181561618076,3.6203329115788265,6.029096117993144,0.02677376171352075,-0.681639049007466,-1.2514649595470664,0.2717,8.0,0.3635
CUST00819,36.0,646855.68,89697.37,698.0,41,63.0,2018-08-13,1,Female,Secondary,Salaried,2,8.4,4.8,5.4,0,2018,8,13,Monday,1.0,0,False,False,True,False,True,False,False,False,False,Mid-High,0,High_Missed,1,0.1496880824640209,-0.36260322282698637,0.32727272727272727,0.13014407324679333,0.10593047880041391,0.6151996151996151,0.3333333333333333,0.34883720930232565,0.48062015503875966,0.4931506849315068,0.15958564062615316,0.13843791975893519,0.8211764705882353,0.3333333333333333,0.5942028985507246,0.4846153846153846,-0.17255572441742675,0.6511405398130126,-0.11500561263795986,0.49056603773584906,0.5,-0.4444444444444444,1.407714016933208,4.1588830833596715,7.937253933193772,0.015625,-0.15573288813797226,0.6625362524690053,0.1387,6.83,0.63
CUST00820,39.0,285523.62,87790.53,737.0,49,26.53,2020-10-10,0,Male,Graduate,Self-Employed,2,8.55,5.0,5.9,0,2020,10,10,Saturday,2.0,1,False,False,False,True,False,False,False,False,True,Low,1,High_Missed,2,-0.5517671724887108,-0.38214253123964154,0.38181818181818183,0.03787699357528862,0.10287644159970606,0.7139312928786612,0.3333333333333333,0.5348837209302326,0.19790697674418606,0.5342465753424658,0.07044147747392172,0.1354949241848941,0.8670588235294118,0.3333333333333333,0.7101449275362319,0.20407692307692307,0.04172998986828753,-0.46364790866518396,-0.13871496701798092,0.8584905660377359,0.5,0.4444444444444444,0.03537158984007531,3.315276319154516,5.150728103870365,0.03632401017072285,-0.19102037886958656,-0.874560626151697,0.3075,8.17,0.2653
CUST00821,41.0,346898.95,297108.96,559.0,58,4.73,2020-04-22,0,Male,Post-Graduate,Unemployed,1,8.75,5.2,6.1,0,2020,4,22,Wednesday,3.0,1,False,True,False,False,False,False,False,True,False,Mid-Low,0,Med_Missed,3,-0.43261901897872873,1.7627345220122246,0.4181818181818181,0.053549343443647646,0.43812547770853444,0.26330978962557894,0.16666666666666666,0.7441860465116279,0.028914728682170543,0.5616438356164384,0.08558337335507338,0.45855465287489133,0.6576470588235294,0.16666666666666666,0.8405797101449275,0.03638461538461539,0.1845871327254304,-0.27429158942371584,2.4639180987555713,-0.8207547169811321,0.0,1.4444444444444444,-0.7849482596425212,1.7457155307266483,2.1748563170931545,0.17452006980802792,1.6477945585718454,-0.46616184590123294,0.8565,9.67,0.0473
CUST00822,43.0,442645.1,113476.15,668.0,61,27.76,2023-11-07,1,Male,Secondary,Salaried,0,8.4,4.8,5.4,0,2023,11,7,Tuesday,1.0,1,False,False,True,False,False,True,False,False,False,Mid-High,0,Low_Missed,3,-0.24674666638706427,-0.11894307509740323,0.4545454545454545,0.07799837143825691,0.14401509980031285,0.5392521708311182,0.0,0.8139534883720931,0.2074418604651163,0.589041095890411,0.10920488763974001,0.1751378234194926,0.7858823529411765,0.0,0.8840579710144928,0.21353846153846154,0.3274442755825732,0.02110622832392778,0.18065606938284848,0.20754716981132076,-0.5,1.7777777777777777,0.08165569143932275,3.358985532852846,5.2687759489277965,0.03477051460361613,0.22337229929079905,0.0059919157511716704,0.2564,10.17,0.2776
CUST00823,48.0,470058.34,37490.62,621.0,42,4.32,2019-07-31,1,Male,Post-Graduate,Unemployed,0,8.55,5.0,5.9,0,2019,7,31,Wednesday,3.0,1,False,False,False,True,False,False,True,False,False,Mid-High,0,Low_Missed,1,-0.19352924290883636,-0.8975635705606133,0.5454545454545454,0.08499841344707862,0.022314991067802062,0.4202678413204728,0.0,0.37209302325581395,0.025736434108527134,0.6575342465753424,0.11596800281720664,0.057862604480741535,0.7305882352941176,0.0,0.6086956521739131,0.03323076923076923,0.6845871327254304,0.10568207052115901,-0.7641362878803328,-0.2358490566037736,-0.5,-0.3333333333333333,-0.8003762935089371,1.6714733033535532,2.078460969082653,0.18796992481203006,-1.6799643322584144,0.11610995789307542,0.0798,7.0,0.0432
CUST00824,30.0,188518.52,126868.81,642.0,42,33.58,2018-03-21,1,Female,Graduate,Salaried,1,8.4,4.8,5.4,0,2018,3,21,Wednesday,2.0,0,False,False,True,False,False,False,False,True,False,Low,0,Med_Missed,1,-0.7400835293384606,0.018290942547407808,0.21818181818181814,0.013106489429483552,0.16546508084561912,0.47343105237842065,0.16666666666666666,0.37209302325581395,0.2525581395348837,0.410958904109589,0.0465093678764547,0.19580790538999743,0.7552941176470588,0.16666666666666666,0.6086956521739131,0.2583076923076923,-0.6011271529888553,-0.762929862565074,0.3471783376545092,-0.03773584905660377,0.0,-0.3333333333333333,0.30065851364063967,3.5432754802551445,5.794825277780168,0.02891844997108155,0.3987808872630147,-1.847993505851587,0.673,7.0,0.3358
CUST00825,30.0,394193.45,136953.71,692.0,38,55.72,2020-08-08,0,Male,Graduate,Self-Employed,0,8.75,5.2,6.1,0,2020,8,8,Saturday,2.0,1,False,True,False,False,False,False,True,False,False,Mid-Low,0,Low_Missed,0,-0.3408060324550254,0.12163048409823891,0.21818181818181814,0.06562611681250946,0.1816172801729976,0.6000101263259157,0.0,0.2790697674418605,0.4241860465116279,0.410958904109589,0.09725139037023448,0.21137282749392183,0.8141176470588235,0.0,0.5507246376811594,0.4286153846153846,-0.6011271529888553,-0.12837771099136178,0.4725724283947258,0.4339622641509434,-0.5,-0.7777777777777778,1.1337723424270933,4.038126882223872,7.464583042608609,0.01763046544428773,0.5174257627110604,-0.21336814509796675,0.3474,6.33,0.5572
CUST00826,54.0,658431.06,91575.88,728.0,30,23.84,2022-09-08,0,Male,Graduate,Salaried,0,8.55,5.0,5.9,0,2022,9,8,Thursday,2.0,1,False,False,False,True,True,False,False,False,False,High,1,Low_Missed,0,0.17215941016484754,-0.3433542107199101,0.6545454545454545,0.13309987658372377,0.10893914204531212,0.6911470595681122,0.0,0.09302325581395354,0.1770542635658915,0.7397260273972602,0.1624414004036528,0.14133719112716325,0.8564705882352941,0.0,0.43478260869565216,0.1833846153846154,1.1131585612968589,0.6868531192911401,-0.09164850910729465,0.7735849056603774,-0.5,-1.6666666666666667,-0.06585136406396991,3.212455257065278,4.882622246293481,0.040257648953301126,-0.12179913198960803,0.6910742603265916,0.1391,5.0,0.2384
CUST00827,46.0,366161.94,47665.45,762.0,36,21.3,2024-09-22,1,Male,Graduate,Salaried,1,8.4,4.8,5.4,0,2024,9,22,Sunday,2.0,1,False,False,True,False,False,False,True,False,False,Mid-Low,1,Med_Missed,0,-0.39522370575464916,-0.7933025201230638,0.509090909090909,0.05846819795393217,0.03861122427608281,0.7772208298524088,0.16666666666666666,0.2325581395348837,0.1573643410852713,0.6301369863013698,0.09033574191976648,0.07356632354297052,0.8964705882352941,0.16666666666666666,0.5217391304347826,0.16384615384615386,0.5417299898682876,-0.21486105138856057,-0.6376240213941725,1.0943396226415094,0.0,-1.0,-0.16142991533396048,3.104586678466073,4.61519230368573,0.04484304932735426,-1.2411154581095358,-0.35783733515144756,0.1302,6.0,0.213
CUST00828,34.0,395392.46,283461.85,684.0,52,43.77,2015-01-22,1,Male,Graduate,Self-Employed,1,8.4,4.8,5.4,0,2015,1,22,Thursday,2.0,1,False,False,True,False,False,False,False,True,False,Mid-Low,0,Med_Missed,2,-0.3384783899390502,1.6228931660350938,0.2909090909090909,0.06593228712907902,0.41626796390446485,0.5797574744943166,0.16666666666666666,0.6046511627906976,0.33155038759689925,0.4657534246575342,0.09754719789714243,0.4374918556142652,0.8047058823529412,0.16666666666666666,0.7536231884057971,0.33669230769230774,-0.31541286727456963,-0.12467850285132058,2.2942320384394828,0.3584905660377358,0.0,0.7777777777777778,0.6841015992474132,3.8015382722528743,6.615889962809237,0.022336385972749607,1.5827045680947485,-0.20750269878959016,0.7169,8.67,0.4377
CUST00829,37.0,479837.62,51951.7,641.0,46,32.69,2021-07-14,1,Female,Graduate,Salaried,1,8.55,5.0,5.9,0,2021,7,14,Wednesday,2.0,0,False,False,False,True,True,False,False,False,False,Mid-High,0,Med_Missed,1,-0.17454469073360418,-0.7493814985985816,0.34545454545454546,0.08749557798567492,0.04547617726193057,0.47089947089947093,0.16666666666666666,0.4651162790697674,0.24565891472868212,0.5068493150684932,0.11838064710853066,0.08018167395476894,0.7541176470588236,0.16666666666666666,0.6666666666666666,0.25146153846153846,-0.10112715298885533,0.13585328859251924,-0.5843294501604217,-0.04716981132075472,0.0,0.1111111111111111,0.2671683913452493,3.5172010574184616,5.717516943569122,0.029682398337785694,-1.087405964182902,0.15329529646000914,0.1083,7.67,0.3269
CUST00830,37.0,415409.39,146746.71,630.0,42,41.48,2015-11-01,0,Male,Graduate,Salaried,1,8.75,5.2,6.1,0,2015,11,1,Sunday,2.0,1,False,True,False,False,False,False,False,True,False,Mid-Low,0,Med_Missed,1,-0.2996194502243707,0.22197893875889885,0.34545454545454546,0.0710436621758682,0.19730196599169858,0.44305207463102203,0.16666666666666666,0.37209302325581395,0.31379844961240305,0.5068493150684932,0.1024855708544903,0.2264872343956989,0.7411764705882353,0.16666666666666666,0.6086956521739131,0.31907692307692304,-0.10112715298885533,-0.06292189498763792,0.5943370795681576,-0.1509433962264151,0.0,-0.3333333333333333,0.5979303857008467,3.749033376933683,6.440496875241847,0.02354048964218456,0.6234359123701049,-0.11302723920568412,0.3533,7.0,0.4148
CUST00831,38.0,264274.14,111305.1,511.0,59,102.63,2022-02-15,1,Male,Secondary,Self-Employed,1,8.4,4.8,5.4,0,2022,2,15,Tuesday,1.0,1,False,False,True,False,True,False,False,False,False,Low,0,Med_Missed,3,-0.5930188660445301,-0.1411897321474415,0.36363636363636365,0.03245088368584774,0.14053789800855443,0.1417938786359838,0.16666666666666666,0.7674418604651163,0.7878294573643411,0.5205479452054794,0.06519902234270508,0.17178704908026018,0.6011764705882353,0.16666666666666666,0.855072463768116,0.7894615384615384,-0.0296985815602839,-0.5292072029059675,0.15366156862413533,-1.2735849056603774,0.0,1.5555555555555556,2.8989651928504236,4.640826863196126,10.130646573639808,0.009649715333397665,0.1927113119703065,-1.0449620947038454,0.4212,9.83,1.0263
CUST00832,43.0,434446.0,141561.05,757.0,40,17.09,2022-03-05,0,Male,Secondary,Unemployed,0,8.75,5.2,6.1,0,2022,3,5,Saturday,1.0,1,False,True,False,False,False,False,False,True,False,Mid-Low,1,Low_Missed,1,-0.26266360932559824,0.16884170120190936,0.4545454545454545,0.07590470996538724,0.18899649801839064,0.7645629224576591,0.0,0.32558139534883723,0.12472868217054263,0.589041095890411,0.10718208925284499,0.21848374462808232,0.8905882352941177,0.0,0.5797101449275363,0.13146153846153846,0.3274442755825732,-0.004189788774354484,0.52985938315194,1.0471698113207548,-0.5,-0.5555555555555556,-0.31984948259642526,2.895359299407204,4.1340053217188775,0.055279159756771695,0.5683454823083482,-0.028764746729907368,0.3258,6.67,0.1709
CUST00833,66.0,727258.01,274886.83,624.0,60,35.22,2024-10-29,0,Male,Graduate,Salaried,0,8.4,4.8,5.4,0,2024,10,29,Tuesday,2.0,1,False,False,True,False,True,False,False,False,False,High,0,Low_Missed,3,0.30577342094448573,1.535025300653265,0.8727272727272727,0.15067501696622032,0.4025340218449247,0.4278625857573226,0.0,0.7906976744186047,0.26527131782945734,0.9041095890410958,0.17942168402440448,0.42425726545079373,0.7341176470588235,0.0,0.8695652173913043,0.27092307692307693,1.970301418439716,0.8991993163155236,2.1876115626807575,-0.20754716981132076,-0.5,1.6666666666666667,0.36237064910630296,3.589611452455267,5.934644049983116,0.027609055770292656,1.5399437052139908,0.8476824980687643,0.378,10.0,0.3522
CUST00834,40.0,261558.18,138272.73,690.0,52,66.56,2017-03-19,1,Female,Primary,Self-Employed,0,8.75,5.2,6.1,0,2017,3,19,Sunday,0.0,0,False,True,False,False,False,True,False,False,False,Low,0,Low_Missed,2,-0.598291369166012,0.1351464259614581,0.4,0.031757356248219806,0.18372985183526486,0.594946963368016,0.0,0.6046511627906976,0.5082170542635659,0.547945205479452,0.0645289683725289,0.21340858824053496,0.8117647058823529,0.0,0.7536231884057971,0.512,0.11315856129685896,-0.5375865336371759,0.4889729195813675,0.41509433962264153,-0.5,0.7777777777777778,1.5416745061147696,4.2130160919396,8.158431221748456,0.014801657785671996,0.5322013420290911,-1.0680876804292618,0.5286,8.67,0.6656
CUST00835,45.0,366868.61,70601.13,704.0,34,67.27,2024-02-18,0,Female,Secondary,Self-Employed,3,9.1,5.6,7.2,0,2024,2,18,Sunday,1.0,0,True,False,False,False,False,True,False,False,False,Mid-Low,1,High_Missed,0,-0.39385184468863293,-0.5582815822499497,0.49090909090909085,0.05864864797320657,0.07534551763238466,0.6303891040733145,0.5,0.18604651162790697,0.513720930232558,0.6164383561643836,0.09051008433979638,0.1089649960732422,0.8282352941176471,0.5,0.4927536231884058,0.5174615384615384,0.4703014184397161,-0.21268081985060605,-0.3524453147031221,0.5471698113207547,1.0,-1.2222222222222223,1.5683913452492944,4.223470431430189,8.201829064300231,0.014647722279185588,-0.5551157529960352,-0.3540117594273488,0.1924,5.67,0.6727
CUST00836,19.0,221723.05,191682.45,550.0,47,37.69,2022-12-01,1,Male,Primary,Salaried,1,8.75,5.2,6.1,0,2022,12,1,Thursday,0.0,1,False,True,False,False,False,False,True,False,False,Low,0,Med_Missed,1,-0.6756234533165997,0.6824335561420507,0.018181818181818188,0.021585352376117375,0.26927204297840696,0.24052555631502992,0.16666666666666666,0.4883720930232558,0.28441860465116275,0.2602739726027397,0.05470125109797998,0.2958405539905586,0.6470588235294118,0.16666666666666666,0.6811594202898551,0.2899230769230769,-1.3868414387031411,-0.6604866238412593,1.153061138214132,-0.9056603773584906,0.0,0.2222222222222222,0.4553151458137347,3.6555811687124216,6.139218191268331,0.025846471956577927,1.0236681189561079,-1.4500129417563594,0.8645,7.83,0.3769
CUST00837,33.0,708348.14,67598.45,576.0,52,20.61,2022-08-24,1,Female,Secondary,Self-Employed,1,9.1,5.6,7.2,0,2022,8,24,Wednesday,1.0,0,True,False,False,False,False,False,False,True,False,High,0,Med_Missed,2,0.26906362087312474,-0.5890499165540926,0.2727272727272727,0.14584633256476479,0.07053635880321103,0.30634667476772726,0.16666666666666666,0.6046511627906976,0.15201550387596896,0.4520547945205479,0.1747564336271176,0.10433069327370906,0.6776470588235294,0.16666666666666666,0.7536231884057971,0.15853846153846154,-0.386841438703141,0.8408582307273131,-0.3897801745811412,-0.660377358490566,0.0,0.7777777777777778,-0.18739416745061152,3.0731561705187946,4.539823785126467,0.04627487274409996,-0.6291122866067074,0.8067322527024281,0.0954,8.67,0.2061
CUST00838,52.0,1152175.79,108894.5,774.0,43,41.1,2022-04-27,0,Other,Graduate,Salaried,2,8.75,5.2,6.1,1,2022,4,27,Wednesday,2.0,2,False,True,False,False,False,True,False,False,False,High,1,High_Missed,1,1.1306678676311392,-0.16589104786325762,0.6181818181818182,0.2591788753315669,0.13667702762822553,0.8075998075998074,0.3333333333333333,0.39534883720930236,0.31085271317829455,0.7123287671232876,0.2842530679503257,0.16806655594460984,0.9105882352941177,0.3333333333333333,0.6231884057971014,0.3161538461538462,0.9703014184397161,2.2101636207201745,0.12368854012227938,1.2075471698113207,0.5,-0.2222222222222222,0.5836312323612419,3.7400477406883357,6.410928169929843,0.023752969121140142,0.15785515460032026,1.503156994815344,0.0945,7.17,0.411
CUST00839,42.0,546624.84,45440.08,673.0,48,41.71,2021-04-26,1,Male,Graduate,Self-Employed,2,8.4,4.8,5.4,1,2021,4,26,Monday,2.0,1,False,False,True,False,True,False,False,False,False,Mid-High,0,High_Missed,2,-0.044890415293212436,-0.8161057919037431,0.4363636363636363,0.10454986801678456,0.035047022368560846,0.5519100782258677,0.3333333333333333,0.5116279069767442,0.3155813953488372,0.5753424657534246,0.13485770933258012,0.07013171232199557,0.7917647058823529,0.3333333333333333,0.6956521739130435,0.32084615384615384,0.2560157041540018,0.34190647236473126,-0.665293928652604,0.25471698113207547,0.5,0.3333333333333333,0.6065851364063971,3.754433084853375,6.458327956987009,0.023413720440177945,-1.3272922605059143,0.3822902544816099,0.0831,8.0,0.4171
CUST00840,18.0,463301.26,53105.26,604.0,41,46.74,2015-09-25,1,Male,Secondary,Salaried,0,8.4,4.8,5.4,0,2015,9,25,Friday,1.0,1,False,False,True,False,True,False,False,False,False,Mid-High,0,Low_Missed,1,-0.2066467871260199,-0.7375610183210005,0.0,0.08327297552522156,0.04732374452150585,0.3772309561783245,0.0,0.34883720930232565,0.35457364341085273,0.2465753424657534,0.11430096490766525,0.0819620655840566,0.7105882352941176,0.0,0.5942028985507246,0.35953846153846153,-1.4582700101317125,0.08483500057269369,-0.5699862630872444,-0.39622641509433965,-0.5,-0.4444444444444444,0.7958607714016935,3.865769620910684,6.836665854054885,0.020946795140343526,-1.048507266244858,0.0897946150400579,0.1146,6.83,0.4674
CUST00841,38.415780141843975,242364.94,101806.78,640.0,55,9.95,2024-05-06,1,Male,Primary,Salaried,2,9.1,5.6,7.2,0,2024,5,6,Monday,0.0,1,True,False,False,False,False,False,False,True,False,Low,0,High_Missed,3,-0.6355512764589573,-0.23851861337611915,0.37119600257898133,0.026856312581531858,0.12532517820813738,0.468367889420521,0.3333333333333333,0.6744186046511629,0.0693798449612403,0.5262435635869037,0.05979380781694484,0.15712744800160325,0.7529411764705882,0.3333333333333333,0.7971014492753623,0.07653846153846153,0.0,-0.5968018776641345,0.03556092310860063,-0.05660377358490566,0.5,1.1111111111111112,-0.5885230479774225,2.3933394562625097,3.1543620591175006,0.09132420091324202,0.05002217576381014,-1.2414069942301724,0.4201,9.17,0.0995
CUST00842,59.0,263880.66,123112.28,737.0,50,81.03,2019-07-06,1,Female,Secondary,Salaried,1,8.4,4.8,5.4,0,2019,7,6,Saturday,1.0,0,False,False,True,False,True,False,False,False,False,Low,1,Med_Missed,2,-0.5937827302134578,-0.020202060657576244,0.7454545454545455,0.03235040754622938,0.1594485391506814,0.7139312928786612,0.16666666666666666,0.558139534883721,0.6203875968992248,0.8082191780821918,0.06510194696744737,0.19001011891407252,0.8670588235294118,0.16666666666666666,0.7246376811594203,0.6233076923076923,1.470301418439716,-0.5304211747818847,0.30047022317758365,0.8584905660377359,0.0,0.5555555555555556,2.0861712135465664,4.407085034014658,9.00166651237425,0.012190661952944045,0.3517996282749369,-1.0482923439398988,0.4665,8.33,0.8103
CUST00843,18.0,213188.76,35545.39,725.0,43,66.73,2016-03-14,1,Male,Secondary,Salaried,1,8.4,4.8,5.4,0,2016,3,14,Monday,1.0,1,False,False,True,False,True,False,False,False,False,Low,1,Med_Missed,1,-0.6921911018330101,-0.9174962596711571,0.0,0.01940609926647157,0.019199467592349008,0.6835523151312624,0.16666666666666666,0.39534883720930236,0.5095348837209303,0.2465753424657534,0.05259575805053643,0.05486035820916552,0.8529411764705882,0.16666666666666666,0.6231884057971014,0.5133076923076924,-1.4582700101317125,-0.6868167754142002,-0.7883229775976917,0.7452830188679245,0.0,-0.2222222222222222,1.5480714957666983,4.215529213226812,8.16884324736373,0.014764506127270042,-1.7794195599714886,-1.5441618321219728,0.1667,7.17,0.6673
CUST00844,55.0,643065.03,133035.65,533.0,40,24.43,2022-01-17,1,Male,Graduate,Self-Employed,0,8.55,5.0,5.9,1,2022,1,17,Monday,2.0,1,False,False,False,True,True,False,False,False,False,Mid-High,0,Low_Missed,1,0.14232927969908887,0.08148228985053697,0.6727272727272727,0.12917612092737615,0.1753420284504591,0.1974886711728816,0.0,0.32558139534883723,0.1816279069767442,0.7534246575342466,0.15865045009240145,0.20532573741880933,0.6270588235294118,0.0,0.5797101449275363,0.18792307692307691,1.1845871327254305,0.6394455553374476,0.4238558748180306,-1.0660377358490567,-0.5,-0.5555555555555556,-0.04365004703668863,3.2359295794340284,4.942671342502958,0.039323633503735744,0.47255698041406036,0.6530390244928903,0.2069,6.67,0.2443
CUST00845,18.0,872108.21,60375.74,781.0,39,62.35,2025-11-20,1,Male,Graduate,Unemployed,0,9.1,5.6,7.2,0,2025,11,20,Thursday,2.0,1,True,False,False,False,False,True,False,False,False,High,1,Low_Missed,0,0.5869716461198387,-0.6630607188579928,0.0,0.18766289162044666,0.058968306407664234,0.8253208779524568,0.0,0.3023255813953488,0.4755813953488372,0.2465753424657534,0.2151576490573256,0.09318324327130588,0.9188235294117647,0.0,0.5652173913043478,0.4796153846153846,-1.4582700101317125,1.34609387009455,-0.47958623642907927,1.2735849056603774,-0.5,-0.6666666666666666,1.3832549388523052,4.148674906767148,7.896201618499872,0.01578531965272297,-0.823685880498526,1.1195847358973359,0.0692,6.5,0.6235
CUST00846,48.0,306643.41,212737.18,727.0,40,23.13,2023-03-15,0,Female,Graduate,Salaried,2,8.75,5.2,6.1,0,2023,3,15,Wednesday,2.0,0,False,True,False,False,False,False,False,True,False,Low,1,High_Missed,1,-0.5107672466061358,0.8981804793318224,0.5454545454545454,0.0432699867865067,0.30299376513173876,0.6886154780891622,0.3333333333333333,0.32558139534883723,0.17155038759689922,0.6575342465753424,0.0756519368101369,0.3283361892838347,0.8552941176470589,0.3333333333333333,0.5797101449275363,0.1779230769230769,0.6845871327254304,-0.3984887364448022,1.4148524027909508,0.7641509433962265,0.5,-0.5555555555555556,-0.09256820319849487,3.1834558796369405,4.809365862564419,0.04144218814753419,1.1756789730262212,-0.7215189123947321,0.6938,6.67,0.2313
CUST00847,38.415780141843975,558557.34,79923.19,638.0,46,72.52,2017-10-29,0,Male,Graduate,Salaried,0,8.55,5.0,5.9,0,2017,10,29,Sunday,2.0,1,False,False,False,True,False,False,False,False,True,Mid-High,0,Low_Missed,1,-0.021725809224978496,-0.4627588297477592,0.37119600257898133,0.10759686287292944,0.0902759355107753,0.4633047264626211,0.0,0.4651162790697674,0.5544186046511628,0.5262435635869037,0.13780157411671803,0.12335255943511089,0.7505882352941177,0.0,0.6666666666666666,0.5578461538461538,0.0,0.3787208451648257,-0.23653625883486915,-0.07547169811320754,-0.5,0.1111111111111111,1.7659454374412042,4.297557478047431,8.515867542417507,0.013601741022850925,-0.34649263931524704,0.41920110186969534,0.1431,7.67,0.7252
CUST00848,18.0,291224.37,50303.33,555.0,46,27.6,2024-05-18,1,Female,Post-Graduate,Salaried,2,8.4,4.8,5.4,0,2024,5,18,Saturday,3.0,0,False,False,True,False,False,True,False,False,False,Low,0,High_Missed,1,-0.5407002855795564,-0.7662722759098235,0.0,0.039332694889025716,0.04283611134107157,0.2531834637097794,0.3333333333333333,0.4651162790697674,0.2062015503875969,0.2465753424657534,0.0718479084119627,0.07763759809398244,0.6529411764705882,0.3333333333333333,0.6666666666666666,0.2123076923076923,-1.4582700101317125,-0.446059847844724,-0.6048250284362053,-0.8584905660377359,0.5,0.1111111111111111,0.0756349952963312,3.353406717825807,5.253570214625479,0.03496503496503496,-1.1447393439193623,-0.8317650824764216,0.1727,7.67,0.276
CUST00849,43.0,4053345.1346999966,103309.31,734.0,43,11.98,2024-09-24,1,Male,Graduate,Salaried,1,8.75,5.2,6.1,0,2024,9,24,Tuesday,2.0,1,False,True,False,False,False,True,False,False,False,High,1,Med_Missed,1,6.762718570100179,-0.2231222523446394,0.4545454545454545,1.0,0.1277316635530953,0.7063365484418116,0.16666666666666666,0.39534883720930236,0.08511627906976744,0.589041095890411,1.0,0.15944643603408842,0.8635294117647059,0.16666666666666666,0.6231884057971014,0.09215384615384616,0.3274442755825732,11.16090569589229,0.054243149324021474,0.8301886792452831,0.0,-0.2222222222222222,-0.5121354656632173,2.563409711275944,3.461213659975356,0.07704160246533127,0.07358496597158576,2.824666099397965,0.0255,7.17,0.1198
CUST00850,51.0,264860.62,56968.8,688.0,49,93.69,2018-10-19,0,Female,Graduate,Salaried,1,8.4,4.8,5.4,0,2018,10,19,Friday,2.0,0,False,False,True,False,True,False,False,False,False,Low,0,Med_Missed,2,-0.5918803302668727,-0.6979714881954368,0.6,0.032600642876564834,0.053511675803848746,0.5898838004101161,0.16666666666666666,0.5348837209302326,0.7185271317829457,0.6986301369863014,0.06534371271090966,0.08792501009965875,0.8094117647058824,0.16666666666666666,0.7101449275362319,0.7206923076923076,0.8988728470111447,-0.5273977838102374,-0.5219476027794122,0.39622641509433965,0.0,0.4444444444444444,2.5625587958607716,4.550608397995409,9.679359482941006,0.010560777273207308,-0.9249421578555794,-1.040010900789247,0.2151,8.17,0.9369
CUST00851,38.415780141843975,451176.53,211370.35,533.0,40,45.45,2021-01-03,1,Male,Graduate,Self-Employed,2,8.75,5.2,6.1,0,2021,1,3,Sunday,2.0,1,False,True,False,False,False,False,False,True,False,Mid-High,0,High_Missed,1,-0.2301845699991561,0.8841746304311967,0.37119600257898133,0.08017689423947713,0.3008046199139735,0.1974886711728816,0.3333333333333333,0.32558139534883723,0.3445736434108527,0.5262435635869037,0.11130967509713266,0.3262266391168219,0.6270588235294118,0.3333333333333333,0.5797101449275363,0.34961538461538466,0.0,0.04742755617122812,1.3978574494402534,-1.0660377358490567,0.5,-0.5555555555555556,0.7473189087488243,3.8383764652598478,6.74166151627327,0.02152852529601722,1.1663434530515957,0.041237725694622085,0.4685,6.67,0.4545
CUST00852,38.415780141843975,454260.3,98747.18,631.0,50,21.96,2024-08-13,1,Male,Primary,Self-Employed,3,8.75,5.2,6.1,0,2024,8,13,Tuesday,0.0,1,False,True,False,False,True,False,False,False,False,Mid-High,0,High_Missed,2,-0.22419803597401158,-0.26987020450036664,0.37119600257898133,0.08096434291557465,0.12042485504558274,0.44558365610997175,0.5,0.558139534883721,0.16248062015503878,0.5262435635869037,0.11207047140179478,0.1524052955093458,0.7423529411764705,0.5,0.7246376811594203,0.16892307692307693,0.0,0.05694166121289966,-0.0024816712680186454,-0.14150943396226415,1.0,0.5555555555555556,-0.1365945437441204,3.133753571451366,4.686149805543993,0.04355400696864111,0.0007868010036317636,0.053754860342206015,0.2174,8.33,0.2196
CUST00853,33.0,1416787.68,90128.71,850.0,42,76.61,2016-10-23,0,Female,Post-Graduate,Salaried,2,9.1,5.6,7.2,0,2016,10,23,Sunday,3.0,0,True,False,False,False,False,False,False,True,False,High,1,High_Missed,1,1.6443599013894339,-0.35818330018496347,0.2727272727272727,0.3267482084725493,0.10662132250316471,1.0,0.3333333333333333,0.37209302325581395,0.5861240310077519,0.4520547945205479,0.34953541653068776,0.13910364510081333,1.0,0.3333333333333333,0.6086956521739131,0.5893076923076923,-0.386841438703141,3.0265491866784875,-0.10964239762344445,1.9245283018867925,0.5,-0.3333333333333333,1.9198494825964254,4.351696284866048,8.752713864853575,0.012884937508053087,-0.14786961862524356,1.7638307951524879,0.0636,7.0,0.7661
CUST00854,18.0,606349.99,140797.87,651.0,46,41.42,2019-01-27,1,Female,Secondary,Salaried,0,8.75,5.2,6.1,0,2019,1,27,Sunday,1.0,0,False,True,False,False,True,False,False,False,False,Mid-High,0,Low_Missed,1,0.0710542377230191,0.16102142818772353,0.0,0.11980084013767128,0.18777417201786817,0.4962152856889699,0.0,0.4651162790697674,0.31333333333333335,0.2465753424657534,0.14959248962274174,0.2173058611338213,0.7658823529411765,0.0,0.6666666666666666,0.31861538461538463,-1.4582700101317125,0.5261716253202359,0.5203701207724303,0.04716981132075472,-0.5,0.1111111111111111,0.595672624647225,3.7476199491365363,6.435837163881635,0.023573785950023574,0.5600430837124047,0.5569184628069804,0.2322,7.67,0.4142
CUST00855,46.0,1980348.38,54015.78,591.0,41,19.8,2020-03-30,0,Male,Secondary,Self-Employed,0,8.55,5.0,5.9,0,2020,3,30,Monday,1.0,1,False,False,False,True,False,False,False,False,True,High,0,Low_Missed,1,2.738402357793219,-0.7282309585908235,0.509090909090909,0.4706548964277475,0.048782053531170266,0.3443203969519759,0.0,0.34883720930232565,0.14573643410852716,0.6301369863013698,0.4885713686324352,0.0833673519898777,0.6952941176470588,0.0,0.5942028985507246,0.1523076923076923,0.5417299898682876,4.765257228185478,-0.5586649978787861,-0.5188679245283019,-0.5,-0.4444444444444444,-0.2178739416745061,3.0349529867072724,4.449719092257398,0.04807692307692307,-1.0184805911307997,2.1466603566165503,0.0273,6.83,0.198
CUST00856,57.0,623138.75,45547.35,569.0,49,77.26,2015-01-30,1,Male,Post-Graduate,Salaried,1,8.55,5.0,5.9,0,2015,1,30,Friday,3.0,1,False,False,False,True,False,False,False,False,True,Mid-High,0,Med_Missed,2,0.10364631916229196,-0.8150066007742169,0.7090909090909091,0.1240878935934476,0.0352188283777278,0.2886256044150781,0.16666666666666666,0.5348837209302326,0.5911627906976744,0.7808219178082192,0.15373444137915013,0.07029727164277098,0.6694117647058824,0.16666666666666666,0.7101449275362319,0.5943076923076923,1.3274442755825733,0.5779686225539516,-0.6639601500218092,-0.7264150943396226,0.0,0.4444444444444444,1.9443085606773287,4.360036616782266,8.789766777338293,0.01277791975466394,-1.32302842398487,0.6018293291587065,0.0731,8.17,0.7726
CUST00857,50.0,1288626.18,126122.75,792.0,46,46.6,2016-12-02,0,Female,Graduate,Salaried,0,9.1,5.6,7.2,0,2016,12,2,Friday,2.0,0,True,False,False,False,False,False,False,False,True,High,1,Low_Missed,1,1.3955595108079157,0.010646097445382715,0.5818181818181818,0.2940218366933068,0.16427017461648608,0.8531682742209057,0.0,0.4651162790697674,0.35348837209302325,0.684931506849315,0.31791671747078504,0.19465644471266264,0.9317647058823529,0.0,0.6666666666666666,0.3584615384615385,0.8274442755825733,2.6311429231445005,0.33790194271379126,1.3773584905660377,-0.5,0.1111111111111111,0.7905926622765759,3.8628327612373745,6.826419266350405,0.021008403361344536,0.38957799442633545,1.6467076402886158,0.0979,7.67,0.466
CUST00858,18.0,195865.2,51031.46,718.0,44,33.3,2022-01-04,1,Female,Primary,Salaried,1,9.1,5.6,7.2,0,2022,1,4,Tuesday,0.0,0,True,False,False,False,True,False,False,False,False,Low,1,Med_Missed,1,-0.7258213924761624,-0.758811158755523,0.0,0.014982483242158388,0.04400230048486517,0.6658312447786132,0.16666666666666666,0.4186046511627908,0.25038759689922474,0.2465753424657534,0.04832186588880168,0.07876138580943132,0.8447058823529412,0.16666666666666666,0.6376811594202898,0.2561538461538461,-1.4582700101317125,-0.7402637476383613,-0.5957715723493157,0.6792452830188679,0.0,-0.1111111111111111,0.29012229539040446,3.535145354171894,5.770615218501403,0.02915451895043732,-1.119152478463919,-1.7520856910681126,0.2605,7.33,0.333
CUST00859,21.0,290325.79,51021.07,763.0,49,26.25,2018-01-11,0,Male,Primary,Salaried,1,9.1,5.6,7.2,0,2018,1,11,Thursday,0.0,1,True,False,False,False,False,False,False,True,False,Low,1,Med_Missed,2,-0.5424447022332999,-0.7589176246438026,0.05454545454545451,0.03910324015298257,0.0439856596306166,0.7797524113313585,0.16666666666666666,0.5348837209302326,0.19573643410852715,0.2876712328767123,0.07162621991267666,0.07874534999939257,0.8976470588235295,0.16666666666666666,0.7101449275362319,0.20192307692307693,-1.2439842958459981,-0.4488321637140481,-0.5959007600063861,1.1037735849056605,0.0,0.4444444444444444,0.024835371589840085,3.305053521109253,5.123475382979799,0.03669724770642202,-1.1195146441468267,-0.8384345609199538,0.1757,8.17,0.2625
CUST00860,29.0,392994.63,163089.37,670.0,40,11.56,2017-10-11,0,Male,Primary,Salaried,0,8.55,5.0,5.9,0,2017,10,11,Wednesday,0.0,1,False,False,False,True,False,False,False,False,True,Mid-Low,0,Low_Missed,1,-0.3431333061233028,0.3894414809874888,0.19999999999999996,0.0653199950129332,0.22347673241075833,0.5443153337890179,0.0,0.32558139534883723,0.08186046511627908,0.3972602739726027,0.09695562971819004,0.2517103134416906,0.788235294117647,0.0,0.5797101449275363,0.08892307692307692,-0.6725557244174267,-0.13207633293983942,0.7975391927251061,0.22641509433962265,-0.5,-0.5555555555555556,-0.5279397930385702,2.5305171610400525,3.4,0.07961783439490445,0.7834823817072049,-0.2192570282702823,0.415,6.67,0.1156
CUST00861,20.0,359135.81,135271.41,750.0,50,1.7,2018-05-28,0,Female,Graduate,Self-Employed,1,8.4,4.8,5.4,0,2018,5,28,Monday,2.0,0,False,False,True,False,False,False,False,False,True,Mid-Low,1,Med_Missed,2,-0.40886355772483146,0.10439202751949622,0.036363636363636376,0.05667405741602266,0.17892287121222966,0.74684185210501,0.16666666666666666,0.558139534883721,0.005426356589147287,0.273972602739726,0.08860232673637869,0.20877638444982305,0.8823529411764706,0.16666666666666666,0.7246376811594203,0.013076923076923076,-1.3154128672745695,-0.23653819944319518,0.4516549697335328,0.9811320754716981,0.0,0.5555555555555556,-0.8989651928504235,0.9932517730102833,1.3038404810405297,0.37037037037037035,0.4983427045817078,-0.396429292005538,0.3767,8.33,0.017
CUST00862,38.0,932123.7,46523.01,582.0,32,43.42,2016-06-06,0,Male,Primary,Salaried,2,8.75,5.2,6.1,1,2016,6,6,Monday,0.0,1,False,True,False,False,False,False,True,False,False,High,0,High_Missed,0,0.7034799372442495,-0.8050090542334001,0.36363636363636365,0.20298800281416246,0.03678146705493335,0.3215361636414267,0.3333333333333333,0.13953488372093026,0.3288372093023256,0.5205479452054794,0.22996405907314624,0.0718030943975742,0.6847058823529412,0.3333333333333333,0.463768115942029,0.334,-0.0296985815602839,1.5312547854635286,-0.6518289441029007,-0.6037735849056604,0.5,-1.4444444444444444,0.6709313264346192,3.7936898184662815,6.589385403814228,0.022512381809995496,-1.284767012261839,1.2148064866137576,0.0499,5.33,0.4342
CUST00863,38.415780141843975,230471.82,68085.42,663.0,35,9.43,2022-04-27,0,Female,Post-Graduate,Salaried,0,8.4,4.8,5.4,0,2022,4,27,Wednesday,3.0,0,False,False,True,False,False,True,False,False,False,Low,0,Low_Missed,0,-0.6586394339885809,-0.5840599556671221,0.37119600257898133,0.023819373510631903,0.0713163007467557,0.5265942634363687,0.0,0.2093023255813954,0.06534883720930232,0.5262435635869037,0.05685965846504657,0.105082277336709,0.78,0.0,0.5072463768115942,0.07253846153846154,0.0,-0.633494754549637,-0.3837252647290095,0.16037735849056603,-0.5,-1.1111111111111112,-0.608090310442145,2.344686269012681,3.0708305065568173,0.09587727708533078,-0.6168590147435805,-1.3584920944336993,0.2954,5.83,0.0943
CUST00864,22.0,892675.16,57397.79,673.0,45,11.56,2017-12-20,0,Male,Post-Graduate,Salaried,1,8.4,4.8,5.4,0,2017,12,20,Wednesday,3.0,1,False,False,True,False,False,False,False,True,False,High,0,Med_Missed,1,0.6268983416802884,-0.6935756459035061,0.0727272727272727,0.19291471570228944,0.054198755694522135,0.5519100782258677,0.16666666666666666,0.4418604651162792,0.08186046511627908,0.3013698630136986,0.22023171734327782,0.08858710847776488,0.7917647058823529,0.16666666666666666,0.6521739130434783,0.08892307692307692,-1.1725557244174267,1.409547409978137,-0.516613607302348,0.25471698113207547,0.0,0.0,-0.5279397930385702,2.5305171610400525,3.4,0.07961783439490445,-0.9118161987208215,1.1531975431713257,0.0643,7.5,0.1156
CUST00865,47.0,217226.46,286585.32,761.0,61,22.83,2022-06-28,0,Male,Graduate,Self-Employed,0,8.75,5.2,6.1,0,2022,6,28,Tuesday,2.0,1,False,True,False,False,False,False,True,False,False,Low,1,Low_Missed,3,-0.6843526999958672,1.654899230333974,0.5272727272727272,0.020437136444821126,0.42127058267441675,0.7746892483734589,0.0,0.8139534883720931,0.1692248062015504,0.6438356164383562,0.05359189824235822,0.4423125843516791,0.8952941176470588,0.0,0.8840579710144928,0.1756153846153846,0.613158561296859,-0.6743595876450872,2.333068782542483,1.0849056603773586,-0.5,1.7777777777777777,-0.10385700846660402,3.170945291110651,4.778074926160116,0.04196391103650861,1.5979138294297237,-1.4989902066759375,1.3193,10.17,0.2283
CUST00866,45.0,794325.45,170008.93,676.0,50,23.28,2024-07-07,0,Female,Graduate,Salaried,3,9.1,5.6,7.2,1,2024,7,7,Sunday,2.0,0,True,False,False,False,True,False,False,False,False,High,0,High_Missed,2,0.4359716884998944,0.46034591812950004,0.49090909090909085,0.1678008619018838,0.23455925304832093,0.5595048226627173,0.5,0.558139534883721,0.17271317829457367,0.6164383561643836,0.19596787927085588,0.262389885117506,0.7952941176470588,0.5,0.7246376811594203,0.17907692307692308,0.4703014184397161,1.1061170400874039,0.8835759342418662,0.2830188679245283,1.0,0.5555555555555556,-0.08692380056444023,3.1896529661912973,4.824935232725927,0.04118616144975288,0.8457997730430882,0.9819763698067171,0.214,8.33,0.2328
CUST00867,32.0,746324.15,76687.43,600.0,48,13.0,2020-07-02,0,Female,Secondary,Salaried,0,8.75,5.2,6.1,0,2020,7,2,Thursday,1.0,0,False,True,False,False,False,True,False,False,False,High,0,Low_Missed,2,0.3427865885406976,-0.4959155249027452,0.2545454545454545,0.1555436053179101,0.08509347058841035,0.36710463026252493,0.0,0.5116279069767442,0.09302325581395349,0.4383561643835616,0.18412548776338986,0.11835852356494911,0.7058823529411765,0.0,0.6956521739130435,0.1,-0.4582700101317125,0.9580225290386573,-0.2767691994741977,-0.4339622641509434,-0.5,0.3333333333333333,-0.47375352775164636,2.6390573296152584,3.605551275463989,0.07142857142857142,-0.41559983759563346,0.887527265145431,0.1028,8.0,0.13
CUST00868,36.0,435786.43,139485.62,655.0,39,43.39,2025-07-03,0,Female,Primary,Salaried,1,8.55,5.0,5.9,0,2025,7,3,Thursday,0.0,0,False,False,False,True,False,True,False,False,False,Mid-Low,0,Med_Missed,0,-0.26006142764430407,0.14757485822668492,0.32727272727272727,0.07624699224613497,0.18567244333762817,0.5063416116047694,0.16666666666666666,0.3023255813953488,0.3286046511627907,0.4931506849315068,0.10751278648080241,0.21528054912964922,0.7705882352941177,0.16666666666666666,0.5652173913043478,0.33376923076923076,-0.17255572441742675,-5.4268997909457646e-05,0.5040538067213391,0.08490566037735849,0.0,-0.6666666666666666,0.6698024459078082,3.793014218845944,6.587108622149782,0.022527596305474205,0.5456464210771543,-0.023021676394400323,0.3201,6.5,0.4339
CUST00869,18.0,271116.23,43751.81,516.0,51,5.09,2017-04-04,1,Male,Graduate,Salaried,0,8.75,5.2,6.1,0,2017,4,4,Tuesday,2.0,1,False,True,False,False,False,False,True,False,False,Low,0,Low_Missed,2,-0.5797362916021751,-0.8334054228186775,0.0,0.03419802913192192,0.03234305172349412,0.15445178603073328,0.0,0.5813953488372092,0.03170542635658915,0.2465753424657534,0.0668870330530258,0.06752605524652705,0.6070588235294118,0.0,0.7391304347826086,0.03915384615384615,-1.4582700101317125,-0.5080978585110966,-0.6862856173727684,-1.2264150943396226,-0.5,0.6666666666666666,-0.7714016933207903,1.8066480817218056,2.2561028345356955,0.16420361247947454,-1.395956702846646,-0.9881128224873106,0.1614,8.5,0.0509
CUST00870,34.0,225406.83,65934.18,464.0,45,42.78,2026-01-20,1,Male,Secondary,Salaried,0,8.75,5.2,6.1,0,2026,1,20,Tuesday,1.0,1,False,True,False,False,False,False,False,True,False,Low,0,Low_Missed,1,-0.6684721176751132,-0.6061036204893624,0.2909090909090909,0.022526015163560856,0.06787082708999859,0.022809549125338613,0.0,0.4418604651162792,0.3238759689922481,0.4657534246575342,0.05561007575454914,0.10176207753038008,0.5458823529411765,0.0,0.6521739130434783,0.3290769230769231,-0.31541286727456963,-0.6491213566940955,-0.4104734510039338,-1.7169811320754718,-0.5,0.0,0.6468485418626531,3.779177092094717,6.540642170307133,0.02284148012791229,-0.6717644160869618,-1.410887055345765,0.2925,7.5,0.4278
CUST00871,38.0,3518905.37,105126.32,717.0,42,20.79,2018-09-13,0,Female,Primary,Self-Employed,0,8.75,5.2,6.1,1,2018,9,13,Thursday,0.0,0,False,True,False,False,False,False,False,False,True,High,1,Low_Missed,1,5.725208692331475,-0.20450342812295383,0.36363636363636365,0.8635294184822824,0.13064182703511695,0.6632996632996633,0.0,0.37209302325581395,0.15341085271317828,0.5205479452054794,0.868148468255331,0.16225078898870887,0.8435294117647059,0.0,0.6086956521739131,0.15992307692307692,-0.0296985815602839,9.512042110150793,0.07683557134267137,0.6698113207547169,-0.5,-0.3333333333333333,-0.18062088428974607,3.0814511489565284,4.559605246071199,0.04589261128958238,0.10156106364044208,2.704423038639622,0.0299,7.0,0.2079
CUST00872,40.0,302999.13,129487.35,620.0,49,12.41,2018-06-25,1,Male,Secondary,Salaried,1,8.75,5.2,6.1,0,2018,6,25,Monday,1.0,1,False,True,False,False,False,False,False,True,False,Low,0,Med_Missed,2,-0.5178419007525714,0.04512301060286837,0.4,0.042339410426619706,0.16965899253802202,0.41773625984152285,0.16666666666666666,0.5348837209302326,0.08844961240310077,0.547945205479452,0.07475285719098433,0.19984933080086026,0.7294117647058823,0.16666666666666666,0.7101449275362319,0.09546153846153846,0.11315856129685896,-0.40973213745112336,0.3797368600361776,-0.24528301886792453,0.0,0.4444444444444444,-0.49595484477892765,2.596000697293587,3.5227829907617076,0.07457121551081282,0.4305980632581313,-0.7468832880262887,0.4274,8.17,0.1241
CUST00873,42.0,3567229.56,93108.85,629.0,45,5.65,2026-04-04,1,Other,Primary,Salaried,1,8.75,5.2,6.1,0,2026,4,4,Saturday,0.0,2,False,True,False,False,False,False,False,True,False,High,0,Med_Missed,1,5.819020619833381,-0.32764593230255573,0.4363636363636363,0.8758691258660969,0.11139438076883852,0.4405204931520721,0.16666666666666666,0.4418604651162792,0.03604651162790698,0.5753424657534246,0.8800705198927069,0.14370315991591207,0.74,0.16666666666666666,0.6521739130434783,0.04346153846153846,0.2560157041540018,9.661132807483504,-0.0725877966280405,-0.16037735849056603,0.0,0.0,-0.7503292568203199,1.8946168546677629,2.3769728648009427,0.15037593984962405,-0.0946922073497894,2.7162931663744336,0.0261,7.5,0.0565
CUST00874,41.0,219536.64,114554.74,716.0,38,29.71,2020-03-28,0,Male,Secondary,Salaried,1,8.75,5.2,6.1,0,2020,3,28,Saturday,1.0,1,False,True,False,False,False,False,False,True,False,Low,1,Med_Missed,0,-0.6798679390784808,-0.10789080922254952,0.4181818181818181,0.021027046905895408,0.14574259344650842,0.6607680818207133,0.16666666666666666,0.2790697674418605,0.22255813953488374,0.5616438356164384,0.054161842306638106,0.17680250718750934,0.8423529411764706,0.16666666666666666,0.5507246376811594,0.22853846153846155,0.1845871327254304,-0.6672321769804885,0.1940670910421105,0.660377358490566,0.0,-0.7777777777777778,0.15503292568203206,3.424588334452731,5.450688029964658,0.0325626831650928,0.23835629162895308,-1.473656688980502,0.5218,6.33,0.2971
CUST00875,35.0,664319.09,103466.37,762.0,60,8.73,2023-08-04,0,Female,Graduate,Self-Employed,3,8.75,5.2,6.1,0,2023,8,4,Friday,2.0,0,False,True,False,False,True,False,False,False,False,High,1,High_Missed,3,0.18358986442572678,-0.22151286520188404,0.3090909090909091,0.1346034003317084,0.12798321432963822,0.7772208298524088,0.5,0.7906976744186047,0.05992248062015504,0.4794520547945205,0.1638940351545388,0.159688840685165,0.8964705882352941,0.5,0.8695652173913043,0.06715384615384616,-0.24398429584599818,0.7050189798801313,0.05619600913340562,1.0943396226415094,1.0,1.6666666666666667,-0.6344308560677329,2.2752138961979136,2.9546573405388314,0.10277492291880781,0.07602533383721959,0.7053295524061933,0.1557,10.0,0.0873
CUST00876,41.0,468726.52,508133.92,693.0,47,7.52,2024-03-23,0,Female,Graduate,Self-Employed,2,8.75,5.2,6.1,0,2024,3,23,Saturday,2.0,0,False,True,False,False,True,False,False,False,False,Mid-High,0,High_Missed,1,-0.1961147099655131,3.9250983156227193,0.4181818181818181,0.08465832975218561,0.7761077300830819,0.6025417078048656,0.3333333333333333,0.4883720930232558,0.050542635658914724,0.5616438356164384,0.11563942976069622,0.7842482209205598,0.8152941176470588,0.3333333333333333,0.6811594202898551,0.057846153846153846,0.1845871327254304,0.10157311447819886,5.087769895272205,0.44339622641509435,0.5,0.2222222222222222,-0.6799623706491065,2.1424163408412245,2.7422618401604177,0.11737089201877934,2.3602151719782127,0.11096416467570434,1.0841,7.83,0.0752
CUST00877,49.0,486464.01,82645.25,804.0,56,66.07,2020-02-25,0,Male,Graduate,Self-Employed,1,8.4,4.8,5.4,0,2020,2,25,Tuesday,2.0,1,False,False,True,False,False,False,False,True,False,Mid-High,1,Med_Missed,3,-0.16168085549333724,-0.43486599665334524,0.5636363636363636,0.08918764387671282,0.0946356471292429,0.8835472519683045,0.16666666666666666,0.6976744186046513,0.5044186046511627,0.6712328767123288,0.12001544251326259,0.12755375645860229,0.9458823529411765,0.16666666666666666,0.8115942028985508,0.5082307692307692,0.7560157041540018,0.15629715130182728,-0.20269058474387033,1.490566037735849,0.0,1.2222222222222223,1.5232361241768577,4.205736850111646,8.128345465099278,0.01490979573579842,-0.29079135474659806,0.1779097396377074,0.1699,9.33,0.6607
CUST00878,37.0,909398.24,76438.45,690.0,35,6.78,2018-08-27,1,Male,Graduate,Salaried,1,8.4,4.8,5.4,0,2018,8,27,Monday,2.0,1,False,False,True,False,False,False,False,True,False,High,0,Med_Missed,0,0.6593629182943725,-0.49846681237761614,0.34545454545454546,0.19718499759953637,0.08469469870286556,0.594946963368016,0.16666666666666666,0.2093023255813954,0.0448062015503876,0.5068493150684932,0.2243574651994958,0.11797425061177802,0.8117647058823529,0.16666666666666666,0.5072463768115942,0.052153846153846155,-0.10112715298885533,1.461141770043991,-0.27986497838251595,0.41509433962264153,0.0,-1.1111111111111112,-0.7078080903104422,2.0515563381903004,2.6038433132583076,0.12853470437017994,-0.4210551300448131,1.1797594795229196,0.0841,5.83,0.0678
CUST00879,41.0,355436.63,113455.11,674.0,40,4.98,2020-08-24,0,Male,Secondary,Self-Employed,2,8.4,4.8,5.4,0,2020,8,24,Monday,1.0,1,False,False,True,False,False,True,False,False,False,Mid-Low,0,High_Missed,1,-0.41604478944286954,-0.11915867108290916,0.4181818181818181,0.055729462198595134,0.14398140167005397,0.5544416597048176,0.3333333333333333,0.32558139534883723,0.030852713178294577,0.5616438356164384,0.0876897027487661,0.17510535051831694,0.7929411764705883,0.3333333333333333,0.5797101449275363,0.03830769230769231,0.1845871327254304,-0.24795097895919374,0.18039446126881925,0.2641509433962264,0.5,-0.5555555555555556,-0.775540921919097,1.7884205679625405,2.23159136044214,0.16722408026755853,0.2230783888405461,-0.41716365990278753,0.3192,6.67,0.0498
CUST00880,36.0,307764.96,126309.35,669.0,39,40.37,2019-06-05,0,Male,Graduate,Self-Employed,2,8.4,4.8,5.4,0,2019,6,5,Wednesday,2.0,1,False,False,True,False,False,False,False,True,False,Low,0,High_Missed,0,-0.5085899774726073,0.012558179712275366,0.32727272727272727,0.04355637749096171,0.164569037311653,0.5417837523100679,0.3333333333333333,0.3023255813953488,0.30519379844961236,0.4931506849315068,0.07592863419531604,0.19494444107004766,0.7870588235294118,0.3333333333333333,0.5652173913043478,0.31053846153846154,-0.17255572441742675,-0.3950285093495625,0.34022209832585737,0.2169811320754717,0.5,-0.6666666666666666,0.5561618062088429,3.72255598047332,6.353739056650029,0.024172105390379502,0.39188559642987564,-0.7137954295113352,0.4104,6.5,0.4037
CUST00881,38.415780141843975,3225764.71,111192.2,547.0,45,31.55,2019-10-15,1,Male,Graduate,Salaried,1,8.75,5.2,6.1,0,2019,10,15,Tuesday,2.0,1,False,True,False,False,True,False,False,False,False,High,0,Med_Missed,1,5.1561336526095305,-0.142346613647614,0.37119600257898133,0.7886751898506533,0.1403570748666233,0.23293081187818032,0.16666666666666666,0.4418604651162792,0.2368217054263566,0.5262435635869037,0.7958277923053673,0.17161280048032038,0.6435294117647059,0.16666666666666666,0.6521739130434783,0.2426923076923077,0.0,8.607639047916916,0.15225778744191523,-0.9339622641509434,0.0,0.0,0.2242709313264347,3.4827773686545784,5.616938667993447,0.030721966205837177,0.1910981844576213,2.6273261156773047,0.0345,7.5,0.3155
CUST00882,44.0,401810.84,48671.15,726.0,62,16.05,2017-09-23,1,Male,Secondary,Salaried,1,8.75,5.2,6.1,0,2017,9,23,Saturday,1.0,1,False,True,False,False,False,False,False,True,False,Mid-Low,1,Med_Missed,3,-0.32601836527563255,-0.7829971549793667,0.47272727272727266,0.0675712371265467,0.0402219756829926,0.6860838966102123,0.16666666666666666,0.8372093023255813,0.11666666666666667,0.6027397260273972,0.09913067519470917,0.07511850969850174,0.8541176470588235,0.16666666666666666,0.8985507246376812,0.12346153846153847,0.39887284701114467,-0.10487639649534572,-0.6251193027497203,0.7547169811320755,0.0,1.8888888888888888,-0.35898400752587023,2.8361502037295256,4.006245124802026,0.05865102639296187,-1.2036680291008395,-0.17651181933195434,0.1211,10.33,0.1605
CUST00883,32.0,251675.2,54211.23,454.99,38,10.88,2025-07-07,1,Female,Post-Graduate,Self-Employed,3,8.75,5.2,6.1,1,2025,7,7,Monday,3.0,0,False,True,False,False,False,False,True,False,False,Low,0,High_Missed,0,-0.6174772345320487,-0.7262281907501794,0.2545454545454545,0.029233711645380286,0.04909509058245845,0.0,0.5,0.2790697674418605,0.07658914728682172,0.4383561643835616,0.06209074027411373,0.0836690073384892,0.5352823529411764,0.5,0.5507246376811594,0.0836923076923077,-0.4582700101317125,-0.5680776888934823,-0.5562348027320642,-1.8019811320754715,1.0,-0.7777777777777778,-0.5535277516462842,2.474856313934499,3.2984845004941286,0.08417508417508417,-1.012110627041378,-1.1550829937121805,0.2154,6.33,0.1088
CUST00884,42.0,292041.48,125408.17,603.0,51,13.77,2021-07-30,1,Male,Secondary,Salaried,2,9.1,5.6,7.2,0,2021,7,30,Friday,1.0,1,True,False,False,False,False,True,False,False,False,Low,0,High_Missed,2,-0.5391140269359851,0.0033238265650177034,0.4363636363636363,0.039541346049042844,0.16312568745296852,0.37469937469937453,0.3333333333333333,0.5813953488372092,0.0989922480620155,0.5753424657534246,0.07204949746318977,0.19355356991598419,0.7094117647058824,0.3333333333333333,0.7391304347826086,0.10592307692307693,0.2560157041540018,-0.44353888474741127,0.3290169652364594,-0.4056603773584906,0.5,0.6666666666666666,-0.4447789275634996,2.6925980965432883,3.7107950630558943,0.06770480704129993,0.38070482747682427,-0.825724602547227,0.4294,8.5,0.1377
CUST00885,38.0,160886.97,238709.83,652.0,44,16.44,2024-02-27,0,Male,Primary,Self-Employed,0,8.55,5.0,5.9,0,2024,2,27,Tuesday,0.0,1,False,False,False,True,False,True,False,False,False,Low,0,Low_Missed,1,-0.7937247588213611,1.164321119681275,0.36363636363636365,0.006050701395349065,0.34459213694110097,0.4987468671679198,0.0,0.4186046511627908,0.11968992248062017,0.5205479452054794,0.03969239348080036,0.36842208741693383,0.7670588235294118,0.0,0.6376811594202898,0.12646153846153846,-0.0296985815602839,-0.84817923886882,1.7377923259298904,0.05660377358490566,-0.5,-0.1111111111111111,-0.3443085606773283,2.8587664184808337,4.054626986542659,0.0573394495412844,1.3410592438589186,-2.2601215979903095,1.4837,7.33,0.1644
CUST00886,35.0,334213.57,108168.91,587.0,55,37.09,2022-07-30,0,Male,Secondary,Salaried,1,8.55,5.0,5.9,0,2022,7,30,Saturday,1.0,1,False,False,False,True,False,True,False,False,False,Mid-Low,0,Med_Missed,3,-0.45724519375567013,-0.17332613774554373,0.3090909090909091,0.05031009872475026,0.13551490660471988,0.33419407103617615,0.16666666666666666,0.6744186046511629,0.27976744186046515,0.4794520547945205,0.08245376569067722,0.1669466884368124,0.6905882352941176,0.16666666666666666,0.7971014492753623,0.2853076923076923,-0.24398429584599818,-0.3134287617204568,0.11466666600352825,-0.5566037735849056,0.0,1.1111111111111112,0.4327375352775167,3.6399517804905126,6.090155991434045,0.02625360987135731,0.14719030637757446,-0.5420819015960678,0.3237,9.17,0.3709
CUST00887,34.0,529618.83,77110.83,614.0,49,30.25,2019-01-21,1,Male,Secondary,Salaried,2,8.4,4.8,5.4,0,2019,1,21,Monday,1.0,1,False,False,True,False,False,False,False,True,False,Mid-High,0,High_Missed,2,-0.07790424495526542,-0.4915769631031614,0.2909090909090909,0.1002073392094476,0.08577159741120603,0.40254677096782343,0.3333333333333333,0.5348837209302326,0.22674418604651164,0.4657534246575342,0.13066215987038052,0.1190119943994444,0.7223529411764706,0.3333333333333333,0.7101449275362319,0.2326923076923077,-0.31541286727456963,0.28943921135638145,-0.2715047091947295,-0.3018867924528302,0.5,0.4444444444444444,0.17535277516462844,3.4420193761824107,5.5,0.032,-0.4063692771788727,0.32774396571558756,0.1456,8.17,0.3025
CUST00888,32.0,473605.11,112939.13,797.0,43,18.96,2018-08-29,0,Male,Secondary,Salaried,2,8.4,4.8,5.4,0,2018,8,29,Wednesday,1.0,1,False,False,True,False,False,False,False,True,False,Mid-High,1,High_Missed,1,-0.1866438852834746,-0.12444589620654921,0.2545454545454545,0.0859040903752939,0.14315499666763049,0.8658261816156552,0.3333333333333333,0.39534883720930236,0.13922480620155037,0.4383561643835616,0.11684302576297967,0.17430899274509332,0.9376470588235294,0.3333333333333333,0.6231884057971014,0.14584615384615385,-0.4582700101317125,0.11662463184663056,0.17397884555223936,1.4245283018867925,0.5,-0.2222222222222222,-0.24948259642521167,2.993730270883318,4.354308211415448,0.0501002004008016,0.21585101664454456,0.12971731813509532,0.2385,7.17,0.1896
CUST00889,20.0,805950.2,49906.53,738.0,55,18.78,2026-04-16,1,Male,Graduate,Self-Employed,3,8.4,4.8,5.4,0,2026,4,16,Thursday,2.0,1,False,False,True,False,False,False,False,True,False,High,1,High_Missed,3,0.4585388583630164,-0.7703382686402789,0.036363636363636376,0.17076927199649686,0.042200587667747716,0.7164628743576111,0.5,0.6744186046511629,0.1378294573643411,0.273972602739726,0.1988358191115772,0.07702518140260849,0.8682352941176471,0.5,0.7971014492753623,0.14446153846153847,-1.3154128672745695,1.1419819368154909,-0.6097587784194196,0.8679245283018868,1.0,1.1111111111111112,-0.25625587958607715,2.984671326194566,4.3335897360040905,0.05055611729019211,-1.1588621408602122,1.0036850259394632,0.0619,9.17,0.1878
CUST00890,42.0,1176133.91,216504.34,616.2,51,41.7,2015-04-12,1,Male,Post-Graduate,Self-Employed,0,8.55,5.0,5.9,0,2015,4,12,Sunday,3.0,1,False,False,False,True,False,False,False,True,False,High,0,Low_Missed,2,1.17717785396556,0.9367824076948831,0.4363636363636363,0.26529664347763027,0.3090273320702436,0.40811625022151343,0.0,0.5813953488372092,0.31550387596899226,0.5753424657534246,0.2901637711359238,0.3341503819831197,0.7249411764705883,0.0,0.7391304347826086,0.3207692307692308,0.2560157041540018,2.284079661890876,1.4616926890479207,-0.28113207547169766,-0.5,0.6666666666666666,0.6062088428974602,3.754198920234579,6.457553716385176,0.023419203747072598,1.2010577420222563,1.5299927322386107,0.1841,8.5,0.417
CUST00891,41.0,858605.24,110410.06,612.0,45,12.37,2018-05-22,0,Male,Secondary,Salaried,1,9.1,5.6,7.2,1,2018,5,22,Tuesday,1.0,1,True,False,False,False,False,False,False,False,True,High,0,Med_Missed,1,0.5607582808735633,-0.15036116897573495,0.4181818181818181,0.18421487317228588,0.13910438210993598,0.3974836080099238,0.16666666666666666,0.4418604651162792,0.08813953488372092,0.5616438356164384,0.2118263339209945,0.17040565433366908,0.72,0.16666666666666666,0.6521739130434783,0.09515384615384614,0.1845871327254304,1.3044342537954936,0.14253277934748168,-0.32075471698113206,0.0,0.0,-0.49746001881467555,2.5930133911138515,3.517101079013795,0.07479431563201197,0.17987116610514634,1.0969232506899003,0.1286,7.5,0.1237
CUST00892,38.415780141843975,883158.81,66060.46,548.0,47,5.44,2023-06-17,0,Male,Graduate,Salaried,0,8.55,5.0,5.9,0,2023,6,17,Saturday,2.0,1,False,False,False,True,False,False,False,True,False,High,0,Low_Missed,1,0.6084242164795812,-0.6048096346980267,0.37119600257898133,0.1904846910218558,0.06807307993643846,0.23546239335713004,0.0,0.4883720930232558,0.034418604651162796,0.5262435635869037,0.21788394046177514,0.10195697667298773,0.6447058823529411,0.0,0.6811594202898551,0.04184615384615385,0.0,1.3801873884741624,-0.4089033049659288,-0.9245283018867925,-0.5,0.2222222222222222,-0.7582314205079963,1.8625285401162623,2.3323807579381204,0.15527950310559005,-0.6684851191908127,1.1377775354450097,0.0748,7.83,0.0544
CUST00893,32.0,649129.26,89314.82,706.0,42,61.25,2021-04-10,0,Male,Secondary,Salaried,0,8.55,5.0,5.9,0,2021,4,10,Saturday,1.0,1,False,False,False,True,False,True,False,False,False,High,1,Low_Missed,1,0.15410179166700555,-0.36652319641326575,0.2545454545454545,0.1307246378028406,0.10531777824287854,0.6354522670312144,0.0,0.37209302325581395,0.46705426356589147,0.4383561643835616,0.1601465551114597,0.13784749635851912,0.8305882352941176,0.0,0.6086956521739131,0.47115384615384615,-0.4582700101317125,0.6581550314711594,-0.1197621803196095,0.5660377358490566,-0.5,-0.3333333333333333,1.3418626528692381,4.131158535344817,7.826237921249264,0.01606425702811245,-0.16274301057643925,0.6681962370717189,0.1376,7.0,0.6125
CUST00894,38.415780141843975,1040227.12,71953.71,630.0,40,18.98,2022-02-01,0,Male,Graduate,Salaried,2,8.4,4.8,5.4,0,2022,2,1,Tuesday,2.0,1,False,False,True,False,False,False,False,True,False,High,0,High_Missed,1,0.913341503464978,-0.5444217524934997,0.37119600257898133,0.2305924917872753,0.07751183973436143,0.44305207463102203,0.3333333333333333,0.32558139534883723,0.13937984496124028,0.5262435635869037,0.2566342330671013,0.11105255294929711,0.7411764705882353,0.3333333333333333,0.5797101449275363,0.146,0.0,1.8647774843820437,-0.335627543653989,-0.1509433962264151,0.5,-0.5555555555555556,-0.24873000940733775,2.9947317732204075,4.356604182158393,0.050050050050050046,-0.5229510992143497,1.3668642929344514,0.0692,6.67,0.1898
CUST00895,34.0,1116184.6,216858.86,493.0,44,87.41,2015-04-01,1,Female,Secondary,Unemployed,0,9.1,5.6,7.2,0,2015,4,1,Wednesday,1.0,0,True,False,False,False,True,False,False,False,False,High,0,Low_Missed,1,1.0607980383181739,0.9404151590628291,0.2909090909090909,0.24998843151874206,0.30959513915861747,0.09622541201488555,0.0,0.4186046511627908,0.66984496124031,0.4657534246575342,0.2753736883751976,0.3346975441943745,0.58,0.0,0.6376811594202898,0.6723846153846154,-0.31541286727456963,2.0991229262991373,1.4661007360339315,-1.4433962264150944,-0.5,-0.1111111111111111,2.326246472248354,4.481985085417713,9.34933152690608,0.011310937676733402,1.2034200408589062,1.4613802161611043,0.1943,7.33,0.8741
CUST00896,28.0,711821.59,87435.44,658.0,48,16.81,2017-07-08,0,Female,Secondary,Salaried,2,8.55,5.0,5.9,0,2017,7,8,Saturday,1.0,0,False,False,False,True,False,False,False,False,True,High,0,High_Missed,2,0.27580664211324263,-0.38578112337335474,0.18181818181818177,0.14673328704061445,0.10230772158670061,0.513936356041619,0.3333333333333333,0.5116279069767442,0.12255813953488372,0.3835616438356164,0.17561336780976697,0.134946882242001,0.7741176470588236,0.3333333333333333,0.6956521739130435,0.1293076923076923,-0.7439842958459982,0.8515745838136308,-0.14313010129605439,0.11320754716981132,0.5,0.3333333333333333,-0.33038570084666047,2.87976009730157,4.1,0.05614823133071309,-0.1976884278005585,0.8143651693165526,0.1228,8.0,0.1681
CUST00897,38.415780141843975,629820.46,108360.56,685.0,33,25.18,2021-11-21,1,Male,Graduate,Salaried,1,8.4,4.8,5.4,0,2021,11,21,Sunday,2.0,1,False,False,True,False,True,False,False,False,False,Mid-High,0,Med_Missed,0,0.11661754732170353,-0.17136230834334676,0.37119600257898133,0.1257940855901165,0.13582185749179776,0.5822890559732665,0.16666666666666666,0.16279069767441867,0.1874418604651163,0.5262435635869037,0.15538288477046142,0.1672424789078351,0.8058823529411765,0.16666666666666666,0.4782608695652174,0.1936923076923077,0.0,0.5985831595648142,0.1170496125364995,0.36792452830188677,0.0,-1.3333333333333333,-0.015428033866415811,3.264995760481754,5.017967716117751,0.03819709702062643,0.15001514880992534,0.6192469168251212,0.172,5.5,0.2518
CUST00898,19.0,399266.31,139279.21,727.0,35,11.47,2018-08-13,0,Male,Graduate,Salaried,1,8.55,5.0,5.9,0,2018,8,13,Monday,2.0,1,False,False,False,True,False,False,True,False,False,Mid-Low,1,Med_Missed,0,-0.3309580707085933,0.1454597837319941,0.018181818181818188,0.0669214847845139,0.18534185250745988,0.6886154780891622,0.16666666666666666,0.2093023255813954,0.08116279069767442,0.2602739726027397,0.09850291468692098,0.21496197823936067,0.8552941176470589,0.16666666666666666,0.5072463768115942,0.08823076923076924,-1.3868414387031411,-0.11272682817529754,0.5014873366254841,0.7641509433962265,0.0,-1.1111111111111112,-0.5313264346190029,2.523325759691945,3.38673884437522,0.08019246190858059,0.5433678006037835,-0.18871669291733334,0.3488,5.83,0.1147
CUST00899,55.0,433363.16,63293.63,644.0,39,30.63,2020-05-28,1,Male,Graduate,Unemployed,1,8.75,5.2,6.1,0,2020,5,28,Thursday,2.0,1,False,True,False,False,True,False,False,False,False,Mid-Low,0,Med_Missed,0,-0.26476573059397673,-0.6331612240790903,0.6727272727272727,0.07562820395993759,0.06364166369384104,0.4784942153363205,0.16666666666666666,0.3023255813953488,0.22968992248062015,0.7534246575342466,0.10691494200433412,0.09768668213116764,0.7576470588235295,0.16666666666666666,0.5652173913043478,0.23561538461538462,1.1845871327254305,-0.007530587051568409,-0.4433056423299835,-0.018867924528301886,0.0,-0.6666666666666666,0.1896519285042333,3.4541060373175574,5.534437640808685,0.03161555485298767,-0.7420298395785899,-0.033421841161948296,0.1461,6.5,0.3063
CUST00900,53.0,373652.44,647924.8616000001,620.0,49,19.17,2025-12-31,1,Male,Graduate,Salaried,1,8.55,5.0,5.9,0,2025,12,31,Wednesday,2.0,1,False,False,False,True,False,True,False,False,False,Mid-Low,0,Med_Missed,2,-0.3806823705982187,5.357530151129569,0.6363636363636364,0.06038091657701644,1.0,0.41773625984152285,0.16666666666666666,0.5348837209302326,0.14085271317829456,0.726027397260274,0.09218372173670215,1.0,0.7294117647058823,0.16666666666666666,0.7101449275362319,0.14746153846153848,1.0417299898682875,-0.1917512203004309,6.825908896715029,-0.24528301886792453,0.0,0.4444444444444444,-0.24158043273753524,3.0041963519661206,4.378355855797928,0.04957858205255329,2.665149200562096,-0.31779119333275907,1.734,8.17,0.1917
CUST00901,45.0,603575.13,116385.28,809.0,50,21.1,2022-05-02,0,Male,Graduate,Self-Employed,2,8.55,5.0,5.9,0,2022,5,2,Monday,2.0,1,False,False,False,True,True,False,False,False,False,Mid-High,1,High_Missed,2,0.06566739181524626,-0.08913334366607818,0.49090909090909085,0.11909227243211737,0.1486744268763629,0.896205159363054,0.3333333333333333,0.558139534883721,0.15581395348837213,0.6164383561643836,0.1489079044448735,0.17962774219312344,0.951764705882353,0.3333333333333333,0.7246376811594203,0.16230769230769232,0.4703014184397161,0.5176105752043281,0.21682774299340357,1.5377358490566038,0.5,0.5555555555555556,-0.16895578551269988,3.095577608523707,4.5934736311423405,0.04524886877828054,0.2634207358910965,0.5493321952091619,0.1928,8.33,0.211
CUST00902,28.0,308607.64,38853.47,651.0,41,27.32,2022-03-30,1,Male,Secondary,Salaried,2,8.75,5.2,6.1,0,2022,3,30,Wednesday,1.0,1,False,True,False,False,True,False,False,False,False,Low,0,High_Missed,1,-0.5069540796941384,-0.8835985045507817,0.18181818181818177,0.043771558016867954,0.024497761829368143,0.4962152856889699,0.3333333333333333,0.34883720930232565,0.204031007751938,0.3835616438356164,0.07613653161633403,0.05996601196017448,0.7658823529411765,0.3333333333333333,0.5942028985507246,0.21015384615384616,-0.7439842958459982,-0.3924286572086714,-0.7471908212356161,0.04716981132075472,0.5,-0.4444444444444444,0.06509877704609598,3.343568268825519,5.226853738148792,0.03531073446327684,-1.6137392502582226,-0.7080175677122714,0.1259,6.83,0.2732
CUST00903,58.0,402096.3,114877.07,708.0,48,17.13,2017-04-04,0,Male,Primary,Salaried,0,9.1,5.6,7.2,0,2017,4,4,Tuesday,0.0,1,True,False,False,False,False,False,False,True,False,Mid-Low,1,Low_Missed,2,-0.32546420072937343,-0.1045879074160785,0.7272727272727272,0.06764413007870551,0.14625884431753283,0.640515429989114,0.0,0.5116279069767442,0.12503875968992245,0.7945205479452054,0.09920110097650509,0.17729998771203195,0.8329411764705882,0.0,0.6956521739130435,0.13176923076923075,1.3988728470111447,-0.10399568994939863,0.1980748925342715,0.5849056603773585,-0.5,0.3333333333333333,-0.3183443085606774,2.8975680247667595,4.1388404173149755,0.05515719801434087,0.24280285730734902,-0.17514918048601977,0.2857,8.0,0.1713
CUST00904,34.0,137191.4937,96042.18,607.0,38,29.89,2021-11-04,1,Male,Secondary,Self-Employed,1,8.75,5.2,6.1,0,2021,11,4,Thursday,1.0,1,False,True,False,False,False,True,False,False,False,Low,0,Med_Missed,0,-0.8397248739764982,-0.297588224500069,0.2909090909090909,0.0,0.11609246710117486,0.3848257006151743,0.16666666666666666,0.2790697674418605,0.223953488372093,0.4657534246575342,0.03384648707200554,0.14823042869945027,0.7141176470588235,0.16666666666666666,0.5507246376811594,0.22992307692307692,-0.31541286727456963,-0.9212849667702656,-0.036115223950969014,-0.36792452830188677,0.0,-0.7777777777777778,0.1618062088428975,3.43043250693049,5.4671747731346585,0.03237293622531563,-0.0442186778628326,-2.699026891946865,0.7001,6.33,0.2989
CUST00905,35.0,468726.52,106721.7,705.0,60,13.95,2026-01-13,1,Female,Primary,Salaried,2,8.55,5.0,5.9,1,2026,1,13,Tuesday,0.0,0,False,False,False,True,False,False,False,True,False,Mid-High,1,High_Missed,3,-0.1961147099655131,-0.18815563708889657,0.3090909090909091,0.08465832975218561,0.13319702299768604,0.6329206855522644,0.3333333333333333,0.7906976744186047,0.1003875968992248,0.4794520547945205,0.11563942976069622,0.16471308067490892,0.8294117647058824,0.3333333333333333,0.8695652173913043,0.1073076923076923,-0.24398429584599818,0.10157311447819886,0.09667228013354938,0.5566037735849056,0.5,1.6666666666666667,-0.4380056444026341,2.7047112998366956,3.7349698793966195,0.06688963210702341,0.12567238636246192,0.11096416467570434,0.2277,10.0,0.1395
CUST00906,54.0,3518905.37,100848.82,534.0,43,28.74,2022-05-09,1,Female,Secondary,Self-Employed,2,8.55,5.0,5.9,0,2022,5,9,Monday,1.0,0,False,False,False,True,False,False,False,True,False,High,0,High_Missed,1,5.725208692331475,-0.24833478876943324,0.6545454545454545,0.8635294184822824,0.12379088824317437,0.20002025265183154,0.3333333333333333,0.39534883720930236,0.21503875968992248,0.7397260273972602,0.868148468255331,0.155648943229253,0.6282352941176471,0.3333333333333333,0.6231884057971014,0.22107692307692306,1.1131585612968589,9.512042110150793,0.02364979625900401,-1.0566037735849056,0.5,-0.2222222222222222,0.11853245531514578,3.392492941032009,5.360970061472083,0.03362474781439139,0.03479068772954825,2.704423038639622,0.0287,7.17,0.2874
CUST00907,45.0,555592.4,115324.13,613.0,43,4.37,2024-01-09,0,Male,Graduate,Salaried,2,9.1,5.6,7.2,0,2024,1,9,Tuesday,2.0,1,True,False,False,False,True,False,False,False,False,Mid-High,0,High_Missed,1,-0.02748165813475836,-0.10000690260237541,0.49090909090909085,0.10683975774585816,0.14697486552064815,0.4000151894888737,0.3333333333333333,0.39534883720930236,0.026124031007751937,0.6164383561643836,0.1370700943385423,0.17798997512646147,0.7211764705882353,0.3333333333333333,0.6231884057971014,0.033615384615384616,0.4703014184397161,0.3695733566678711,0.20363356760356527,-0.3113207547169811,0.5,-0.2222222222222222,-0.7984948259642523,1.6808279085207734,2.090454496036687,0.186219739292365,0.24894650759284975,0.41013066213950916,0.2076,7.17,0.0437
CUST00908,62.0,917028.06,220225.2,672.6,49,6.78,2025-12-20,1,Male,Secondary,Self-Employed,4,8.55,5.0,5.9,0,2025,12,20,Saturday,1.0,1,False,False,False,True,False,False,False,True,False,High,0,High_Missed,2,0.6741747158784106,0.9749099019263406,0.7999999999999999,0.19913329194634646,0.31498674390271286,0.5508974456342877,0.6666666666666666,0.5348837209302326,0.0448062015503876,0.8493150684931506,0.2262398166268841,0.33989311577915227,0.7912941176470588,0.6666666666666666,0.7101449275362319,0.052153846153846155,1.6845871327254305,1.484681433809138,1.5079572882478776,0.2509433962264153,1.5,0.4444444444444444,-0.7078080903104422,2.0515563381903004,2.6038433132583076,0.12853470437017994,1.2256333927867913,1.1916580392861,0.2402,8.17,0.0678
CUST00909,41.0,514086.45,48644.57,602.0,41,11.3,2025-05-11,0,Male,Graduate,Self-Employed,1,8.75,5.2,6.1,0,2025,5,11,Sunday,2.0,1,False,True,False,False,True,False,False,False,False,Mid-High,0,Med_Missed,1,-0.10805731128689033,-0.7832695191093452,0.4181818181818181,0.09624110564869442,0.040179404565964,0.3721677932204248,0.16666666666666666,0.34883720930232565,0.07984496124031008,0.5616438356164384,0.12683016938256592,0.07507748642315717,0.7082352941176471,0.16666666666666666,0.5942028985507246,0.08692307692307692,0.1845871327254304,0.24151842126271056,-0.6254497943690596,-0.41509433962264153,0.0,-0.4444444444444444,-0.5377234242709313,2.509599262378372,3.361547262794322,0.08130081300813008,-1.204646311342402,0.27579581060908237,0.0946,6.83,0.113
CUST00910,34.0,910884.93,80395.11,750.0,47,8.27,2018-11-27,0,Male,Graduate,Salaried,0,8.75,5.2,6.1,0,2018,11,27,Tuesday,2.0,1,False,True,False,False,False,False,False,False,True,High,1,Low_Missed,1,0.6622490350507593,-0.45792308557095346,0.2909090909090909,0.1975646277510287,0.09103177304080302,0.74684185210501,0.0,0.4883720930232558,0.05635658914728682,0.4657534246575342,0.22472424620397347,0.12408091549608165,0.8823529411764706,0.0,0.6811594202898551,0.06361538461538462,-0.31541286727456963,1.4657285339156167,-0.23066847836088103,0.9811320754716981,-0.5,0.2222222222222222,-0.6517403574788336,2.2267833795777636,2.875760768909681,0.10787486515641856,-0.3366816292393294,1.1820885966335388,0.0883,7.83,0.0827
CUST00911,31.0,237787.12,147262.38,587.4,37,8.94,2018-05-25,0,Female,Graduate,Salaried,1,8.4,4.8,5.4,0,2018,5,25,Friday,2.0,0,False,False,True,False,False,True,False,False,False,Low,0,Med_Missed,0,-0.6444382152355157,0.2272629873257184,0.23636363636363633,0.025687354358832744,0.19812787449125235,0.3352067036277562,0.16666666666666666,0.2558139534883721,0.06155038759689922,0.4246575342465753,0.05866441472361803,0.22728311371838242,0.6910588235294117,0.16666666666666666,0.5362318840579711,0.06876923076923076,-0.5296985815602839,-0.6109254537874723,0.6007488407925633,-0.5528301886792455,0.0,-0.8888888888888888,-0.6265286923800565,2.2965670206684825,2.9899832775452104,0.1006036217303823,0.6287921052294846,-1.2855283236959947,0.6193,6.17,0.0894
CUST00912,18.0,1466938.74,131736.04,707.0,53,35.48,2018-03-25,1,Female,Graduate,Self-Employed,6,8.75,5.2,6.1,0,2018,3,25,Sunday,2.0,0,False,True,False,False,False,True,False,False,False,High,1,High_Missed,2,1.741718338330927,0.0681652414321219,0.0,0.3395544118540882,0.17326054427432902,0.6379838485101643,1.0,0.627906976744186,0.26728682170542634,0.2465753424657534,0.3619081749150319,0.20331993384956412,0.831764705882353,1.0,0.7681159420289855,0.2729230769230769,-1.4582700101317125,3.1812761775990746,0.40769672457688877,0.5754716981132075,2.5,0.8888888888888888,0.3721542803386641,3.5967641652061304,5.9565090447341715,0.027412280701754388,0.4573392306259253,1.805799154832615,0.0898,8.83,0.3548
CUST00913,35.0,761888.2,130045.98,771.0,57,19.6,2023-11-08,1,Female,Secondary,Unemployed,2,8.4,4.8,5.4,0,2023,11,8,Wednesday,1.0,0,False,False,True,False,False,False,True,False,False,High,1,High_Missed,3,0.3730011359596203,0.050847268463287396,0.3090909090909091,0.15951792589539018,0.17055370672559483,0.8000050631629578,0.3333333333333333,0.7209302325581395,0.14418604651162792,0.4794520547945205,0.18796529155082428,0.20071151410807353,0.9070588235294118,0.3333333333333333,0.8260869565217391,0.15076923076923077,-0.24398429584599818,1.0060410280103151,0.38668277927287864,1.179245283018868,0.5,1.3333333333333333,-0.2253998118532455,3.0252910757955354,4.427188724235731,0.04854368932038835,0.43729055951558876,0.9190384115403777,0.1707,9.5,0.196
CUST00914,51.0,491197.34,515115.45,648.0,41,17.14,2019-05-01,0,Other,Secondary,Salaried,0,8.75,5.2,6.1,0,2019,5,1,Wednesday,1.0,2,False,True,False,False,True,False,False,False,False,Mid-High,0,Low_Missed,1,-0.15249202458271885,3.9966377567201397,0.6,0.09039631198167292,0.7872895032459365,0.48862054125212007,0.0,0.34883720930232565,0.12511627906976747,0.6986301369863014,0.1211832014488338,0.7950234364027373,0.7623529411764706,0.0,0.5942028985507246,0.13184615384615386,0.8988728470111447,0.17090050979383412,5.174577162208471,0.018867924528301886,-0.5,-0.4444444444444444,-0.3179680150517404,2.8981194446869907,4.1400483088968905,0.05512679162072767,2.377621752712954,0.19521406938419725,1.0487,6.83,0.1714
CUST00915,45.0,902153.23,142697.36,730.0,47,30.1,2024-06-14,0,Other,Graduate,Salaried,0,8.4,4.8,5.4,0,2024,6,14,Friday,2.0,2,False,False,True,False,False,False,False,True,False,High,1,Low_Missed,1,0.6452981537764245,0.1804854214628564,0.49090909090909085,0.19533496548533413,0.19081643729569564,0.6962102225260118,0.0,0.4883720930232558,0.2255813953488372,0.6164383561643836,0.22257005017332968,0.22023751279989465,0.8588235294117647,0.0,0.6811594202898551,0.23153846153846155,0.4703014184397161,1.4387893293081508,0.5439880863863812,0.7924528301886793,-0.5,0.2222222222222222,0.16970837253057394,3.4372078191851885,5.486346689738081,0.03215434083601286,0.5806126199575464,1.1683343712033807,0.1582,7.83,0.301
CUST00916,38.0,246639.38,194573.0,645.0,54,31.83,2024-03-16,1,Female,Graduate,Self-Employed,1,8.4,4.8,5.4,0,2024,3,16,Saturday,2.0,0,False,False,True,False,False,False,False,True,False,Low,0,Med_Missed,2,-0.6272532903904635,0.7120528991032852,0.36363636363636365,0.02794780193354525,0.27390161191471313,0.48102579681527047,0.16666666666666666,0.6511627906976745,0.23899224806201547,0.5205479452054794,0.06084835408871609,0.300301796599558,0.7588235294117647,0.16666666666666666,0.782608695652174,0.24484615384615382,-0.0296985815602839,-0.5836142952068426,1.1890017909711383,-0.009433962264150943,0.0,1.0,0.2348071495766698,3.4913427315135013,5.641808220774612,0.03045994517209869,1.0456400983946428,-1.201223304502965,0.7889,9.0,0.3183
CUST00917,27.0,382962.58,82105.21,659.0,43,15.53,2022-08-27,1,Male,Secondary,Salaried,2,8.55,5.0,5.9,0,2022,8,27,Saturday,1.0,1,False,False,False,True,False,False,True,False,False,Mid-Low,0,High_Missed,1,-0.36260856162775085,-0.4403997635740991,0.16363636363636364,0.06275828499855331,0.0937707070976355,0.516467937520569,0.3333333333333333,0.39534883720930236,0.11263565891472868,0.3698630136986301,0.09448062458869408,0.12672026474990877,0.7752941176470588,0.3333333333333333,0.6231884057971014,0.11946153846153845,-0.8154128672745696,-0.16302740175602937,-0.20940535878856545,0.12264150943396226,0.5,-0.2222222222222222,-0.37855126999059274,2.8051769118329326,3.9408120990476063,0.060496067755595885,-0.3016736402005411,-0.2695161393445503,0.2144,7.17,0.1553
CUST00918,40.0,910842.43,54407.24,710.0,42,50.97,2016-05-22,0,Male,Secondary,Self-Employed,4,8.75,5.2,6.1,0,2016,5,22,Sunday,1.0,1,False,True,False,False,False,False,False,False,True,High,1,High_Missed,1,0.6621665296446918,-0.7242196846133435,0.4,0.1975537752656831,0.04940902454215655,0.6455785929470139,0.6666666666666666,0.37209302325581395,0.3873643410852713,0.547945205479452,0.22471376103713284,0.08397152698485061,0.8352941176470589,0.6666666666666666,0.6086956521739131,0.39207692307692305,0.11315856129685896,1.4655974121185078,-0.553797644631737,0.6037735849056604,1.5,-0.3333333333333333,0.9550329256820321,3.9506666290203505,7.139327699440614,0.01924187030979411,-1.005748748284604,1.182022086145043,0.0597,7.0,0.5097
CUST00919,49.0,173940.73,81749.06,797.0,43,20.52,2023-03-08,1,Male,Graduate,Self-Employed,1,8.55,5.0,5.9,0,2023,3,8,Wednesday,2.0,1,False,False,False,True,False,False,False,True,False,Low,1,Med_Missed,1,-0.7683834465976637,-0.4440492174827476,0.5636363636363636,0.00938401290369599,0.09320028936513981,0.8658261816156552,0.16666666666666666,0.39534883720930236,0.15131782945736433,0.6712328767123288,0.042912884104273054,0.12617058681484616,0.9376470588235294,0.16666666666666666,0.6231884057971014,0.15784615384615383,0.7560157041540018,-0.807905533686925,-0.21383367294310632,1.4245283018867925,0.0,-0.2222222222222222,-0.19078080903104425,3.0689827352935835,4.52990066116245,0.04646840148698885,-0.30889529222417095,-2.0543022646765516,0.47,7.17,0.2052
CUST00920,43.0,585504.35,151323.64,599.0,54,37.94,2017-05-18,0,Male,Graduate,Salaried,0,8.4,4.8,5.4,0,2017,5,18,Thursday,2.0,1,False,False,True,False,False,True,False,False,False,Mid-High,0,Low_Missed,2,0.030586520242170956,0.2688785458854195,0.4545454545454545,0.1144778518407471,0.20463247850718796,0.364573048783575,0.0,0.6511627906976745,0.2863565891472868,0.589041095890411,0.14444966578039384,0.23355121707526094,0.7047058823529412,0.0,0.782608695652174,0.2918461538461538,0.3274442755825732,0.46185826582167644,0.6512459210769106,-0.44339622641509435,-0.5,1.0,0.464722483537159,3.6620219999440535,6.159545437773797,0.02568053415511043,0.6702398831282,0.49873738826839636,0.2585,9.0,0.3794
CUST00921,40.0,577283.11,126007.5,573.0,46,13.93,2021-05-08,1,Male,Secondary,Salaried,1,8.4,4.8,5.4,0,2021,5,8,Saturday,1.0,1,False,False,True,False,False,False,False,False,True,Mid-High,0,Med_Missed,1,0.014626596840335014,0.009465135595118133,0.4,0.11237853686139387,0.16408558766247755,0.29875193033087766,0.16666666666666666,0.4651162790697674,0.10023255813953488,0.547945205479452,0.14242140523834937,0.19447856914895081,0.6741176470588235,0.16666666666666666,0.6666666666666666,0.10715384615384616,0.11315856129685896,0.4364939419801472,0.3364689419941203,-0.6886792452830188,0.0,0.1111111111111111,-0.43875823142050807,2.703372611551099,3.7322915213043046,0.06697923643670463,0.38815079486222065,0.4750093340756058,0.2183,7.67,0.1393
CUST00922,29.0,1184241.34,125737.39,569.0,49,29.23,2017-08-16,0,Female,Secondary,Salaried,1,8.4,4.8,5.4,0,2017,8,16,Wednesday,1.0,0,False,False,True,False,False,False,False,True,False,High,0,Med_Missed,2,1.192916837596466,0.006697329908567442,0.19999999999999996,0.2673668967779911,0.16365297350067942,0.2886256044150781,0.16666666666666666,0.5348837209302326,0.21883720930232559,0.3972602739726027,0.29216395363471814,0.19406168438960852,0.6694117647058824,0.16666666666666666,0.7101449275362319,0.22484615384615386,-0.6725557244174267,2.3090928569858415,0.33311043592565753,-0.7264150943396226,0.0,0.4444444444444444,0.13697083725305742,3.408834808791367,5.406477596365308,0.033079722130334104,0.3848000243091649,1.5389057321025277,0.1062,8.17,0.2923
CUST00923,48.0,200490.53,86802.73,730.0,34,40.52,2015-09-18,0,Male,Post-Graduate,Salaried,1,8.4,4.8,5.4,0,2015,9,18,Friday,3.0,1,False,False,True,False,False,False,False,True,False,Low,1,Med_Missed,0,-0.7168422223621389,-0.3922644758443388,0.5454545454545454,0.016163573266710876,0.10129435922947093,0.6962102225260118,0.16666666666666666,0.18604651162790697,0.3063565891472868,0.6575342465753424,0.04946298016510727,0.13397036468958362,0.8588235294117647,0.16666666666666666,0.4927536231884058,0.3116923076923077,0.6845871327254304,-0.7259935927719494,-0.15099711982397665,0.7924528301886793,0.0,-1.2222222222222223,0.5618062088428977,3.7261752388576332,6.3655321851358195,0.024084778420038533,-0.2096469051493339,-1.6941837090405922,0.433,5.67,0.4052
CUST00924,18.0,989361.96,78882.8,740.0,40,37.23,2022-04-25,1,Male,Primary,Self-Employed,0,8.75,5.2,6.1,0,2022,4,25,Monday,0.0,1,False,True,False,False,False,False,True,False,False,High,1,Low_Missed,1,0.8145967815711845,-0.4734196618466466,0.0,0.21760394111667097,0.0886096238311145,0.721526037315511,0.0,0.32558139534883723,0.2808527131782945,0.2465753424657534,0.24408529920885366,0.12174683312074962,0.8705882352941177,0.0,0.5797101449275363,0.28638461538461535,-1.4582700101317125,1.707847338748149,-0.24947230758748087,0.8867924528301887,-0.5,-0.5555555555555556,0.438005644402634,3.6436205477083212,6.10163912403872,0.026157467957101756,-0.368358039020678,1.2981419984217495,0.0797,6.67,0.3723
CUST00925,42.0,334457.34,88617.59,607.0,39,34.8,2020-03-09,1,Male,Post-Graduate,Salaried,1,8.4,4.8,5.4,0,2020,3,9,Monday,3.0,1,False,False,True,False,False,False,False,True,False,Mid-Low,0,Med_Missed,0,-0.4567719621595039,-0.37366768258124833,0.4363636363636363,0.05037234602716656,0.10420107922384729,0.3848257006151743,0.16666666666666666,0.3023255813953488,0.26201550387596895,0.5753424657534246,0.08251390614057702,0.13677139935819987,0.7141176470588235,0.16666666666666666,0.5652173913043478,0.2676923076923077,0.2560157041540018,-0.31267667794442666,-0.1284314305736331,-0.36792452830188677,0.0,-0.6666666666666666,0.3465663217309501,3.5779478934066544,5.89915248150105,0.02793296089385475,-0.17560836774554303,-0.5405861232918945,0.265,6.5,0.348
CUST00926,66.0,353802.9,152464.23,479.0,42,13.34,2022-05-17,1,Male,Secondary,Salaried,1,8.75,5.2,6.1,0,2022,5,17,Tuesday,1.0,1,False,True,False,False,False,False,False,True,False,Mid-Low,0,Med_Missed,1,-0.4192163554912128,0.2805661231244067,0.8727272727272727,0.055312285001333075,0.20645927272734033,0.06078327130958705,0.16666666666666666,0.37209302325581395,0.09565891472868217,0.9041095890410958,0.08728664553411791,0.23531159095130483,0.5635294117647058,0.16666666666666666,0.6086956521739131,0.10261538461538461,1.970301418439716,-0.2529913933966291,0.6654278411710496,-1.5754716981132075,0.0,-0.3333333333333333,-0.46095954844778936,2.663052835171474,3.652396473549935,0.0697350069735007,0.681651757278613,-0.42641480991921904,0.4309,7.0,0.1334
CUST00927,21.0,240144.91,163478.45,596.0,44,7.91,2020-08-21,0,Male,Graduate,Self-Employed,0,8.4,4.8,5.4,0,2020,8,21,Friday,2.0,1,False,False,True,False,False,False,True,False,False,Low,0,Low_Missed,1,-0.6398610288502969,0.39342836720615226,0.05454545454545451,0.026289422157020036,0.22409989156100246,0.3569783043467254,0.0,0.4186046511627908,0.053565891472868214,0.2876712328767123,0.059246104641857505,0.25231081517122633,0.7011764705882353,0.0,0.6376811594202898,0.06084615384615385,-1.2439842958459981,-0.6036511558579241,0.8023769534193327,-0.4716981132075472,-0.5,-0.1111111111111111,-0.6652869238005645,2.187174241482718,2.812472222085047,0.1122334455667789,0.7870660880297393,-1.262660583971896,0.6807,7.33,0.0791
CUST00928,35.0,256805.43,53973.85,694.0,40,7.02,2019-04-11,1,Male,Secondary,Salaried,0,9.1,5.6,7.2,0,2019,4,11,Thursday,1.0,1,True,False,False,False,True,False,False,False,False,Low,0,Low_Missed,1,-0.6075179001939439,-0.7286606135182125,0.3090909090909091,0.03054372919583828,0.048714897513976535,0.6050732892838155,0.0,0.32558139534883723,0.04666666666666666,0.4794520547945205,0.06335641833248605,0.08330263769585222,0.8164705882352942,0.0,0.5797101449275363,0.054,-0.24398429584599818,-0.5522498070774147,-0.5591863490299861,0.4528301886792453,-0.5,-0.5555555555555556,-0.6987770460959549,2.081938421878423,2.649528259898354,0.12468827930174564,-1.0198505790845633,-1.1093541490766925,0.2102,6.67,0.0702
CUST00929,38.0,541317.45,155967.91,645.0,38,16.46,2015-03-07,1,Male,Primary,Self-Employed,3,8.4,4.8,5.4,0,2015,3,7,Saturday,0.0,1,False,False,True,False,False,False,True,False,False,Mid-High,0,High_Missed,0,-0.055193670989879894,0.31646818312904884,0.36363636363636365,0.10319461220035425,0.2120708442589717,0.48102579681527047,0.5,0.2790697674418605,0.11984496124031009,0.5205479452054794,0.13354832416461987,0.24071913155925115,0.7588235294117647,0.5,0.5507246376811594,0.12661538461538463,-0.0296985815602839,0.32553201319393776,0.7089920577567056,-0.009433962264150943,1.0,-0.7777777777777778,-0.3435559736594544,2.859912550411456,4.057092555020159,0.0572737686139748,0.7161052154027067,0.3655180452499452,0.2881,6.33,0.1646
CUST00930,33.0,253681.3,66807.28,664.0,47,15.49,2018-03-05,0,Female,Post-Graduate,Salaried,1,8.55,5.0,5.9,0,2018,3,5,Monday,3.0,0,False,False,False,True,False,True,False,False,False,Low,0,Med_Missed,1,-0.6135827852352975,-0.5971570019083123,0.2727272727272727,0.029745974488951388,0.06926920339841357,0.5291258449153184,0.16666666666666666,0.4883720930232558,0.11232558139534883,0.4520547945205479,0.06258566481997244,0.10310961032584028,0.7811764705882352,0.16666666666666666,0.6811594202898551,0.11915384615384615,-0.386841438703141,-0.5618884315480587,-0.3996174603024609,0.16981132075471697,0.0,0.2222222222222222,-0.3800564440263406,2.8027541365715076,3.9357337308308855,0.060642813826561545,-0.6492368632902635,-1.1370513743082211,0.2634,7.83,0.1549
CUST00931,49.0,640588.25,130790.62,608.0,34,32.22,2025-02-13,0,Male,Graduate,Salaried,0,8.75,5.2,6.1,0,2025,2,13,Thursday,2.0,1,False,True,False,False,False,False,True,False,False,Mid-High,0,Low_Missed,0,0.13752109758991804,0.05847756288568235,0.5636363636363636,0.1285436687237472,0.17174633865125988,0.38735728209412423,0.0,0.18604651162790697,0.24201550387596898,0.6712328767123288,0.15803940417410628,0.20186078317325673,0.7152941176470589,0.0,0.4927536231884058,0.24784615384615383,0.7560157041540018,0.6318041472281815,0.3959415181526687,-0.3584905660377358,-0.5,-1.2222222222222223,0.24948259642521167,3.503152104185149,5.67626637852735,0.030102347983142687,0.446160521495058,0.6467922887717006,0.2042,5.67,0.3222
CUST00932,43.0,317590.14,87976.11,731.0,47,24.43,2023-09-04,1,Male,Post-Graduate,Salaried,1,8.55,5.0,5.9,0,2023,9,4,Monday,3.0,1,False,False,False,True,False,False,True,False,False,Low,1,Med_Missed,1,-0.4895163194588222,-0.3802409008693847,0.4545454545454545,0.04606526271373125,0.10317367064026918,0.6987418040049618,0.16666666666666666,0.4883720930232558,0.1816279069767442,0.589041095890411,0.07835260246682794,0.13578134628566318,0.86,0.16666666666666666,0.6811594202898551,0.18792307692307691,0.3274442755825732,-0.36471567973732444,-0.1364074939285532,0.8018867924528302,0.0,0.2222222222222222,-0.04365004703668863,3.2359295794340284,4.942671342502958,0.039323633503735744,-0.18754773662456126,-0.6477357776757455,0.277,7.83,0.2443
CUST00933,40.0,241224.45,252577.43,677.0,51,7.23,2020-05-01,1,Male,Secondary,Self-Employed,1,8.55,5.0,5.9,0,2020,5,1,Friday,1.0,1,False,False,False,True,True,False,False,False,False,Low,0,Med_Missed,2,-0.6377653138840367,1.3064218273144996,0.4,0.026565085498901672,0.3668027924153599,0.5620364041416672,0.16666666666666666,0.5813953488372092,0.04829457364341085,0.547945205479452,0.059512437748001926,0.3898251864827037,0.7964705882352942,0.16666666666666666,0.7391304347826086,0.05561538461538462,0.11315856129685896,-0.6003205388026034,1.9102199248896248,0.29245283018867924,0.0,0.6666666666666666,-0.6908748824082785,2.1077860146889784,2.6888659319497505,0.12150668286755771,1.4211340982873828,-1.2522922376537398,1.0471,8.5,0.0723
CUST00934,47.0,339794.2,76815.0,697.0,43,45.65,2015-05-14,1,Female,Post-Graduate,Self-Employed,1,8.55,5.0,5.9,0,2015,5,14,Thursday,3.0,0,False,False,False,True,True,False,False,False,False,Mid-Low,0,Med_Missed,1,-0.4464114962436175,-0.4946083205362527,0.5272727272727272,0.051735127084611796,0.08529778952743738,0.6126680337206651,0.16666666666666666,0.39534883720930236,0.3461240310077519,0.6438356164383562,0.08383056184657946,0.11855541367915923,0.82,0.16666666666666666,0.6231884057971014,0.35115384615384615,0.613158561296859,-0.29621129737690843,-0.2751830137752091,0.4811320754716981,0.0,-0.2222222222222222,0.7548447789275635,3.8426729272933526,6.756478372643548,0.021436227224008574,-0.4128125530887762,-0.5082068817549211,0.2261,7.17,0.4565
CUST00935,38.0,523532.08,109882.52,663.0,56,28.04,2026-04-27,1,Female,Post-Graduate,Self-Employed,1,8.55,5.0,5.9,0,2026,4,27,Monday,3.0,0,False,False,False,True,True,False,False,False,False,Mid-High,0,Med_Missed,3,-0.08972047508187943,-0.15576684892791343,0.36363636363636365,0.09865307179351299,0.13825946235533604,0.5265942634363687,0.16666666666666666,0.6976744186046513,0.20961240310077517,0.5205479452054794,0.12916049894644577,0.16959145498546493,0.78,0.16666666666666666,0.8115942028985508,0.21569230769230768,-0.0296985815602839,0.2706602560962958,0.13597342837433438,0.16037735849056603,0.0,1.2222222222222223,0.09219190968955784,3.3686741899565953,5.295280917949491,0.03443526170798898,0.17224722204330659,0.307637317688007,0.2099,9.33,0.2804
CUST00936,73.0,385125.05,142053.06,692.0,49,12.56,2023-06-29,1,Male,Graduate,Unemployed,2,8.75,5.2,6.1,0,2023,6,29,Thursday,2.0,1,False,True,False,False,True,False,False,False,False,Mid-Low,0,High_Missed,2,-0.3584105506757816,0.17388330675460947,0.9999999999999999,0.06331047732761826,0.1897845121376247,0.6000101263259157,0.3333333333333333,0.5348837209302326,0.0896124031007752,1.0,0.09501412714723208,0.21924310737083158,0.8141176470588235,0.3333333333333333,0.7101449275362319,0.09661538461538462,2.4703014184397163,-0.15635570875380694,0.5359769595865199,0.4339622641509434,0.5,0.4444444444444444,-0.49031044214487307,2.6071242825122494,3.54400902933387,0.07374631268436578,0.5736708015153763,-0.25853181860026114,0.3688,8.17,0.1256
CUST00937,38.415780141843975,450045.99,58432.33,687.0,41,14.51,2015-04-03,0,Female,Secondary,Self-Employed,0,8.4,4.8,5.4,0,2015,4,3,Friday,1.0,0,False,False,True,False,True,False,False,False,False,Mid-High,0,Low_Missed,1,-0.23237929145269742,-0.682974758505912,0.37119600257898133,0.07988820791518078,0.055855697884543476,0.5873522189311662,0.0,0.34883720930232565,0.10472868217054264,0.5262435635869037,0.11103075979077948,0.09018380596741712,0.808235294117647,0.0,0.5942028985507246,0.11161538461538462,0.0,0.043939592959376446,-0.5037502965472206,0.3867924528301887,-0.5,-0.4444444444444444,-0.41693320790216376,2.7414849771884473,3.809199390948182,0.06447453255963895,-0.8806183885691036,0.03661956904924803,0.1298,6.83,0.1451
CUST00938,40.0,626625.11,94493.45,576.0,57,60.95,2017-06-01,1,Male,Graduate,Self-Employed,0,8.75,5.2,6.1,0,2017,6,1,Thursday,2.0,1,False,True,False,False,False,False,False,True,False,Mid-High,0,Low_Missed,3,0.11041440263281764,-0.3134579949674032,0.4,0.12497814467131638,0.1136119868123975,0.30634667476772726,0.0,0.7209302325581395,0.46472868217054264,0.547945205479452,0.15459456058542098,0.14584013610259647,0.6776470588235294,0.0,0.8260869565217391,0.46884615384615386,0.11315856129685896,0.588724805814403,-0.0553718938388306,-0.660377358490566,-0.5,1.3333333333333333,1.330573847601129,4.126327608075152,7.807048097712733,0.016142050040355124,-0.07064417711462945,0.610949009324933,0.1508,9.5,0.6095
CUST00939,19.0,760104.14,84124.16,680.0,44,8.27,2016-12-14,1,Female,Graduate,Salaried,0,8.55,5.0,5.9,0,2016,12,14,Wednesday,2.0,0,False,False,False,True,False,False,False,False,True,High,0,Low_Missed,1,0.369537733730239,-0.4197116687576854,0.018181818181818188,0.15906236154231634,0.09700430215876758,0.5696311485785168,0.0,0.4186046511627908,0.05635658914728682,0.2602739726027397,0.1875251464507372,0.12983628964670677,0.8,0.0,0.6376811594202898,0.06361538461538462,-1.3868414387031411,1.0005368126373644,-0.18430204596444622,0.32075471698113206,-0.5,-0.1111111111111111,-0.6517403574788336,2.2267833795777636,2.875760768909681,0.10787486515641856,-0.26140163916552145,0.9154710945784617,0.1107,7.33,0.0827
CUST00940,32.0,378871.49,72526.83,713.0,47,63.15,2025-05-17,1,Male,Post-Graduate,Unemployed,0,9.1,5.6,7.2,0,2025,5,17,Saturday,3.0,1,True,False,False,False,True,False,False,False,False,Mid-Low,1,Low_Missed,1,-0.3705506096679513,-0.538549016219108,0.2545454545454545,0.06171361454508373,0.07842976142704129,0.6531733373838635,0.0,0.4883720930232558,0.4817829457364341,0.4383561643835616,0.09347131256022236,0.11193709996078964,0.8388235294117647,0.0,0.6811594202898551,0.48576923076923073,-0.4582700101317125,-0.17564930935449902,-0.32850145799274966,0.6320754716981132,-0.5,0.2222222222222222,1.4133584195672628,4.161224091061645,7.94669742723353,0.015588464536243178,-0.509530233870146,-0.29053006048597413,0.1914,7.83,0.6315
CUST00941,51.0,262469.19,75823.7,742.0,60,19.19,2025-12-20,0,Male,Secondary,Self-Employed,0,8.75,5.2,6.1,0,2025,12,20,Saturday,1.0,1,False,True,False,False,False,True,False,False,False,Low,1,Low_Missed,3,-0.5965228221076233,-0.504766129492151,0.6,0.031989985017035774,0.08371010147964016,0.7265892002734107,0.0,0.7906976744186047,0.14100775193798448,0.6986301369863014,0.06475372347472858,0.11702545232291174,0.8729411764705882,0.0,0.8695652173913043,0.14761538461538462,0.8988728470111447,-0.5347758684987209,-0.2875086850412382,0.9056603773584906,-0.5,1.6666666666666667,-0.24082784571966132,3.005187432324746,4.380639222761902,0.04952947003467063,-0.4346121880825759,-1.0602943560464864,0.2889,10.0,0.1919
CUST00942,23.0,459570.32,192376.33,608.0,40,20.26,2019-10-03,1,Female,Secondary,Salaried,4,8.55,5.0,5.9,0,2019,10,3,Thursday,1.0,0,False,False,False,True,False,False,False,True,False,Mid-High,0,High_Missed,1,-0.2138896746486863,0.6895437150024547,0.09090909090909088,0.08232027030933342,0.27038337656320016,0.38735728209412423,0.6666666666666666,0.32558139534883723,0.14930232558139533,0.3150684931506849,0.1133805054165501,0.2969114806382666,0.7152941176470589,0.6666666666666666,0.5797101449275363,0.15584615384615386,-1.1011271529888553,0.07332423450902016,1.1616887350849803,-0.3584905660377358,1.5,-0.5555555555555556,-0.20056444026340542,3.056827372913802,4.50111097397076,0.047036688617121354,1.0289769368376573,0.07503923797986141,0.4186,6.67,0.2026
CUST00943,18.0,559794.37,534163.31,573.0,45,30.23,2017-01-16,1,Male,Secondary,Salaried,4,8.75,5.2,6.1,0,2017,1,16,Monday,1.0,1,False,True,False,False,False,False,True,False,False,Mid-High,0,High_Missed,1,-0.019324358343387207,4.19182036833993,0.0,0.10791274169521287,0.8177969779338363,0.29875193033087766,0.6666666666666666,0.4418604651162792,0.22658914728682172,0.2465753424657534,0.1381067615505267,0.8244216909363924,0.6741176470588235,0.6666666666666666,0.6521739130434783,0.23253846153846155,-1.4582700101317125,0.3825373533219513,5.411415314817515,-0.6886792452830188,1.5,0.0,0.17460018814675451,3.441379171294987,5.498181517556509,0.03202049311559398,2.423772277839077,0.42296608113828355,0.9542,7.5,0.3023
CUST00944,38.0,213125.69,138668.95,585.0,46,5.29,2022-05-20,0,Male,Graduate,Salaried,1,9.1,5.6,7.2,0,2022,5,20,Friday,2.0,1,True,False,False,False,False,True,False,False,False,Low,0,Med_Missed,1,-0.6923135398556143,0.13920647545657164,0.36363636363636365,0.019389994178218725,0.1843644465677356,0.3291309080782765,0.16666666666666666,0.4651162790697674,0.033255813953488374,0.5205479452054794,0.05258019806294493,0.2140201097663822,0.6882352941176471,0.16666666666666666,0.6666666666666666,0.040692307692307694,-0.0296985815602839,-0.6870113601611101,0.49389945793406204,-0.5754716981132075,0.0,0.1111111111111111,-0.7638758231420509,1.8389610707123492,2.3,0.1589825119236884,0.5366082962153309,-1.544876660517986,0.6506,7.67,0.0529
CUST00945,53.0,283423.03,119223.72,615.0,38,27.95,2018-02-18,0,Male,Post-Graduate,Self-Employed,0,9.1,5.6,7.2,0,2018,2,18,Sunday,3.0,1,True,False,False,False,True,False,False,False,False,Low,0,Low_Missed,0,-0.5558450555694457,-0.06004796965944039,0.6363636363636364,0.03734060246488684,0.15322053528188045,0.40507835244677337,0.0,0.2790697674418605,0.20891472868217054,0.726027397260274,0.06992324131830369,0.1840085588097149,0.7235294117647059,0.0,0.5507246376811594,0.215,1.0417299898682875,-0.47012868833081556,0.25212046804974136,-0.29245283018867924,-0.5,-0.7777777777777778,0.0888052681091251,3.3655702040190043,5.286775955154521,0.03454231433506045,0.30140702972217936,-0.8906245363107468,0.4207,6.33,0.2795
CUST00946,38.0,308786.86,42693.93,665.0,40,39.95,2016-05-22,0,Male,Primary,Salaried,1,8.75,5.2,6.1,0,2016,5,22,Sunday,0.0,1,False,True,False,False,False,False,True,False,False,Low,0,Med_Missed,1,-0.5066061592500112,-0.8442454742039955,0.36363636363636365,0.043817322309188764,0.030648727672244525,0.5316574263942684,0.16666666666666666,0.32558139534883723,0.301937984496124,0.5205479452054794,0.07618074694812646,0.06589333506136909,0.7823529411764706,0.16666666666666666,0.5797101449275363,0.30730769230769234,-0.0296985815602839,-0.3918757243033094,-0.6994391340870898,0.1792452830188679,0.0,-0.5555555555555556,0.5403574788334903,3.7123518102990785,6.320601237224193,0.02442002442002442,-1.4405459142186752,-0.7067915132804132,0.1383,6.67,0.3995
CUST00947,34.0,398749.59,134793.82,640.0,41,16.1,2017-12-23,0,Female,Graduate,Salaried,0,9.1,5.6,7.2,0,2017,12,23,Saturday,2.0,0,True,False,False,False,False,False,False,True,False,Mid-Low,0,Low_Missed,1,-0.33196118114207973,0.09949818309374475,0.2909090909090909,0.06678953899091934,0.1781579524845514,0.468367889420521,0.0,0.34883720930232565,0.11705426356589148,0.4657534246575342,0.09837543479492353,0.20803927737413433,0.7529411764705882,0.0,0.5942028985507246,0.12384615384615386,-0.31541286727456963,-0.11432102241064335,0.4457166893542906,-0.05660377358490566,-0.5,-0.4444444444444444,-0.3571025399811853,2.8390784635086144,4.012480529547776,0.05847953216374269,0.49287566828867607,-0.1912081048861207,0.338,6.83,0.161
CUST00948,18.0,302393.08,42272.5,560.0,46,22.93,2017-12-01,1,Female,Post-Graduate,Unemployed,0,8.55,5.0,5.9,0,2017,12,1,Friday,3.0,0,False,False,False,True,False,False,False,True,False,Low,0,Low_Missed,1,-0.5190184278430933,-0.8485638494973317,0.0,0.04218465398559171,0.02997375604510523,0.2658413711045289,0.0,0.4651162790697674,0.16999999999999998,0.2465753424657534,0.0746033387118369,0.06524290470288692,0.6588235294117647,0.0,0.6666666666666666,0.1763846153846154,-1.4582700101317125,-0.4116019342778987,-0.704679129690482,-0.8113207547169812,-0.5,0.1111111111111111,-0.10009407337723426,3.175132901920282,4.788527957525152,0.041788549937317176,-1.4586623967646803,-0.7511417713862487,0.1398,7.67,0.2293
CUST00949,38.415780141843975,630028.52,143897.3,560.0,60,88.7,2015-08-14,1,Female,Primary,Salaried,0,8.75,5.2,6.1,0,2015,8,14,Friday,0.0,0,False,True,False,False,True,False,False,False,False,Mid-High,0,Low_Missed,3,0.11702145496373646,0.19278115562863934,0.37119600257898133,0.12584721425131656,0.19273828779107927,0.2658413711045289,0.0,0.7906976744186047,0.6798449612403101,0.5262435635869037,0.155434215213117,0.22208948680354199,0.6588235294117647,0.0,0.8695652173913043,0.6823076923076923,0.0,0.5992250701790852,0.5589079552242294,-0.8113207547169812,-0.5,1.6666666666666667,2.3747883349012233,4.49647076906475,9.418067742376884,0.011148272017837234,0.593445933406222,0.6197852308317191,0.2284,10.0,0.887
CUST00950,38.415780141843975,198279.59,72815.56,482.0,48,43.06,2023-01-20,1,Male,Secondary,Salaried,2,8.4,4.8,5.4,0,2023,1,20,Friday,1.0,1,False,False,True,False,False,False,False,True,False,Low,0,High_Missed,2,-0.7211343283030988,-0.5355904121841676,0.37119600257898133,0.015599003997300027,0.0788921977934697,0.06837801574643665,0.3333333333333333,0.5116279069767442,0.326046511627907,0.5262435635869037,0.048917519582174794,0.11238272262031686,0.5670588235294117,0.3333333333333333,0.6956521739130435,0.3312307692307693,0.0,-0.7328148263272514,-0.32491143371690934,-1.5471698113207548,0.5,0.3333333333333333,0.6573847601128883,3.785552341374197,6.5620118866091675,0.022696323195642305,-0.5028148732673351,-1.7216315090681809,0.3672,8.0,0.4306
CUST00951,18.0,200815.26,99212.61,454.99,50,10.52,2019-01-18,1,Male,Graduate,Salaried,1,8.75,5.2,6.1,0,2019,1,18,Friday,2.0,1,False,True,False,False,True,False,False,False,False,Low,0,Med_Missed,2,-0.7162118228206734,-0.26510096307764514,0.0,0.016246493915329015,0.12117029804778819,0.0,0.16666666666666666,0.558139534883721,0.0737984496124031,0.2465753424657534,0.049543094241063956,0.1531236349767505,0.5352823529411764,0.16666666666666666,0.7246376811594203,0.08092307692307692,-1.4582700101317125,-0.7249917296854734,0.0033054135472219627,-1.8019811320754715,0.0,0.5555555555555556,-0.5670743179680151,2.444084655267745,3.243454948045371,0.08680555555555555,0.008388248268452013,-1.6901870859017059,0.494,8.33,0.1052
CUST00952,50.0,374390.85,45407.48,639.0,39,15.28,2021-04-29,0,Male,Graduate,Salaried,2,9.1,5.6,7.2,0,2021,4,29,Thursday,2.0,1,True,False,False,False,False,False,False,True,False,Mid-Low,0,High_Missed,0,-0.37924889255364763,-0.8164398427177875,0.5818181818181818,0.06056947148769952,0.034994809486125475,0.46583630794157105,0.3333333333333333,0.3023255813953488,0.11069767441860465,0.684931506849315,0.09236589472603844,0.07008139784583935,0.7517647058823529,0.3333333333333333,0.5652173913043478,0.11753846153846154,0.8274442755825733,-0.18947306391917662,-0.6656992720232007,-0.0660377358490566,0.5,-0.6666666666666666,-0.387958607714017,2.789937360574394,3.9089640571384128,0.06142506142506142,-1.3285903484733006,-0.31390275928997086,0.1213,6.5,0.1528
CUST00953,46.0,405215.21,106237.18,836.0,49,18.71,2021-04-30,0,Male,Primary,Self-Employed,1,8.75,5.2,6.1,0,2021,4,30,Friday,0.0,1,False,True,False,False,False,True,False,False,False,Mid-Low,1,Med_Missed,2,-0.31940944929318854,-0.19312049293002628,0.509090909090909,0.06844055184503937,0.1324210050284348,0.9645578592947013,0.16666666666666666,0.5348837209302326,0.1372868217054264,0.6301369863013698,0.09997056666382088,0.16396527791456486,0.9835294117647059,0.16666666666666666,0.7101449275362319,0.14392307692307693,0.5417299898682876,-0.09437317032065833,0.09064783320344097,1.7924528301886793,0.0,0.4444444444444444,-0.2588899341486359,2.9811261211646287,4.325505750776434,0.050735667174023336,0.11839357360173441,-0.16034651678765643,0.2622,8.17,0.1871
CUST00954,50.0,213774.73,172158.4,794.0,48,44.99,2023-11-09,0,Male,Graduate,Unemployed,3,8.55,5.0,5.9,0,2023,11,9,Thursday,2.0,1,False,False,False,True,False,False,True,False,False,Low,1,High_Missed,2,-0.6910535561202255,0.48237144583699,0.5818181818181818,0.01955572822736453,0.23800189183385378,0.8582314371788056,0.5,0.5116279069767442,0.3410077519379845,0.684931506849315,0.05274032259673893,0.26570735312558963,0.9341176470588235,0.5,0.6956521739130435,0.3460769230769231,0.8274442755825733,-0.6850089297800354,0.9103021126098593,1.3962264150943395,1.0,0.3333333333333333,0.7300094073377236,3.8284239815518326,6.707458535093601,0.021743857360295715,0.8645688972260563,-1.537534265544023,0.8053,8.0,0.4499
CUST00955,44.0,326643.81,60828.93,572.0,48,10.49,2023-10-06,0,Female,Graduate,Unemployed,3,8.55,5.0,5.9,0,2023,10,6,Friday,2.0,0,False,False,False,True,False,False,False,True,False,Mid-Low,0,High_Missed,2,-0.4719403966411572,-0.6584169001949003,0.47272727272727266,0.04837714085487796,0.05969414555462402,0.2962203488519277,0.5,0.5116279069767442,0.07356589147286821,0.6027397260273972,0.08058623165435828,0.0938826916593194,0.6729411764705883,0.5,0.6956521739130435,0.08069230769230769,0.39887284701114467,-0.336783127247148,-0.47395134188549837,-0.6981132075471698,1.0,0.3333333333333333,-0.568203198494826,2.4414770918606643,3.2388269481403293,0.08703220191470844,-0.8107108933853724,-0.5892837097534569,0.1862,8.0,0.1049
CUST00956,45.0,362028.45,68576.13,662.0,39,37.3,2021-06-23,0,Female,Post-Graduate,Self-Employed,1,8.75,5.2,6.1,0,2021,6,23,Wednesday,3.0,0,False,True,False,False,True,False,False,False,False,Mid-Low,0,Med_Missed,0,-0.4032480650705498,-0.5790316711591539,0.49090909090909085,0.057412700550376644,0.07210223275718099,0.5240626819574188,0.16666666666666666,0.3023255813953488,0.28139534883720924,0.6164383561643836,0.08931596939543494,0.10583963367396736,0.7788235294117647,0.16666666666666666,0.5652173913043478,0.2869230769230769,0.4703014184397161,-0.22761377226226362,-0.3776238522938705,0.1509433962264151,0.0,-0.6666666666666666,0.44063969896519284,3.6454498961866,6.107372593840988,0.026109660574412535,-0.6046126559042893,-0.38041747358955247,0.1894,6.5,0.373
CUST00957,44.0,363433.29,129673.19,533.0,45,37.48,2024-08-19,1,Female,Post-Graduate,Self-Employed,0,8.4,4.8,5.4,0,2024,8,19,Monday,3.0,0,False,False,True,False,True,False,False,False,False,Mid-Low,0,Low_Missed,1,-0.4005208440197308,0.04702730518207155,0.47272727272727266,0.05777143009185634,0.16995663800034688,0.1974886711728816,0.0,0.4418604651162792,0.28279069767441856,0.6027397260273972,0.0896625572021266,0.2001361541827275,0.6270588235294118,0.0,0.6521739130434783,0.28830769230769226,0.39887284701114467,-0.22327953354577643,0.38204756592549344,-1.0660377358490567,-0.5,0.0,0.4474129821260583,3.6501386257975055,6.1220911460055865,0.02598752598752599,0.4328281237150196,-0.3727039533144939,0.3568,7.5,0.3748
CUST00958,48.0,477319.21,131632.73,545.0,44,24.06,2021-07-18,1,Male,Graduate,Salaried,1,9.1,5.6,7.2,0,2021,7,18,Sunday,2.0,1,True,False,False,False,False,False,False,True,False,Mid-High,0,Med_Missed,1,-0.17943368931464757,0.06710662825424049,0.5454545454545454,0.08685249545345923,0.17309508068891805,0.22786764892028044,0.16666666666666666,0.4186046511627908,0.1787596899224806,0.6575342465753424,0.11775933066092785,0.20316048634859174,0.6411764705882353,0.16666666666666666,0.6376811594202898,0.18507692307692306,0.6845871327254304,0.12808344282646145,0.4064121839751603,-0.9528301886792453,0.0,-0.1111111111111111,-0.05757290686735659,3.221272949467922,4.905099387372289,0.03990422984836393,0.4561221607464675,0.14381853782183318,0.2758,7.33,0.2406
CUST00959,18.0,317810.5,23557.8763,554.0,38,46.06,2015-04-20,1,Male,Graduate,Self-Employed,0,9.1,5.6,7.2,0,2015,4,20,Monday,2.0,1,True,False,False,False,False,True,False,False,False,Low,0,Low_Missed,0,-0.48908853378162165,-1.0403318029182202,0.0,0.0461215322118666,0.0,0.25065188223082946,0.0,0.2790697674418605,0.34930232558139535,0.2465753424657534,0.07840696744012211,0.036358963355450906,0.6517647058823529,0.0,0.5507246376811594,0.3543076923076923,-1.4582700101317125,-0.3640358209323608,-0.9373738735557469,-0.8679245283018868,-0.5,-0.7777777777777778,0.7702728127939795,3.8514233832992164,6.786751800382861,0.021249468763280918,-2.573538266726492,-0.646286218432977,0.0741,6.33,0.4606
CUST00960,21.0,926267.32,330791.59,632.0,53,11.47,2024-11-11,1,Male,Secondary,Salaried,4,8.4,4.8,5.4,0,2024,11,11,Monday,1.0,1,False,False,True,False,True,False,False,False,False,High,0,High_Missed,2,0.6921109252445945,2.107878999639794,0.05454545454545451,0.20149256097585283,0.49207232434363635,0.4481152375889217,0.6666666666666666,0.627906976744186,0.08116279069767442,0.2876712328767123,0.2285192326876839,0.5105400480900454,0.7435294117647059,0.6666666666666666,0.7681159420289855,0.08823076923076924,-1.2439842958459981,1.513186572048149,2.882722723748298,-0.1320754716981132,1.5,0.8888888888888888,-0.5313264346190029,2.523325759691945,3.38673884437522,0.08019246190858059,1.7948052786846591,1.2058870888792699,0.3571,8.83,0.1147
CUST00961,30.0,564729.6,135554.91,635.0,46,52.61,2023-11-05,1,Male,Graduate,Salaried,1,8.75,5.2,6.1,0,2023,11,5,Sunday,2.0,1,False,True,False,False,True,False,False,False,False,Mid-High,0,Med_Missed,1,-0.009743578221356639,0.10729703996678482,0.21818181818181814,0.10917296548937935,0.17937693109475816,0.4557099820257715,0.16666666666666666,0.4651162790697674,0.4000775193798449,0.410958904109589,0.1393243311963361,0.20921393518572154,0.7470588235294118,0.16666666666666666,0.6666666666666666,0.4046923076923077,-0.6011271529888553,0.397763617480695,0.4551799649962376,-0.10377358490566038,0.0,0.1111111111111111,1.0167450611476954,3.9817356178394463,7.2532751223154355,0.018653236336504384,0.501577531021724,0.4378746293597303,0.24,7.67,0.5261
CUST00962,37.0,295505.65,149964.1,670.0,54,4.13,2019-11-18,0,Male,Secondary,Unemployed,0,8.75,5.2,6.1,0,2019,11,18,Monday,1.0,1,False,True,False,False,False,False,True,False,False,Low,0,Low_Missed,2,-0.5323890209939449,0.2549473973048666,0.34545454545454546,0.04042593085279826,0.20245500911497344,0.5443153337890179,0.0,0.6511627906976745,0.02426356589147287,0.5068493150684932,0.07290414217882078,0.23145291821288555,0.788235294117647,0.0,0.782608695652174,0.03176923076923077,-0.10112715298885533,-0.43285116249114436,0.6343416104615395,0.22641509433962265,-0.5,1.0,-0.8075258701787396,1.6351056591826783,2.0322401432901573,0.19493177387914232,0.6565080960817267,-0.8003693551107611,0.5075,9.0,0.0413
CUST00963,42.0,463821.82,90569.77,703.0,40,10.43,2019-06-11,0,Male,Graduate,Self-Employed,1,8.55,5.0,5.9,0,2019,6,11,Tuesday,2.0,1,False,False,False,True,True,False,False,False,False,Mid-High,1,Med_Missed,1,-0.20563622208643223,-0.3536637771161765,0.4363636363636363,0.08340590187278617,0.10732773397331648,0.6278575225943646,0.16666666666666666,0.32558139534883723,0.07310077519379844,0.5753424657534246,0.1144293921653255,0.139784372182208,0.8270588235294117,0.16666666666666666,0.5797101449275363,0.08023076923076923,0.2560157041540018,0.08644104204806072,-0.10415832562849361,0.5377358490566038,0.0,-0.5555555555555556,-0.5704609595484479,2.4362414778067194,3.2295510523910287,0.08748906386701663,-0.1398735556543697,0.09184048431608649,0.1953,6.67,0.1043
CUST00964,42.0,470714.8,32428.34,623.0,46,4.25,2025-04-15,1,Male,Secondary,Salaried,1,8.4,4.8,5.4,0,2025,4,15,Tuesday,1.0,1,False,False,True,False,False,False,False,True,False,Mid-High,0,Med_Missed,1,-0.19225485470020012,-0.9494365385029768,0.4363636363636363,0.08516604221248945,0.014207131236668225,0.42533100427837267,0.16666666666666666,0.4651162790697674,0.025193798449612406,0.5753424657534246,0.1161299579377761,0.05004953802809902,0.7329411764705882,0.16666666666666666,0.6666666666666666,0.032692307692307694,0.2560157041540018,0.10770739322539942,-0.8270798964111448,-0.2169811320754717,0.0,0.1111111111111111,-0.8030103480714958,1.6582280766035324,2.0615528128088303,0.19047619047619047,-1.9525378602474732,0.11863903521314739,0.0689,7.67,0.0425
CUST00965,50.0,812085.36,147980.12,653.0,43,12.07,2019-11-23,0,Female,Graduate,Self-Employed,0,8.55,5.0,5.9,0,2019,11,23,Saturday,2.0,0,False,False,False,True,False,False,False,True,False,High,0,Low_Missed,1,0.47044906700040057,0.23461763859173915,0.5818181818181818,0.17233590103162158,0.19927742278079735,0.5012784486468695,0.0,0.39534883720930236,0.08581395348837209,0.684931506849315,0.20034942325731794,0.22839086562379254,0.768235294117647,0.0,0.6231884057971014,0.09284615384615384,0.8274442755825733,1.1609102475155308,0.6096731092223823,0.0660377358490566,-0.5,-0.2222222222222222,-0.5087488240827847,2.570319527636131,3.4741905532080417,0.07651109410864575,0.636211554711698,1.0149708118205798,0.1822,7.17,0.1207
CUST00966,51.0,327685.24,70325.32,562.0,38,37.97,2019-04-12,1,Male,Primary,Salaried,0,8.4,4.8,5.4,0,2019,4,12,Friday,0.0,1,False,False,True,False,True,False,False,False,False,Mid-Low,0,Low_Missed,0,-0.46991866475784355,-0.5611077955941707,0.6,0.04864307270931206,0.07490377422427111,0.27090453406242876,0.0,0.2790697674418605,0.28658914728682167,0.6986301369863014,0.08084316264971925,0.10853931399751678,0.6611764705882353,0.0,0.5507246376811594,0.29207692307692307,0.8988728470111447,-0.33357008787859976,-0.35587469369221064,-0.7924528301886793,-0.5,-0.7777777777777778,0.46585136406396993,3.662792119350618,6.161980201201558,0.025660764690787787,-0.5617611298901026,-0.5827017635115663,0.2146,6.33,0.3797
CUST00967,28.0,649312.47,136811.46,542.0,44,31.19,2023-06-02,1,Female,Secondary,Salaried,1,8.55,5.0,5.9,0,2023,6,2,Friday,1.0,0,False,False,False,True,True,False,False,False,False,High,0,Med_Missed,1,0.15445745791278476,0.1201728543958516,0.18181818181818177,0.1307714209520209,0.18138944942065305,0.22027290448343084,0.16666666666666666,0.4186046511627908,0.23403100775193797,0.3835616438356164,0.16019175481538608,0.21115328043155301,0.6376470588235295,0.16666666666666666,0.6376811594202898,0.23992307692307693,-0.7439842958459982,0.6587202743993559,0.4708037138405115,-0.9811320754716981,0.0,-0.1111111111111111,0.21072436500470376,3.4716558453107167,5.584800802177281,0.03106554830692762,0.5158225662214102,0.6686511540852264,0.2107,7.33,0.3119
CUST00968,41.0,451769.44,86570.93,530.0,38,27.77,2018-10-11,0,Male,Secondary,Salaried,1,8.75,5.2,6.1,0,2018,10,11,Thursday,1.0,1,False,True,False,False,True,False,False,False,False,Mid-High,0,Med_Missed,0,-0.22903355163888658,-0.39463972058959984,0.4181818181818181,0.08032829534738886,0.10092310321264512,0.189893926736032,0.16666666666666666,0.2790697674418605,0.20751937984496122,0.5616438356164384,0.11145595180940276,0.1336126071566691,0.6235294117647059,0.16666666666666666,0.5507246376811594,0.21361538461538462,0.1845871327254304,0.04925681322355605,-0.15387928526275965,-1.0943396226415094,0.0,-0.7777777777777778,0.08203198494825964,3.3593331775634567,5.2697248505021586,0.03475842891901286,-0.21405300467837668,0.04365340958843224,0.1916,6.33,0.2777
CUST00969,29.0,319918.26,113871.24,702.0,47,11.9,2019-08-23,1,Male,Graduate,Salaried,1,8.75,5.2,6.1,1,2019,8,23,Friday,2.0,1,False,True,False,False,False,False,False,True,False,Low,1,Med_Missed,1,-0.484996731553557,-0.1148946046642488,0.19999999999999996,0.04665975420038433,0.14464788469974216,0.6253259411154146,0.16666666666666666,0.4883720930232558,0.08449612403100776,0.3972602739726027,0.07892697250506361,0.17574760091595162,0.8258823529411765,0.16666666666666666,0.6811594202898551,0.09153846153846154,-0.6725557244174267,-0.3575329202482521,0.18556855748987516,0.5283018867924528,0.0,0.2222222222222222,-0.5151458137347131,2.5572273113676265,3.449637662132068,0.07751937984496124,0.22887981157156215,-0.6324899526753878,0.3559,7.83,0.119
CUST00970,36.0,843610.12,62006.98,623.0,52,22.64,2023-12-17,0,Male,Graduate,Salaried,1,8.55,5.0,5.9,0,2023,12,17,Sunday,2.0,1,False,False,False,True,False,False,True,False,False,High,0,Med_Missed,2,0.5316481993528513,-0.6463454719284865,0.32727272727272727,0.18038583034745662,0.06158093654091226,0.42533100427837267,0.16666666666666666,0.6046511627906976,0.1677519379844961,0.4931506849315068,0.208126890744634,0.09570088088127779,0.7329411764705882,0.16666666666666666,0.7536231884057971,0.17415384615384616,-0.17255572441742675,1.2581710283304066,-0.4593036499305446,-0.2169811320754717,0.0,0.7777777777777778,-0.11100658513640639,3.1629401925378975,4.758150901348127,0.04230118443316413,-0.7774938555454631,1.071181214181818,0.0735,8.67,0.2264
CUST00971,42.0,488204.5,165815.89,500.0,62,52.98,2017-07-26,1,Male,Primary,Salaried,0,8.55,5.0,5.9,0,2017,7,26,Wednesday,0.0,1,False,False,False,True,True,False,False,False,False,Mid-High,0,Low_Missed,3,-0.15830203586495256,0.41738001551229065,0.4363636363636363,0.089632082517163,0.22784358726406223,0.11394648236753491,0.0,0.8372093023255813,0.40294573643410847,0.5753424657534246,0.12044483846701445,0.2559183939794046,0.5882352941176471,0.0,0.8985507246376812,0.4075384615384615,0.2560157041540018,0.16166694369360066,0.8314403217680335,-1.3773584905660377,-0.5,1.8888888888888888,1.0306679209783631,3.9886136075898584,7.2787361540311375,0.018525379770285292,0.8083921693400563,0.1842992856098264,0.3396,10.33,0.5298
CUST00972,18.0,388038.05,48386.33,645.0,60,12.36,2015-02-18,1,Male,Post-Graduate,Salaried,1,8.4,4.8,5.4,0,2015,2,18,Wednesday,3.0,1,False,False,True,False,False,False,False,True,False,Mid-Low,0,Med_Missed,3,-0.35275553307873436,-0.7859156934105368,0.0,0.06405431944083427,0.039765801659212105,0.48102579681527047,0.16666666666666666,0.7906976744186047,0.08806201550387596,0.2465753424657534,0.0957327928179795,0.07467892168933558,0.7588235294117647,0.16666666666666666,0.8695652173913043,0.09507692307692307,-1.4582700101317125,-0.1473684665190133,-0.6286607106887805,-0.009433962264150943,0.0,1.6666666666666667,-0.49783631232361253,2.5922651681085,3.515679166249389,0.07485029940119761,-1.2141828432344268,-0.24386737202801695,0.1247,10.0,0.1236
CUST00973,65.0,4053345.1346999966,379777.81,550.0,48,12.87,2018-11-13,1,Male,Post-Graduate,Salaried,1,8.4,4.8,5.4,0,2018,11,13,Tuesday,3.0,1,False,False,True,False,False,False,True,False,False,High,0,Med_Missed,2,6.762718570100179,2.6098387133809466,0.8545454545454544,1.0,0.570529739859389,0.24052555631502992,0.16666666666666666,0.5116279069767442,0.09201550387596899,0.8904109589041096,1.0,0.5861448333100975,0.6470588235294118,0.16666666666666666,0.6956521739130435,0.09899999999999999,1.8988728470111447,11.16090569589229,3.491809825821716,-0.9056603773584906,0.0,0.3333333333333333,-0.478645343367827,2.6297282343267403,3.5874782229304194,0.07209805335255949,1.9805382282282986,2.824666099397965,0.0937,8.0,0.1287
CUST00974,44.0,404244.43,378045.25,783.0,33,13.36,2016-12-23,0,Female,Secondary,Unemployed,0,8.4,4.8,5.4,0,2016,12,23,Friday,1.0,0,False,False,True,False,False,False,True,False,False,Mid-Low,1,Low_Missed,0,-0.3212940280720631,2.592085244718956,0.47272727272727266,0.06819266065153858,0.5677548333688296,0.8303840409103567,0.0,0.16279069767441867,0.09581395348837209,0.6027397260273972,0.09973106571639616,0.5834708195429431,0.9211764705882353,0.0,0.4782608695652174,0.10276923076923077,0.39887284701114467,-0.09736823898413008,3.4702674420744435,1.2924528301886793,-0.5,-1.3333333333333333,-0.4602069614299154,2.664446563620078,3.655133376499413,0.06963788300835655,1.9744475626528597,-0.16493724343061794,0.9352,5.5,0.1336
CUST00975,31.0,1024949.14,262923.86,604.0,40,26.67,2019-02-27,1,Male,Graduate,Self-Employed,0,8.4,4.8,5.4,0,2019,2,27,Wednesday,2.0,1,False,False,True,False,False,False,False,True,False,High,0,Low_Missed,1,0.8836823047875545,1.4124412556566512,0.23636363636363633,0.22669121992703778,0.38337386398639867,0.3772309561783245,0.0,0.32558139534883723,0.19899224806201554,0.4246575342465753,0.2528650055544457,0.4057937510697305,0.7105882352941176,0.0,0.5797101449275363,0.20515384615384616,-0.5296985815602839,1.8176415739397738,2.0388658393019936,-0.39622641509433965,-0.5,-0.5555555555555556,0.04063969896519293,3.3203487937988347,5.164300533470143,0.03614022406938923,1.4776678638491036,1.3467122914359733,0.2565,6.67,0.2667
CUST00976,59.0,460116.52,212200.61,705.0,49,35.57,2015-10-29,0,Male,Secondary,Self-Employed,2,8.75,5.2,6.1,0,2015,10,29,Thursday,1.0,1,False,True,False,False,False,True,False,False,False,Mid-High,1,High_Missed,2,-0.212829334582944,0.892682269353545,0.7454545454545455,0.08245974389746888,0.3021343827290286,0.6329206855522644,0.3333333333333333,0.5348837209302326,0.26798449612403097,0.8082191780821918,0.11351525831368786,0.32750805313441295,0.8294117647058824,0.3333333333333333,0.7101449275362319,0.2736153846153846,1.470301418439716,0.07500938099327845,1.4081807741909174,0.5566037735849056,0.5,0.4444444444444444,0.375540921919097,3.59922823216129,5.964059020499378,0.027344818156959255,1.1720223770706422,0.0772095724560836,0.4612,8.17,0.3557
CUST00977,34.0,361196.96,93832.92,737.0,41,41.56,2021-10-10,0,Male,Secondary,Salaried,1,8.55,5.0,5.9,0,2021,10,10,Sunday,1.0,1,False,False,False,True,False,False,False,True,False,Mid-Low,1,Med_Missed,1,-0.40486223966092694,-0.3202264177956484,0.2909090909090909,0.05720037742002375,0.11255406732666008,0.7139312928786612,0.16666666666666666,0.34883720930232565,0.3144186046511628,0.4657534246575342,0.08911083265716863,0.14482068147267402,0.8670588235294118,0.16666666666666666,0.5942028985507246,0.3196923076923077,-0.31541286727456963,-0.23017910080528062,-0.06358482195478962,0.8584905660377359,0.0,-0.4444444444444444,0.6009407337723426,3.750914845033389,6.446704584514479,0.023496240601503758,-0.08206575219808346,-0.3850021651936165,0.2598,6.83,0.4156
CUST00978,39.0,351579.96,198774.84,850.0,50,18.67,2020-11-19,0,Male,Graduate,Self-Employed,3,8.75,5.2,6.1,0,2020,11,19,Thursday,2.0,1,False,True,False,False,False,False,False,False,True,Mid-Low,1,High_Missed,2,-0.4235317570762385,0.7551089749463717,0.38181818181818183,0.05474465150076582,0.2806313719739851,1.0,0.5,0.558139534883721,0.13697674418604655,0.5342465753424658,0.08673822443348925,0.30678686955944395,1.0,0.5,0.7246376811594203,0.14361538461538462,0.04172998986828753,-0.2598496495769972,1.2412468212873409,1.9245283018867925,1.0,0.5555555555555556,-0.2603951081843838,2.979094632400968,4.32087954009366,0.05083884087442806,1.076922262555581,-0.4390963642844269,0.5654,8.33,0.1867
CUST00979,33.0,241224.23,93180.53,656.0,44,17.27,2018-02-17,1,Male,Primary,Self-Employed,2,9.1,5.6,7.2,0,2018,2,17,Saturday,0.0,1,True,False,False,False,False,False,False,True,False,Low,0,High_Missed,1,-0.6377657409708446,-0.3269114303899574,0.2727272727272727,0.026565029321330473,0.11150918504530992,0.5088731930837194,0.3333333333333333,0.4186046511627908,0.12612403100775194,0.4520547945205479,0.059512383471844156,0.1438137900279022,0.7717647058823529,0.3333333333333333,0.6376811594202898,0.13284615384615384,-0.386841438703141,-0.6003212175507295,-0.07169653856655671,0.09433962264150944,0.5,-0.1111111111111111,-0.3130761994355598,2.9052603703899154,4.15571895103603,0.05473453749315818,-0.09343723704561469,-1.2522943441769674,0.3863,7.33,0.1727
CUST00980,56.0,584364.12,38866.56,694.0,29,14.7,2022-03-21,0,Male,Post-Graduate,Salaried,0,8.75,5.2,6.1,0,2022,3,21,Monday,3.0,1,False,True,False,False,False,False,False,True,False,Mid-High,0,Low_Missed,0,0.02837298755604634,-0.8834643718772897,0.6909090909090908,0.11418669114979199,0.02451872706345032,0.6050732892838155,0.0,0.06976744186046513,0.10620155038759689,0.7671232876712328,0.14416835985600102,0.059986214920078926,0.8164705882352942,0.0,0.42028985507246375,0.11307692307692307,1.2560157041540019,0.4583404068400841,-0.7470280621950912,0.4528301886792453,-0.5,-1.7777777777777777,-0.40978363123236133,2.7536607123542622,3.8340579025361627,0.06369426751592357,-1.6131161165748789,0.4954736799890048,0.0665,4.83,0.147
CUST00981,37.0,293606.11,243268.45,659.0,42,33.97,2016-08-29,1,Other,Post-Graduate,Salaried,3,8.75,5.2,6.1,0,2016,8,29,Monday,3.0,2,False,True,False,False,False,False,False,True,False,Low,0,High_Missed,1,-0.5360766049713892,1.2110331050162266,0.34545454545454546,0.03994087838189597,0.35189332375482985,0.516467937520569,0.5,0.37209302325581395,0.25558139534883717,0.5068493150684932,0.07243550703010414,0.3754578106468511,0.7752941176470588,0.5,0.6086956521739131,0.2613076923076923,-0.10112715298885533,-0.4387116589259814,1.7944735037234396,0.12264150943396226,1.0,-0.3333333333333333,0.31533396048918155,3.5544905510752844,5.8283788483591215,0.028595939376608523,1.3679565472787014,-0.8142221333715537,0.8286,7.0,0.3397
CUST00982,40.0,766104.7,194326.43,679.0,40,5.51,2015-02-13,0,Female,Graduate,Salaried,2,9.1,5.6,7.2,0,2015,2,13,Friday,2.0,0,True,False,False,False,False,False,False,True,False,High,0,High_Missed,1,0.3811866428933482,0.7095263067959555,0.4,0.1605946201179701,0.27350669993857535,0.5670995670995671,0.3333333333333333,0.32558139534883723,0.03496124031007752,0.547945205479452,0.18900554345631915,0.2999212432134893,0.7988235294117647,0.3333333333333333,0.5797101449275363,0.04238461538461538,0.11315856129685896,1.0190498528929128,1.1859359776310143,0.3113207547169811,0.5,-0.5555555555555556,-0.7555973659454375,1.873339456220478,2.3473389188611002,0.15360983102918588,1.0437804573795821,0.9274244369639595,0.2537,6.67,0.0551
CUST00983,51.0,231777.35,96876.92,544.0,44,20.73,2020-06-24,1,Female,Graduate,Salaried,1,8.4,4.8,5.4,0,2020,6,24,Wednesday,2.0,0,False,False,True,False,False,False,False,True,False,Low,0,Med_Missed,1,-0.6561050038054458,-0.289034679208183,0.6,0.024152743985766438,0.11742940518350946,0.2253360674413305,0.16666666666666666,0.4186046511627908,0.15294573643410853,0.6986301369863014,0.05718174552070428,0.14951875709904075,0.64,0.16666666666666666,0.6376811594202898,0.15946153846153846,0.8988728470111447,-0.6294669089077592,-0.025736195571462114,-0.9622641509433962,0.0,-0.1111111111111111,-0.18287864534336784,3.078693794268338,4.553020975132884,0.046019328117809476,-0.03017720475345109,-1.3452409103161924,0.418,7.33,0.2073
CUST00984,44.0,471474.7,47329.52,694.0,39,20.84,2016-11-08,0,Male,Graduate,Salaried,1,9.1,5.6,7.2,0,2016,11,8,Tuesday,2.0,1,True,False,False,False,False,False,True,False,False,Mid-High,0,Med_Missed,0,-0.19077965803971392,-0.7967447805513448,0.47272727272727266,0.08536008465046846,0.03807319134367433,0.6050732892838155,0.16666666666666666,0.3023255813953488,0.15379844961240308,0.6027397260273972,0.11631743272088663,0.0730478529302355,0.8164705882352942,0.16666666666666666,0.5652173913043478,0.16030769230769232,0.39887284701114467,0.11005185095770971,-0.6418009231881775,0.4528301886792453,0.0,-0.6666666666666666,-0.17873941674506116,3.083743150876704,4.565084884205331,0.045787545787545784,-1.2538257133724007,0.12156062768771236,0.1004,6.5,0.2084
CUST00985,37.0,786314.31,69444.25,611.0,38,37.86,2024-11-02,1,Male,Post-Graduate,Salaried,1,8.75,5.2,6.1,0,2024,11,2,Saturday,3.0,1,False,True,False,False,False,False,False,True,False,High,0,Med_Missed,0,0.42041963299958274,-0.5701360824263844,0.34545454545454546,0.16575519650302722,0.0734926329872362,0.39495202653097383,0.16666666666666666,0.2790697674418605,0.2857364341085271,0.5068493150684932,0.19399145245947533,0.10717948039300858,0.7188235294117648,0.16666666666666666,0.5507246376811594,0.29123076923076924,-0.10112715298885533,1.081400920706407,-0.36682978214410245,-0.330188679245283,0.0,-0.7777777777777778,0.46171213546566325,3.659965443949294,6.153048025166064,0.02573340195573855,-0.5831911484013269,0.9667622453898722,0.0883,6.33,0.3786
CUST00986,50.0,150825.15,33100.8,678.0,44,7.3,2018-06-24,1,Female,Secondary,Salaried,2,8.55,5.0,5.9,0,2018,6,24,Sunday,1.0,0,False,False,False,True,False,False,False,True,False,Low,0,High_Missed,1,-0.8132578069361297,-0.9425458694719232,0.5818181818181818,0.0034813895341753304,0.015284158074781541,0.5645679856206172,0.3333333333333333,0.4186046511627908,0.04883720930232558,0.684931506849315,0.03721004380031979,0.05108740528687254,0.7976470588235294,0.3333333333333333,0.6376811594202898,0.05615384615384615,0.8274442755825733,-0.8792221546473612,-0.8187186325157004,0.3018867924528302,0.5,-0.1111111111111111,-0.6882408278457197,2.1162555148025524,2.701851217221259,0.12048192771084336,-1.9136233872477375,-2.434972759132577,0.2195,7.33,0.073
CUST00987,66.0,1213637.7,174041.41,724.0,54,39.97,2019-12-06,0,Male,Primary,Self-Employed,0,9.1,5.6,7.2,0,2019,12,6,Friday,0.0,1,True,False,False,False,False,False,False,True,False,High,1,Low_Missed,2,1.2499840992130582,0.5016665692527533,0.8727272727272727,0.2748733336277193,0.24101776237847466,0.6810207336523124,0.0,0.6511627906976745,0.30209302325581394,0.9041095890410958,0.29941632396665524,0.26861356974359385,0.851764705882353,0.0,0.782608695652174,0.30746153846153845,1.970301418439716,2.399787058201494,0.9337151684462818,0.7358490566037735,-0.5,1.0,0.5411100658513641,3.7128400915587796,6.322183167229498,0.0244081034903588,0.8807922799343176,1.570538222774877,0.1434,9.0,0.3997
CUST00988,38.415780141843975,357666.91,37722.6,704.0,45,32.48,2018-05-20,0,Male,Graduate,Salaried,1,8.55,5.0,5.9,0,2018,5,20,Sunday,2.0,1,False,False,False,True,False,True,False,False,False,Mid-Low,1,Med_Missed,1,-0.4117151386888901,-0.8951864813630047,0.37119600257898133,0.0562989699872197,0.022686535376616745,0.6303891040733145,0.16666666666666666,0.4418604651162792,0.24403100775193792,0.5262435635869037,0.08823993469938558,0.0582206398236471,0.8282352941176471,0.16666666666666666,0.6521739130434783,0.24984615384615383,0.0,-0.24107007727316035,-0.7612518843493197,0.5471698113207547,0.0,0.0,0.25926622765757285,3.5109482456212744,5.699122739510003,0.029868578255675033,-1.6684990171127911,-0.4046276577892004,0.1055,7.5,0.3248
CUST00989,38.415780141843975,474751.93,117254.08,678.0,49,75.66,2019-12-26,1,Male,Secondary,Salaried,1,8.75,5.2,6.1,0,2019,12,26,Thursday,1.0,1,False,True,False,False,False,False,False,True,False,Mid-High,0,Med_Missed,2,-0.1844175594061503,-0.08023078700221811,0.37119600257898133,0.08619693383985909,0.15006591620948728,0.5645679856206172,0.16666666666666666,0.5348837209302326,0.5787596899224806,0.5262435635869037,0.11712595750500733,0.1809686384165753,0.7976470588235294,0.16666666666666666,0.7101449275362319,0.582,0.0,0.12016282241982182,0.22763026815826398,0.3018867924528302,0.0,0.4444444444444444,1.884101599247413,4.339380059952409,8.698275691193054,0.013044612575006522,0.27515930996293,0.13408746167630814,0.247,8.17,0.7566
CUST00990,40.0,588730.98,59503.12,701.0,49,66.25,2016-02-12,1,Female,Secondary,Self-Employed,1,8.4,4.8,5.4,0,2016,2,12,Friday,1.0,0,False,False,True,False,False,False,True,False,False,Mid-High,1,Med_Missed,2,0.03685038890992254,-0.6720024188994496,0.4,0.11530178018876158,0.057570698877886364,0.6227943596364649,0.16666666666666666,0.5348837209302326,0.5058139534883721,0.547945205479452,0.14524570704822898,0.09183645130248849,0.8247058823529412,0.16666666666666666,0.7101449275362319,0.5096153846153846,0.11315856129685896,0.47181312521475993,-0.49043625888460457,0.5188679245283019,0.0,0.4444444444444444,1.5300094073377235,4.208417018481948,8.139410298049853,0.01486988847583643,-0.848986101954484,0.5079262915863634,0.1011,8.17,0.6625
CUST00991,52.0,636070.4,41939.27,705.0,43,50.41,2025-09-25,0,Female,Primary,Salaried,1,8.4,4.8,5.4,0,2025,9,25,Thursday,0.0,0,False,False,True,False,True,False,False,False,False,Mid-High,1,Med_Missed,1,0.12875057879458007,-0.8519784431404005,0.6181818181818182,0.1273900239962522,0.029440047492530347,0.6329206855522644,0.16666666666666666,0.39534883720930236,0.38302325581395347,0.7123287671232876,0.15692480626796612,0.0647286012400176,0.8294117647058824,0.16666666666666666,0.6231884057971014,0.38776923076923075,0.9703014184397161,0.6178655916736115,-0.7088224601010327,0.5566037735849056,0.0,-0.2222222222222222,0.9339604891815616,3.9398327060674134,7.1,0.019451468585878234,-1.4731342541579373,0.6353124843316605,0.0659,7.17,0.5041
CUST00992,31.0,507342.69,113892.81,770.0,52,2.93,2016-12-26,0,Female,Graduate,Salaried,0,8.4,4.8,5.4,0,2016,12,26,Monday,2.0,0,False,False,True,False,True,False,False,False,False,Mid-High,1,Low_Missed,2,-0.12114899733916047,-0.11467357779127528,0.23636363636363633,0.09451906902342097,0.14468243168974615,0.7974734816840079,0.0,0.6046511627906976,0.01496124031007752,0.4246575342465753,0.12516641764766728,0.17578089181321205,0.9058823529411765,0.0,0.7536231884057971,0.02253846153846154,-0.5296985815602839,0.22071244642806861,0.18583675554213802,1.169811320754717,-0.5,0.7777777777777778,-0.8526810912511761,1.3686394258811698,1.711724276862369,0.2544529262086514,0.229179865394822,0.25257026344783273,0.2245,8.67,0.0293
CUST00993,35.0,728463.13,80799.04,647.0,38,8.02,2019-07-19,1,Female,Secondary,Salaried,1,8.4,4.8,5.4,0,2019,7,19,Friday,1.0,0,False,False,True,False,False,False,False,True,False,High,0,Med_Missed,0,0.30811292482589786,-0.4537840320336228,0.3090909090909091,0.15098274748715368,0.0916787162801319,0.4860889597731701,0.16666666666666666,0.2790697674418605,0.054418604651162786,0.4794520547945205,0.1797189989482394,0.12470433654987871,0.7611764705882353,0.16666666666666666,0.5507246376811594,0.06169230769230769,-0.24398429584599818,0.9029173751421609,-0.2256460750576559,0.009433962264150943,0.0,-0.7777777777777778,-0.6611476952022579,2.199444334074532,2.831960451701259,0.11086474501108648,-0.3283362973194353,0.8502429696541485,0.1109,6.33,0.0802
CUST00994,21.0,573512.7,163229.66,663.0,37,46.19,2024-09-25,0,Male,Secondary,Salaried,2,8.75,5.2,6.1,0,2024,9,25,Wednesday,1.0,1,False,True,False,False,True,False,False,False,False,Mid-High,0,High_Missed,0,0.007307086061727792,0.39087902665320357,0.05454545454545451,0.11141575287852715,0.22370142398366816,0.5265942634363687,0.3333333333333333,0.2558139534883721,0.3503100775193798,0.2876712328767123,0.14149120811111185,0.2519268354619347,0.78,0.3333333333333333,0.5362318840579711,0.35530769230769227,-1.2439842958459981,0.4248614023321937,0.7992835369417018,0.16037735849056603,0.5,-0.8888888888888888,0.77516462841016,3.8541820057382963,6.796322535018478,0.021190930281839375,0.7847756800459315,0.4639725716315664,0.2846,6.17,0.4619
CUST00995,25.0,1067084.34,46140.06,725.0,47,20.33,2019-11-26,0,Female,Primary,Salaried,0,8.4,4.8,5.4,0,2019,11,26,Tuesday,0.0,0,False,False,True,False,True,False,False,False,False,High,1,Low_Missed,1,0.965479523275403,-0.8089331266026741,0.12727272727272726,0.23745055264546522,0.03616812584853371,0.6835523151312624,0.0,0.4883720930232558,0.14984496124031005,0.3424657534246575,0.2632601726571155,0.07121205364162243,0.8529411764705882,0.0,0.6811594202898551,0.15638461538461537,-0.9582700101317124,1.9476378832468377,-0.65659048532284,0.7452830188679245,-0.5,0.2222222222222222,-0.19793038570084676,3.0601145324832593,4.508880127038198,0.04688232536333802,-1.2996743095686147,1.4013294665086862,0.0432,7.83,0.2033
CUST00996,32.0,574447.38,62668.31,611.0,37,66.18,2023-01-20,1,Male,Secondary,Salaried,1,8.75,5.2,6.1,0,2023,1,20,Friday,1.0,1,False,True,False,False,False,False,False,True,False,Mid-High,0,Med_Missed,0,0.00912158377803687,-0.6395688515342525,0.2545454545454545,0.11165442584329913,0.06264013732437815,0.39495202653097383,0.16666666666666666,0.2558139534883721,0.5052713178294574,0.4383561643835616,0.14172180283446725,0.09672157022227157,0.7188235294117648,0.16666666666666666,0.5362318840579711,0.5090769230769231,-0.4582700101317125,0.4277450945985917,-0.4510807747380066,-0.330188679245283,0.0,-0.8888888888888888,1.527375352775165,4.207375584184147,8.135109095765097,0.014885382554331646,-0.7591615060893951,0.4667177743962393,0.1091,6.17,0.6618
CUST00997,37.0,1181526.45,23562.57,543.0,40,24.51,2015-10-15,1,Female,Post-Graduate,Salaried,0,8.4,4.8,5.4,0,2015,10,15,Thursday,3.0,0,False,False,True,False,False,True,False,False,False,High,0,Low_Missed,1,1.1876464116699132,-1.0402837067738682,0.34545454545454546,0.26667364256764126,7.5175339351862824e-06,0.22280448596238056,0.0,0.32558139534883723,0.18224806201550386,0.5068493150684932,0.2914941636440365,0.03636620755964521,0.6388235294117647,0.0,0.5797101449275363,0.18853846153846154,-0.10112715298885533,2.300716827438701,-0.937315512814073,-0.9716981132075472,-0.5,-0.5555555555555556,-0.040639698965192796,3.23907053215372,4.950757517794625,0.03920031360250882,-2.5731421517689688,1.5359303728383842,0.0199,6.67,0.2451
CUST00998,57.0,694216.69,26619.31,689.0,58,36.92,2018-05-28,0,Male,Secondary,Unemployed,1,8.75,5.2,6.1,0,2018,5,28,Monday,1.0,1,False,True,False,False,True,False,False,False,False,High,0,Med_Missed,3,0.24163018509496043,-1.0089614219480307,0.7090909090909091,0.1422378301168395,0.004903260057110524,0.5924153818890661,0.16666666666666666,0.7441860465116279,0.2784496124031008,0.7808219178082192,0.1712700663106453,0.0410839459598227,0.8105882352941176,0.16666666666666666,0.8405797101449275,0.28400000000000003,1.3274442755825733,0.7972596161447951,-0.8993084792362239,0.4056603773584906,0.0,1.4444444444444444,0.4263405456255881,3.6354786773868213,6.076183012385325,0.026371308016877634,-2.3327366076832345,0.77514414199577,0.0383,9.67,0.3692
CUST00999,44.0,179355.46,290371.22,634.0,50,35.05,2023-09-25,1,Other,Graduate,Unemployed,0,8.75,5.2,6.1,0,2023,9,25,Monday,2.0,2,False,True,False,False,False,True,False,False,False,Low,0,Low_Missed,2,-0.757871811364825,1.6936931866803224,0.47272727272727266,0.010766678267820295,0.427334164012211,0.45317840054682157,0.0,0.558139534883721,0.263953488372093,0.6027397260273972,0.04424875110302562,0.4481557001578097,0.7458823529411764,0.0,0.7246376811594203,0.2696153846153846,0.39887284701114467,-0.7911999071349154,2.380142079068317,-0.11320754716981132,-0.5,0.5555555555555556,0.35597365945437437,3.584906863730958,5.920304046246273,0.027739251040221916,1.61609640352177,-1.9750083717654852,1.619,8.33,0.3505
CUST01000,28.0,1632382.79,344606.67,553.0,45,24.02,2018-01-10,1,Male,Graduate,Salaried,1,9.1,5.6,7.2,0,2018,1,10,Wednesday,2.0,1,True,False,False,False,False,True,False,False,False,High,0,Med_Missed,1,2.0628954801355106,2.249441537065852,0.18181818181818177,0.3818009795749996,0.5141988626220207,0.24812030075187974,0.16666666666666666,0.4418604651162792,0.17844961240310075,0.3835616438356164,0.4027248447277409,0.5318620883739831,0.6505882352941177,0.16666666666666666,0.6521739130434783,0.18476923076923077,-0.7439842958459982,3.691707263646211,3.0544972971306166,-0.8773584905660378,0.0,0.0,-0.059078080903104443,3.219675505038765,4.901020301937138,0.039968025579536375,1.8502197125784607,1.9314602260930955,0.2111,7.5,0.2402
CUST01001,30.0,331979.32,104363.55,631.6,46,46.73,2019-10-04,0,Male,Secondary,Salaried,0,8.4,4.8,5.4,0,2019,10,4,Friday,1.0,1,False,False,True,False,False,False,True,False,False,Mid-Low,0,Low_Missed,1,-0.4615825514852282,-0.2123194998845705,0.21818181818181814,0.04973957718631811,0.12942015769968035,0.4471026049973419,0.0,0.4651162790697674,0.3544961240310077,0.410958904109589,0.08190255430211991,0.1610735382838719,0.7430588235294118,0.0,0.6666666666666666,0.35946153846153844,-0.6011271529888553,-0.3203219117249496,0.06735140683990827,-0.13584905660377336,-0.5,0.1111111111111111,0.7954844778927563,3.865560131017805,6.83593446428504,0.02095118374188142,0.08988476395312213,-0.5558609584577373,0.3144,7.67,0.4673
CUST01002,53.0,934504.77,60216.56,764.0,41,39.01,2015-12-03,0,Male,Graduate,Salaried,2,8.4,4.8,5.4,0,2015,12,3,Thursday,2.0,1,False,False,True,False,False,False,False,True,False,High,1,High_Missed,1,0.7081023171789566,-0.6646918295506186,0.6363636363636364,0.20359601522079318,0.05871336019214082,0.7822839928103085,0.3333333333333333,0.34883720930232565,0.29465116279069764,0.726027397260274,0.23055149239571632,0.09293756663589028,0.8988235294117647,0.3333333333333333,0.5942028985507246,0.3000769230769231,1.0417299898682875,1.5386009072857052,-0.48156545599139794,1.1132075471698113,0.5,-0.4444444444444444,0.5049858889934149,3.6891294228691436,6.245798587850876,0.024993751562109475,-0.8282697258188553,1.2184110941109207,0.0644,6.83,0.3901
CUST01003,50.0,448380.16,82531.11,520.0,47,8.78,2020-10-19,1,Male,Graduate,Self-Employed,0,8.4,4.8,5.4,0,2020,10,19,Monday,2.0,1,False,False,True,False,False,False,False,False,True,Mid-High,0,Low_Missed,1,-0.23561317334891754,-0.43603558438080037,0.5818181818181818,0.07946283389957534,0.09445283797583266,0.16457811194653305,0.0,0.4883720930232558,0.060310077519379834,0.684931506849315,0.110619783191294,0.12737759405650192,0.611764705882353,0.0,0.6811594202898551,0.06753846153846153,0.8274442755825733,0.038800142999889174,-0.20410978389478787,-1.1886792452830188,-0.5,0.2222222222222222,-0.6325493885230482,2.280339484046726,2.9631064780058107,0.10224948875255624,-0.29308458295630263,0.029785902863893307,0.1841,7.83,0.0878
CUST01004,38.0,752040.25,166732.25,732.0,44,92.69,2019-01-04,1,Male,Graduate,Self-Employed,1,8.55,5.0,5.9,0,2019,1,4,Friday,2.0,1,False,False,False,True,False,False,False,True,False,High,1,Med_Missed,1,0.35388327446121987,0.42676991747418597,0.36363636363636365,0.1570032262940014,0.2293112497471445,0.7012733854839117,0.16666666666666666,0.4186046511627908,0.7107751937984496,0.5205479452054794,0.18553570569698388,0.2573326937760463,0.8611764705882353,0.16666666666666666,0.6376811594202898,0.713,-0.0296985815602839,0.9756579479670141,0.8428342006355188,0.8113207547169812,0.0,-0.1111111111111111,2.5249294449670745,4.539991459963097,9.627564593395363,0.010673497705197994,0.8166590759485872,0.8992033835927348,0.2217,7.33,0.9269
CUST01005,33.0,313564.56,72501.79,454.99,40,8.03,2024-11-20,1,Female,Primary,Salaried,1,8.4,4.8,5.4,0,2024,11,20,Wednesday,0.0,0,False,False,True,False,False,False,False,True,False,Low,0,Med_Missed,1,-0.4973311926954584,-0.5388056000345582,0.2727272727272727,0.04503732040884964,0.07838965680813999,0.0,0.16666666666666666,0.32558139534883723,0.054496124031007745,0.4520547945205479,0.0773594523978793,0.11189845350425737,0.5352823529411764,0.16666666666666666,0.5797101449275363,0.061769230769230764,-0.386841438703141,-0.37713547465512076,-0.3288128014896744,-1.8019811320754715,0.0,-0.5555555555555556,-0.6607714016933209,2.200552367428894,2.8337254630609507,0.1107419712070875,-0.5101140619713413,-0.6744603452777276,0.2312,6.67,0.0803
CUST01006,50.0,604932.57,113843.54,618.0,49,12.82,2019-07-30,0,Male,Primary,Salaried,2,9.1,5.6,7.2,0,2019,7,30,Tuesday,0.0,1,True,False,False,False,False,False,False,True,False,Mid-High,0,High_Missed,2,0.06830259507200404,-0.11517844538661187,0.5818181818181818,0.11943889826052928,0.14460351976589364,0.4126730968836232,0.3333333333333333,0.5348837209302326,0.09162790697674418,0.684931506849315,0.14924279820666525,0.17570484904510722,0.7270588235294118,0.3333333333333333,0.7101449275362319,0.09861538461538462,0.8274442755825733,0.5217985745518042,0.18522413996332504,-0.2641509433962264,0.5,0.4444444444444444,-0.4805268109125118,2.626116818339524,3.5805027579936315,0.0723589001447178,0.22849438975274056,0.5530492656098803,0.1882,8.17,0.1282
CUST01007,27.0,389806.1,97963.12,797.0,50,36.48,2024-07-04,0,Female,Post-Graduate,Salaried,0,8.55,5.0,5.9,0,2024,7,4,Thursday,3.0,0,False,False,False,True,False,True,False,False,False,Mid-Low,1,Low_Missed,2,-0.34932321112114456,-0.27790443398686077,0.16363636363636364,0.06450579559884029,0.11916908717434709,0.8658261816156552,0.0,0.558139534883721,0.2750387596899224,0.3698630136986301,0.09616898809404026,0.15119518605612337,0.9376470588235294,0.0,0.7246376811594203,0.2806153846153846,-0.8154128672745696,-0.14191364549833813,-0.012230552346241931,1.4245283018867925,-0.5,0.5555555555555556,0.4097836312323612,3.6238074573702215,6.039867548216599,0.026680896478121666,-0.012111707761964728,-0.2350397466125463,0.2513,8.33,0.3648
CUST01008,42.0,442189.31,70172.54,624.0,45,31.75,2025-05-23,0,Male,Graduate,Self-Employed,0,8.4,4.8,5.4,1,2025,5,23,Friday,2.0,1,False,False,True,False,True,False,False,False,False,Mid-High,0,Low_Missed,1,-0.24763149318780509,-0.5626733257588861,0.4363636363636363,0.07788198427835898,0.07465907839057548,0.4278625857573226,0.0,0.4418604651162792,0.2383720930232558,0.5753424657534246,0.1090924397763449,0.10830351505067172,0.7341176470588235,0.0,0.6521739130434783,0.24423076923076922,0.2560157041540018,0.01970001646735504,-0.357774336641897,-0.20754716981132076,-0.5,0.0,0.23179680150517407,3.488902962081261,5.634713834792322,0.030534351145038167,-0.5654550645710277,0.004082887283779467,0.1587,7.5,0.3175
CUST01009,63.0,550914.05,71990.13,657.0,38,41.35,2024-08-23,0,Female,Post-Graduate,Self-Employed,0,8.55,5.0,5.9,0,2024,8,23,Friday,3.0,0,False,False,False,True,True,False,False,False,False,Mid-High,0,Low_Missed,0,-0.03656375616948048,-0.5440485583018585,0.8181818181818182,0.10564512892664632,0.07757017081345027,0.5114047745626693,0.0,0.2790697674418605,0.3127906976744186,0.863013698630137,0.13591589950821578,0.11110876317081887,0.7729411764705882,0.0,0.5507246376811594,0.3180769230769231,1.7560157041540019,0.35513962350304223,-0.3351747029927272,0.10377358490566038,-0.5,-0.7777777777777778,0.5930385700846662,3.7459684210980635,6.430396566309111,0.023612750885478158,-0.5220946108411397,0.39568347600357984,0.1307,6.33,0.4135
CUST01010,40.0,706424.3,117711.56,711.0,54,19.8,2023-07-17,1,Male,Post-Graduate,Salaried,2,8.55,5.0,5.9,0,2023,7,17,Monday,3.0,1,False,False,False,True,False,False,False,False,True,High,1,High_Missed,2,0.2653288632164468,-0.07554300889151064,0.4,0.1453550750257708,0.15079862631551605,0.6481101744259639,0.3333333333333333,0.6511627906976745,0.14573643410852716,0.547945205479452,0.17428180343006622,0.18167470794270874,0.8364705882352941,0.3333333333333333,0.782608695652174,0.1523076923076923,0.11315856129685896,0.8349227634767176,0.2333185039,0.6132075471698113,0.5,1.0,-0.2178739416745061,3.0349529867072724,4.449719092257398,0.04807692307692307,0.2813005063736207,0.8024826158783982,0.1666,9.0,0.198
CUST01011,29.0,149935.66,54932.87,513.0,41,33.46,2021-09-17,1,Female,Primary,Salaried,0,8.75,5.2,6.1,0,2021,9,17,Friday,0.0,0,False,True,False,False,False,False,True,False,False,Low,0,Low_Missed,1,-0.814984577139493,-0.7188335763499633,0.19999999999999996,0.0032542559532331705,0.050250885198429796,0.14685704159388369,0.0,0.34883720930232565,0.2516279069767442,0.3972602739726027,0.03699059789318861,0.08478277846037201,0.6035294117647059,0.0,0.5942028985507246,0.2573846153846154,-0.6725557244174267,-0.8819664258781976,-0.5472620423039221,-1.2547169811320755,-0.5,-0.4444444444444444,0.2961429915333961,3.5397992310997837,5.784461945591828,0.02901915264074289,-0.9888170596193558,-2.4511933470368383,0.3664,6.83,0.3346
CUST01012,43.0,423883.38,129448.4,454.99,43,13.61,2020-07-04,1,Male,Graduate,Salaried,2,8.4,4.8,5.4,0,2020,7,4,Saturday,2.0,1,False,False,True,False,False,True,False,False,False,Mid-Low,0,High_Missed,1,-0.28316886231939237,0.044723891608787515,0.4545454545454545,0.0732075175239531,0.1695966093548668,0.0,0.3333333333333333,0.39534883720930236,0.09775193798449612,0.589041095890411,0.10457618730051055,0.1997892158055754,0.5352823529411764,0.3333333333333333,0.6231884057971014,0.10469230769230768,0.3274442755825732,-0.036777782105654126,0.3792525617452344,-1.8019811320754715,0.5,-0.2222222222222222,-0.4507996237064911,2.681706225762608,3.6891733491393435,0.06844626967830253,0.4301302031427916,-0.07488168169245434,0.3054,7.17,0.1361
CUST01013,38.415780141843975,543223.34,74388.2,655.0,43,24.51,2015-12-08,1,Male,Graduate,Self-Employed,2,9.1,5.6,7.2,0,2015,12,8,Tuesday,2.0,1,True,False,False,False,False,True,False,False,False,Mid-High,0,High_Missed,1,-0.051493759734117336,-0.5194756369633424,0.37119600257898133,0.10368128616024344,0.08141097286810689,0.5063416116047694,0.3333333333333333,0.39534883720930236,0.18224806201550386,0.5262435635869037,0.13401852592061742,0.11480991764431468,0.7705882352941177,0.3333333333333333,0.6231884057971014,0.18853846153846154,0.0,0.33141210076787214,-0.305357470577791,0.08490566037735849,0.5,-0.2222222222222222,-0.040639698965192796,3.23907053215372,4.950757517794625,0.03920031360250882,-0.46676508627353,0.3715666646249946,0.1369,7.17,0.2451
CUST01014,23.0,494749.8,106555.41,799.0,42,60.89,2016-07-20,0,Female,Graduate,Unemployed,1,8.55,5.0,5.9,0,2016,7,20,Wednesday,2.0,0,False,False,False,True,False,False,False,True,False,Mid-High,1,Med_Missed,1,-0.1455956209394624,-0.1898596036492479,0.09090909090909088,0.09130344186616152,0.1329306892486008,0.870889344573555,0.16666666666666666,0.37209302325581395,0.46426356589147283,0.3150684931506849,0.12205962817341443,0.164456430544847,0.94,0.16666666666666666,0.6086956521739131,0.4683846153846154,-1.1011271529888553,0.1818606260140245,0.09460465592813437,1.4433962264150944,0.0,-0.3333333333333333,1.3283160865475072,4.12535861575127,7.803204469959762,0.016157699143641947,0.12317852591553435,0.20805268426565765,0.2154,7.0,0.6089
CUST01015,46.0,4053345.1346999966,226472.21,563.8,55,7.99,2019-05-16,0,Male,Primary,Salaried,0,8.4,4.8,5.4,0,2019,5,16,Thursday,0.0,1,False,False,True,False,False,False,False,False,True,High,0,Low_Missed,3,6.762718570100179,1.0389227478111245,0.509090909090909,1.0,0.3249920935561677,0.2754613807245385,0.0,0.6744186046511629,0.05418604651162791,0.6301369863013698,1.0,0.34953468129119863,0.6632941176470588,0.0,0.7971014492753623,0.06146153846153846,0.5417299898682876,11.16090569589229,1.585631646823078,-0.7754716981132079,-0.5,1.1111111111111112,-0.6622765757290688,2.196112848483529,2.826658805020514,0.11123470522803114,1.2658440775141575,2.824666099397965,0.0559,9.17,0.0799
CUST01016,50.0,368445.42,89240.01,619.0,48,48.73,2022-07-17,1,Male,Secondary,Salaried,1,8.75,5.2,6.1,0,2022,7,17,Sunday,1.0,1,False,True,False,False,False,True,False,False,False,Mid-Low,0,Med_Missed,2,-0.3907907776453099,-0.36728977130279555,0.5818181818181818,0.059051290500683445,0.10519796088904444,0.41520467836257313,0.16666666666666666,0.5116279069767442,0.36999999999999994,0.684931506849315,0.09089909883217236,0.1377320354394624,0.7282352941176471,0.16666666666666666,0.6956521739130435,0.37484615384615383,0.8274442755825733,-0.20781601606473413,-0.12069235631820911,-0.25471698113207547,0.0,0.3333333333333333,0.8707431796801506,3.906608372726647,6.980687645210892,0.020108586366378446,-0.16411789912781427,-0.34551175963704545,0.2422,8.0,0.4873
CUST01017,35.0,453338.13,171421.82,576.0,37,20.96,2015-01-21,1,Female,Graduate,Salaried,2,9.1,5.6,7.2,0,2015,1,21,Wednesday,2.0,0,True,False,False,False,False,True,False,False,False,Mid-High,0,High_Missed,0,-0.22598824798138162,0.4748237418919325,0.3090909090909091,0.08072886441178324,0.23682216898280317,0.30634667476772726,0.3333333333333333,0.2558139534883721,0.15472868217054264,0.4794520547945205,0.11184296301813768,0.26457052377444995,0.6776470588235294,0.3333333333333333,0.5362318840579711,0.16123076923076923,-0.24398429584599818,0.054096565033133266,0.9011435905266034,-0.660377358490566,0.5,-0.8888888888888888,-0.17422389463781748,3.08922261664133,4.578209256903839,0.04553734061930783,0.8581674428691316,0.05002390792568527,0.3781,6.17,0.2096
CUST01018,34.0,798598.33,33684.07,567.0,30,11.14,2025-10-04,1,Female,Graduate,Salaried,1,8.75,5.2,6.1,0,2025,10,4,Saturday,2.0,0,False,True,False,False,False,False,True,False,False,High,0,Med_Missed,0,0.4442666461346596,-0.9365691265790483,0.2909090909090909,0.16889195290384687,0.016218336232391432,0.28356244145717824,0.16666666666666666,0.09302325581395354,0.0786046511627907,0.4657534246575342,0.1970220406753266,0.051987617695082436,0.6670588235294118,0.16666666666666666,0.43478260869565216,0.08569230769230769,-0.31541286727456963,1.1192998096034372,-0.8114663433203642,-0.7452830188679245,0.0,-1.6666666666666667,-0.543744120413923,2.4965057856313524,3.3376638536557275,0.08237232289950576,-1.8805958089230617,0.9900058166784039,0.0422,5.0,0.1114
CUST01019,27.0,141585.0,74442.49,740.0,53,11.85,2026-05-30,0,Male,Graduate,Self-Employed,0,9.1,5.6,7.2,0,2026,5,30,Saturday,2.0,1,True,False,False,False,True,False,False,False,False,Low,1,Low_Missed,2,-0.831195744062582,-0.518919329641426,0.16363636363636364,0.0011218932408581656,0.08149792493520557,0.721526037315511,0.0,0.627906976744186,0.08410852713178295,0.3698630136986301,0.03493040816779083,0.11489370822439204,0.8705882352941177,0.0,0.7681159420289855,0.09115384615384615,-0.8154128672745696,-0.9077300387310648,-0.3046824370934444,0.8867924528301887,-0.5,0.8888888888888888,-0.517027281279398,2.553343811341229,3.442382895611701,0.07782101167315175,-0.46553620202630697,-2.610161574197847,0.5258,8.83,0.1185
CUST01020,36.0,594024.15,100369.45,652.0,44,20.47,2015-11-24,1,Male,Secondary,Salaried,1,8.4,4.8,5.4,0,2015,11,24,Tuesday,1.0,1,False,False,True,False,False,False,False,True,False,Mid-High,0,Med_Missed,1,0.047126039268371715,-0.25324687277950997,0.32727272727272727,0.11665340489127157,0.12302311862805022,0.4987468671679198,0.16666666666666666,0.4186046511627908,0.15093023255813953,0.4931506849315068,0.14655158400271928,0.15490908892143057,0.7670588235294118,0.16666666666666666,0.6376811594202898,0.15746153846153846,-0.17255572441742675,0.48814371257485023,0.017689383634373234,0.05660377358490566,0.0,-0.1111111111111111,-0.19266227657572912,3.0666566118906897,4.524378410345448,0.04657661853749418,0.02710646689743735,0.522852622130704,0.169,7.33,0.2047
CUST01021,32.0,374391.6,313012.5,850.0,38,50.29,2016-02-09,0,Female,Secondary,Self-Employed,1,9.1,5.6,7.2,0,2016,2,9,Tuesday,1.0,0,True,False,False,False,True,False,False,False,False,Mid-Low,1,Med_Missed,0,-0.3792474365758935,1.9256974202695503,0.2545454545454545,0.06056966300214679,0.46359693980443395,1.0,0.16666666666666666,0.2790697674418605,0.3820930232558139,0.4383561643835616,0.09236607975839445,0.4830999990138362,1.0,0.16666666666666666,0.5507246376811594,0.38684615384615384,-0.4582700101317125,-0.18947075000511,2.661660261578273,1.9245283018867925,0.0,-0.7777777777777778,0.9294449670743181,3.937495801401177,7.091544260596559,0.019496977968414896,1.7194615848001003,-0.3138988151395488,0.8361,6.33,0.5029
CUST01022,27.0,280363.13,30455.71,609.0,48,33.32,2024-10-02,1,Female,Post-Graduate,Salaried,2,8.55,5.0,5.9,0,2024,10,2,Wednesday,3.0,0,False,False,False,True,True,False,False,False,False,Low,0,High_Missed,2,-0.5617852506759355,-0.9696499942486378,0.16363636363636364,0.03655924905526456,0.011047723314014886,0.38988886357307395,0.3333333333333333,0.5116279069767442,0.2505426356589147,0.3698630136986301,0.06916833397675887,0.04700500290233036,0.7164705882352941,0.3333333333333333,0.6956521739130435,0.2563076923076923,-0.8154128672745696,-0.4795691492007933,-0.8516072735013362,-0.3490566037735849,0.5,0.3333333333333333,0.2908748824082785,3.5357282746197614,5.772347875864725,0.029137529137529136,-2.072245247743845,-0.9143172864812419,0.1086,8.0,0.3332
CUST01023,59.0,523489.43,93178.67,605.0,33,7.34,2017-04-19,0,Other,Secondary,Salaried,2,9.1,5.6,7.2,0,2017,4,19,Wednesday,1.0,2,True,False,False,False,True,False,False,False,False,Mid-High,0,High_Missed,0,-0.08980327168349775,-0.3269304897308814,0.7454545454545455,0.09864218100527797,0.1115062060280912,0.3797625376572744,0.3333333333333333,0.16279069767441867,0.049147286821705424,0.8082191780821918,0.12914997677313395,0.1438109193246614,0.711764705882353,0.3333333333333333,0.4782608695652174,0.05646153846153846,1.470301418439716,0.27052867151637333,-0.07171966551960304,-0.3867924528301887,0.5,-1.3333333333333333,-0.6867356538099719,2.1210632163706555,2.7092434368288134,0.11990407673860912,-0.09346978788269,0.30749530690702453,0.178,5.5,0.0734
CUST01024,43.0,817270.7,236573.28,612.0,43,47.01,2017-01-26,0,Male,Secondary,Salaried,1,9.1,5.6,7.2,0,2017,1,26,Thursday,1.0,1,True,False,False,False,False,False,False,True,False,High,0,Med_Missed,1,0.48051538658387893,1.1424279826645047,0.4545454545454545,0.17365999106366534,0.341170191113883,0.3974836080099238,0.16666666666666666,0.39534883720930236,0.35666666666666663,0.589041095890411,0.20162869749320994,0.36512455999265203,0.72,0.16666666666666666,0.6231884057971014,0.3616153846153846,0.3274442755825732,1.1769081557372145,1.711226792848649,-0.32075471698113206,0.0,-0.2222222222222222,0.8060206961429915,3.8714093225428488,6.856383886568779,0.020828993959591754,1.3282498876521478,1.0244191254883208,0.2895,7.17,0.4701
CUST01025,44.0,743833.07,61635.16,622.4,46,41.73,2017-02-24,0,Female,Graduate,Salaried,0,9.1,5.6,7.2,0,2017,2,24,Friday,2.0,0,True,False,False,False,False,False,False,True,False,High,0,Low_Missed,1,0.33795064578901457,-0.650155495660941,0.47272727272727266,0.15490750157215305,0.06098542138916005,0.42381205539100253,0.0,0.4651162790697674,0.3157364341085271,0.6027397260273972,0.18351091389484006,0.09512701804310575,0.732235294117647,0.0,0.6666666666666666,0.32099999999999995,0.39887284701114467,0.9503370023011871,-0.4639268024475778,-0.2226415094339625,-0.5,0.1111111111111111,0.607337723424271,3.7549012496559335,6.4598761598036845,0.023402761525860055,-0.7878993877702479,0.8824005940293054,0.0829,7.67,0.4173
CUST01026,48.0,413512.69,86881.18,629.0,55,4.19,2023-01-22,1,Male,Secondary,Salaried,1,8.55,5.0,5.9,0,2023,1,22,Sunday,1.0,1,False,False,False,True,False,True,False,False,False,Mid-Low,0,Med_Missed,3,-0.30330152089938595,-0.39146060202956007,0.5454545454545454,0.0705593349063396,0.10142000648796955,0.4405204931520721,0.16666666666666666,0.6744186046511629,0.024728682170542637,0.6575342465753424,0.10201763636162842,0.13409144354401478,0.74,0.16666666666666666,0.7971014492753623,0.032230769230769236,0.6845871327254304,-0.06877362940120921,-0.15002168462694251,-0.16037735849056603,0.0,1.1111111111111112,-0.8052681091251177,1.6467336971777973,2.046948949045872,0.19267822736030826,-0.20815876069056968,-0.12171071067418807,0.2101,9.17,0.0419
CUST01027,46.0,685477.18,120456.43,621.0,52,10.67,2016-07-10,1,Female,Graduate,Self-Employed,2,8.55,5.0,5.9,0,2016,7,10,Sunday,2.0,0,False,False,False,True,True,False,False,False,False,High,0,High_Missed,2,0.2246641422389463,-0.04741644269684044,0.509090909090909,0.14000617354736733,0.1551948709354668,0.4202678413204728,0.3333333333333333,0.6046511627906976,0.07496124031007752,0.6301369863013698,0.16911394347640096,0.1859111096656211,0.7305882352941176,0.3333333333333333,0.7536231884057971,0.08207692307692308,0.5417299898682876,0.7702963159788493,0.2674477940119593,-0.2358490566037736,0.5,0.7777777777777778,-0.5614299153339606,2.4570214462984645,3.266496594212215,0.0856898029134533,0.317583132043239,0.755166527414597,0.1757,8.67,0.1067
CUST01028,33.0,682852.36,110271.98,589.0,45,53.9,2017-02-10,0,Male,Secondary,Salaried,0,8.75,5.2,6.1,0,2017,2,10,Friday,1.0,1,False,True,False,False,False,False,False,False,True,High,0,Low_Missed,1,0.2195685695341465,-0.15177606886540554,0.2727272727272727,0.13933591894537226,0.1388832301220011,0.33925723399407604,0.0,0.4418604651162792,0.41007751937984493,0.4520547945205479,0.16846637463812725,0.17019254320275953,0.6929411764705883,0.0,0.6521739130434783,0.4146153846153846,-0.386841438703141,0.7621981720850176,0.1408159139299357,-0.5377358490566038,-0.5,0.0,1.0652869238005647,4.005513348515485,7.341661937191061,0.018214936247723135,0.1778796840996762,0.7490985432965841,0.1615,7.5,0.539
CUST01029,41.0,423502.36,252574.69,662.0,41,24.12,2019-07-28,0,Female,Graduate,Salaried,0,9.1,5.6,7.2,0,2019,7,28,Sunday,2.0,0,True,False,False,False,False,False,True,False,False,Mid-Low,0,Low_Missed,1,-0.2839085378445647,1.306393750650988,0.4181818181818181,0.07311022307768549,0.3667984039706399,0.5240626819574188,0.0,0.34883720930232565,0.1792248062015504,0.5616438356164384,0.10448218592946071,0.3898209575972844,0.7788235294117647,0.0,0.5942028985507246,0.18553846153846154,0.1845871327254304,-0.03795331215587769,1.9101858561523417,0.1509433962264151,-0.5,-0.4444444444444444,-0.05531514581373468,3.223664341599998,4.91121166312347,0.03980891719745223,1.4211187777449492,-0.07657445369912474,0.5964,6.83,0.2412
CUST01030,35.0,312843.93,129195.79,669.0,51,46.82,2021-11-23,1,Male,Post-Graduate,Salaried,0,8.75,5.2,6.1,0,2021,11,23,Tuesday,3.0,1,False,True,False,False,False,False,False,True,False,Low,0,Low_Missed,2,-0.4987301543607382,0.04213540767824229,0.3090909090909091,0.04485330566732995,0.1691920235808791,0.5417837523100679,0.0,0.5813953488372092,0.3551937984496124,0.4794520547945205,0.0771816659089295,0.19939934035091822,0.7870588235294118,0.0,0.7391304347826086,0.36015384615384616,-0.24398429584599818,-0.3793587758469022,0.37611164797693863,0.2169811320754717,-0.5,0.6666666666666666,0.7988711194731892,3.867443962030179,6.842514157822401,0.020911752404851526,0.4270919838612559,-0.6792937636143249,0.413,8.5,0.4682
CUST01031,43.0,322024.52,218964.25,605.0,37,1.98,2026-05-19,1,Male,Post-Graduate,Salaried,1,8.55,5.0,5.9,0,2026,5,19,Tuesday,3.0,1,False,False,False,True,False,False,False,True,False,Low,0,Med_Missed,0,-0.48090784128100067,0.9619890008843351,0.4545454545454545,0.04719759316000753,0.3129671784393113,0.3797625376572744,0.16666666666666666,0.2558139534883721,0.007596899224806202,0.589041095890411,0.0794466075052931,0.3379469796224285,0.711764705882353,0.16666666666666666,0.5362318840579711,0.01523076923076923,0.3274442755825732,-0.35103464739227663,1.4922788304824186,-0.3867924528301887,0.0,-0.8888888888888888,-0.8884289746001882,1.091923300517313,1.407124727947029,0.33557046979865773,1.2173586019827038,-0.6188267346399382,0.68,6.17,0.0198
CUST01032,42.0,672613.85,79538.38,638.0,46,1.04,2017-09-24,1,Female,Graduate,Self-Employed,2,9.1,5.6,7.2,0,2017,9,24,Sunday,2.0,0,True,False,False,False,False,False,True,False,False,High,0,High_Missed,1,0.19969251247354108,-0.4667019614579571,0.4363636363636363,0.1367214888339465,0.08965961528715698,0.4633047264626211,0.3333333333333333,0.4651162790697674,0.0003100775193798453,0.5753424657534246,0.16594043380166854,0.12275864797591832,0.7505882352941177,0.3333333333333333,0.6666666666666666,0.008,0.2560157041540018,0.7306101290045655,-0.24132092700785474,-0.07547169811320754,0.5,0.1111111111111111,-0.9238005644402636,0.712949807856125,1.019803902718557,0.49019607843137253,-0.35454186006925514,0.7251220203045642,0.1183,7.67,0.0104
CUST01033,34.0,433187.78,63302.79,823.0,45,38.31,2017-12-05,0,Male,Secondary,Unemployed,0,8.4,4.8,5.4,0,2017,12,5,Tuesday,1.0,1,False,False,True,False,False,False,False,True,False,Mid-Low,1,Low_Missed,1,-0.2651061964320028,-0.6330673619485182,0.2909090909090909,0.07558342022158683,0.0636563345528321,0.9316473000683527,0.0,0.4418604651162792,0.2892248062015504,0.4657534246575342,0.10687167403820447,0.09770081957293425,0.9682352941176471,0.0,0.6521739130434783,0.2946923076923077,-0.31541286727456963,-0.008071672716909168,-0.4431917483031532,1.669811320754717,-0.5,0.0,0.47864534336782705,3.671478939433769,6.189507250177513,0.025438819638768758,-0.7417803274719053,-0.03417761089858387,0.1461,7.5,0.3831
CUST01034,23.0,262212.07,86212.12,820.0,44,14.78,2021-03-24,0,Female,Graduate,Salaried,0,8.75,5.2,6.1,0,2021,3,24,Wednesday,2.0,0,False,True,False,False,False,False,True,False,False,Low,1,Low_Missed,1,-0.5970219701078131,-0.3983164314051611,0.09090909090909088,0.03192432875745799,0.10034842516520225,0.9240525556315031,0.0,0.4186046511627908,0.10682170542635658,0.3150684931506849,0.06469028944889178,0.13305882380729436,0.9647058823529412,0.0,0.6376811594202898,0.11369230769230769,-1.1011271529888553,-0.535569139945137,-0.15834067344692576,1.6415094339622642,-0.5,-0.1111111111111111,-0.4067732831608656,2.7587433154177283,3.844476557348217,0.06337135614702155,-0.22090002410252776,-1.062490174883025,0.3288,7.33,0.1478
CUST01035,40.0,190530.69,49243.77,566.0,47,39.86,2019-10-20,1,Male,Graduate,Self-Employed,2,8.4,4.8,5.4,0,2019,10,20,Sunday,2.0,1,False,False,True,False,True,False,False,False,False,Low,0,High_Missed,1,-0.7361772963284192,-0.7771295421837181,0.4,0.013620302263314607,0.041139096564592165,0.2810308599782283,0.3333333333333333,0.4883720930232558,0.30124031007751934,0.547945205479452,0.047005789950848066,0.0760022850155747,0.6658823529411765,0.3333333333333333,0.6811594202898551,0.3066153846153846,0.11315856129685896,-0.7567218779418042,-0.6179994340113428,-0.7547169811320755,0.5,0.2222222222222222,0.5369708372530575,3.710151589389476,6.313477647065839,0.024473813020068527,-1.182739850113256,-1.8212250686660576,0.2585,7.83,0.3986
CUST01036,36.0,670591.69,131940.59,577.0,49,47.24,2021-11-24,1,Female,Graduate,Salaried,2,9.1,5.6,7.2,0,2021,11,24,Wednesday,2.0,0,True,False,False,False,False,True,False,False,False,High,0,High_Missed,2,0.19576688583981466,0.07026125658588854,0.32727272727272727,0.13620512502767773,0.17358815608727862,0.3088782562466772,0.3333333333333333,0.5348837209302326,0.35844961240310075,0.4931506849315068,0.16544154709629308,0.20363563403661186,0.6788235294117647,0.3333333333333333,0.7101449275362319,0.3633846153846154,-0.17255572441742675,0.7243713230459281,0.41024006771969734,-0.6509433962264151,0.5,0.4444444444444444,0.8146754468485421,3.87618855241893,6.8731361109758335,0.020729684908789386,0.45974576563601843,0.7203276464655212,0.1968,8.17,0.4724
CUST01037,18.0,336586.61,78313.33,565.0,41,15.01,2017-10-31,1,Male,Graduate,Unemployed,1,8.75,5.2,6.1,0,2017,10,31,Tuesday,2.0,1,False,True,False,False,False,True,False,False,False,Mid-Low,0,Med_Missed,1,-0.45263840248945086,-0.47925499672621424,0.0,0.050916060650032124,0.0876975480593208,0.27849927849927836,0.16666666666666666,0.34883720930232565,0.1086046511627907,0.2465753424657534,0.08303921793348891,0.12086791947851996,0.6647058823529411,0.16666666666666666,0.5942028985507246,0.11546153846153846,-1.4582700101317125,-0.30610741420488713,-0.2565530097118283,-0.7641509433962265,0.0,-0.4444444444444444,-0.3981185324553152,2.773213527008623,3.874274125562103,0.06246096189881325,-0.3804665289335047,-0.5275837506255483,0.2327,6.83,0.1501
CUST01038,44.0,521880.48,65968.11,735.0,36,22.4,2022-02-09,0,Male,Graduate,Salaried,1,8.75,5.2,6.1,0,2022,2,9,Wednesday,2.0,1,False,True,False,False,False,False,False,True,False,Mid-High,1,Med_Missed,0,-0.09292673222684451,-0.6057559412218614,0.47272727272727266,0.09823133144535384,0.06792517012990756,0.7088681299207613,0.16666666666666666,0.2325581395348837,0.16589147286821704,0.6027397260273972,0.12875303302752836,0.10181444471369239,0.8647058823529412,0.16666666666666666,0.5217391304347826,0.1723076923076923,0.39887284701114467,0.26556470879969934,-0.41005157061852426,0.839622641509434,0.0,-1.0,-0.12003762935089377,3.152736022363656,4.732863826479693,0.042735042735042736,-0.6708826007078248,0.3021264721077443,0.1264,6.0,0.224
CUST01039,49.0,822294.15,133145.13,618.0,50,18.65,2025-08-21,1,Male,Graduate,Salaried,0,8.55,5.0,5.9,0,2025,8,21,Thursday,2.0,1,False,False,False,True,False,False,False,True,False,High,0,Low_Missed,2,0.49026742851586896,0.08260412675610729,0.5636363636363636,0.17494274206388333,0.175517374044601,0.4126730968836232,0.0,0.558139534883721,0.13682170542635658,0.6712328767123288,0.20286803187828245,0.20549470762891928,0.7270588235294118,0.0,0.7246376811594203,0.14346153846153845,0.7560157041540018,1.1924065978945695,0.4252171322478753,-0.2641509433962264,-0.5,0.5555555555555556,-0.26114769520225783,2.9780773383152703,4.318564576337836,0.050890585241730284,0.47383115916505675,1.033494843773011,0.1619,8.33,0.1865
CUST01040,66.0,229931.74,49700.51,669.0,37,14.8,2022-11-06,0,Male,Graduate,Salaried,0,9.1,5.6,7.2,0,2022,11,6,Sunday,2.0,1,True,False,False,False,True,False,False,False,False,Low,0,Low_Missed,0,-0.6596878932758495,-0.7724493468215501,0.8727272727272727,0.023681462680386206,0.04187062147022205,0.5417837523100679,0.0,0.2558139534883721,0.10697674418604651,0.9041095890410958,0.05672641543193388,0.0767072124339672,0.7870588235294118,0.0,0.5362318840579711,0.11384615384615385,1.970301418439716,-0.6351610194951116,-0.6123203993154424,0.2169811320754717,-0.5,-0.8888888888888888,-0.4060206961429916,2.760009940032921,3.847076812334269,0.06329113924050632,-1.1662455124792075,-1.364003888646309,0.2162,6.17,0.148
CUST01041,34.0,432540.53,156733.36,810.0,44,28.47,2023-06-13,0,Male,Secondary,Self-Employed,2,8.75,5.2,6.1,0,2023,6,13,Tuesday,1.0,1,False,True,False,False,False,True,False,False,False,Mid-Low,1,High_Missed,1,-0.2663627052338184,0.3243117167367278,0.2909090909090909,0.07541814325358852,0.21329680594179867,0.8987367408420037,0.3333333333333333,0.4186046511627908,0.21294573643410852,0.4657534246575342,0.10671199111496682,0.241900518546177,0.9529411764705882,0.3333333333333333,0.6376811594202898,0.219,-0.31541286727456963,-0.01006858055641146,0.7185095449660083,1.5471698113207548,0.5,-0.1111111111111111,0.10837253057384758,3.3833727967496032,5.33572862878164,0.0339328130302002,0.7235144336913417,-0.03697043719317347,0.3624,7.33,0.2847
CUST01042,32.0,406221.12,74087.16,649.0,45,43.93,2015-10-17,0,Female,Graduate,Self-Employed,1,8.4,4.8,5.4,0,2015,10,17,Saturday,2.0,0,False,False,True,False,False,False,False,True,False,Mid-Low,0,Med_Missed,1,-0.31745667251631055,-0.5225603810449359,0.2545454545454545,0.06869741357525054,0.08092882053288156,0.49115212273107,0.16666666666666666,0.4418604651162792,0.3327906976744186,0.4383561643835616,0.10021873452680115,0.11434529586817756,0.7635294117647059,0.16666666666666666,0.6521739130434783,0.33792307692307694,-0.4582700101317125,-0.09126971792230576,-0.3091005554944916,0.02830188679245283,0.0,0.0,0.6901222953904046,3.8051057230820686,6.627971031922213,0.022256843979523704,-0.4735979673746411,-0.1556054536922781,0.1824,7.5,0.4393
CUST01043,26.0,4053345.1346999966,197888.27,706.0,41,12.92,2025-05-15,0,Female,Graduate,Salaried,0,8.55,5.0,5.9,0,2025,5,15,Thursday,2.0,0,False,False,False,True,False,False,False,True,False,High,1,Low_Missed,1,6.762718570100179,0.746024329847985,0.14545454545454545,1.0,0.2792114218150669,0.6354522670312144,0.0,0.34883720930232565,0.0924031007751938,0.3561643835616438,1.0,0.30541854731632045,0.8305882352941176,0.0,0.5942028985507246,0.09938461538461539,-0.886841438703141,11.16090569589229,1.230223346683968,0.5660377358490566,-0.5,-0.4444444444444444,-0.4767638758231421,2.6333266549062735,3.594440151122286,0.07183908045977011,1.0703852363012385,2.824666099397965,0.0488,6.83,0.1292
CUST01044,40.0,822069.32,77991.68,692.0,39,12.86,2023-01-31,0,Female,Primary,Salaried,1,9.1,5.6,7.2,0,2023,1,31,Tuesday,0.0,0,True,False,False,False,False,False,False,True,False,High,0,Med_Missed,0,0.48983096521125363,-0.4825509306015948,0.4,0.1748853311396422,0.0871823862913656,0.6000101263259157,0.16666666666666666,0.3023255813953488,0.09193798449612403,0.547945205479452,0.20281256411214646,0.12037148845840798,0.8141176470588235,0.16666666666666666,0.5652173913043478,0.09892307692307692,0.11315856129685896,1.1917129481617683,-0.26055235618889716,0.4339622641509434,0.0,-0.6666666666666666,-0.47902163687676397,2.6290069937617573,3.5860842154082215,0.07215007215007216,-0.3873502952099332,1.0330902672068556,0.0949,6.5,0.1286
CUST01045,40.0,223327.27,144227.3,603.0,38,15.13,2022-03-17,1,Male,Post-Graduate,Self-Employed,2,9.1,5.6,7.2,1,2022,3,17,Thursday,3.0,1,True,False,False,False,True,False,False,False,False,Low,0,High_Missed,0,-0.6725091751396223,0.19616265159902818,0.4,0.021994994118260655,0.19326682310407545,0.37469937469937453,0.3333333333333333,0.2790697674418605,0.10953488372093023,0.547945205479452,0.055097027906193655,0.22259880512046087,0.7094117647058824,0.3333333333333333,0.5507246376811594,0.11638461538461539,0.11315856129685896,-0.6555372542092989,0.5630111243130921,-0.4056603773584906,0.5,-0.7777777777777778,-0.39360301034807155,2.7806808921371173,3.889730067755345,0.0619962802231866,0.596953812615557,-1.432866198741942,0.6458,6.33,0.1513
CUST01046,29.0,588245.1,109945.21,735.0,44,36.52,2016-10-11,1,Male,Graduate,Self-Employed,4,8.4,4.8,5.4,0,2016,10,11,Tuesday,2.0,1,False,False,True,False,False,False,True,False,False,Mid-High,1,High_Missed,1,0.035907148281685904,-0.1551244671631144,0.19999999999999996,0.11517770946923897,0.1383598680485837,0.7088681299207613,0.6666666666666666,0.4186046511627908,0.2753488372093023,0.3972602739726027,0.1451258356867107,0.16968821003179113,0.8647058823529412,0.6666666666666666,0.6376811594202898,0.28092307692307694,-0.6725557244174267,0.4703140791258339,0.1367529061627611,0.839622641509434,1.5,-0.1111111111111111,0.4112888052681093,3.624874124138024,6.043177971895251,0.026652452025586353,0.17315540064658552,0.5065469827186282,0.1869,7.33,0.3652
CUST01047,36.0,741004.43,154251.72,582.0,36,47.02,2021-05-13,0,Male,Secondary,Salaried,0,8.4,4.8,5.4,0,2021,5,13,Thursday,1.0,1,False,False,True,False,False,False,True,False,False,High,0,Low_Missed,0,0.3324593965697523,0.29888245716110456,0.32727272727272727,0.15418520100396657,0.20932215632318119,0.3215361636414267,0.0,0.2325581395348837,0.35674418604651165,0.4931506849315068,0.18281306066349678,0.23807038306739361,0.6847058823529412,0.0,0.5217391304347826,0.3616923076923077,-0.17255572441742675,0.9416100291206084,0.6876532160639319,-0.6037735849056604,-0.5,-1.0,0.8063969896519287,3.8716175907931074,6.857113095173507,0.02082465639316951,0.6993409433976824,0.8765507671022356,0.2082,6.0,0.4702
CUST01048,18.0,403048.21,105447.46,757.0,51,18.39,2022-10-13,1,Female,Graduate,Self-Employed,1,8.75,5.2,6.1,0,2022,10,13,Thursday,2.0,0,False,True,False,False,False,False,True,False,False,Mid-Low,1,Med_Missed,2,-0.3236162543507928,-0.2012127201958912,0.0,0.06788720276871288,0.13115617197577023,0.7645629224576591,0.16666666666666666,0.5813953488372092,0.13480620155038758,0.2465753424657534,0.09943594650985257,0.16274643288051288,0.8905882352941177,0.16666666666666666,0.7391304347826086,0.14146153846153847,-1.4582700101317125,-0.1010588393638433,0.08082857655842096,1.0471698113207548,0.0,0.6666666666666666,-0.27093132643461904,2.9647574692545606,4.288356328478313,0.05157297576070139,0.1064480328939849,-0.17061476717463764,0.2616,8.5,0.1839
CUST01049,48.0,413030.41,36386.81,603.0,39,3.15,2022-03-02,0,Female,Graduate,Salaried,2,9.1,5.6,7.2,0,2022,3,2,Wednesday,2.0,0,True,False,False,False,False,False,False,True,False,Mid-Low,0,High_Missed,0,-0.3042377728344028,-0.9088742647032645,0.5454545454545454,0.0704361834561639,0.020547104510716348,0.37469937469937453,0.3333333333333333,0.3023255813953488,0.016666666666666666,0.6575342465753424,0.10189865315541898,0.056158996446201495,0.7094117647058824,0.3333333333333333,0.5652173913043478,0.02423076923076923,0.6845871327254304,-0.0702615687026155,-0.7778608911287497,-0.4056603773584906,0.5,-0.6666666666666666,-0.8444026340545627,1.423108334242607,1.7748239349298849,0.24096385542168672,-1.735653721827389,-0.1239273471116326,0.0881,6.5,0.0315
CUST01050,30.0,545372.7,180823.4,612.0,35,9.46,2016-06-04,1,Male,Graduate,Salaried,0,8.75,5.2,6.1,0,2016,6,4,Saturday,2.0,1,False,True,False,False,False,False,True,False,False,Mid-High,0,Low_Missed,0,-0.04732119927329027,0.5711613324534117,0.21818181818181814,0.10423013081677004,0.2518799478554043,0.3974836080099238,0.0,0.2093023255813954,0.06558139534883721,0.410958904109589,0.13454879411357235,0.2790808174168077,0.72,0.0,0.5072463768115942,0.07276923076923078,-0.6011271529888553,0.3380433465522099,1.018041385806815,-0.32075471698113206,-0.5,-1.1111111111111112,-0.606961429915334,2.347558458636777,3.0757112998459397,0.09560229445506692,0.9376018053114348,0.3783533564613312,0.3316,5.83,0.0946
CUST01051,38.0,525659.29,93656.61,593.8,54,17.5,2015-06-22,1,Female,Secondary,Salaried,2,8.75,5.2,6.1,0,2015,6,22,Monday,1.0,0,False,True,False,False,False,False,False,True,False,Mid-High,0,High_Missed,2,-0.08559091449739098,-0.32203305887000977,0.36363636363636365,0.09919626039003007,0.1122716853235257,0.3514088250930354,0.3333333333333333,0.6511627906976745,0.12790697674418605,0.5205479452054794,0.12968530251715318,0.1445485665864438,0.6985882352941176,0.3333333333333333,0.782608695652174,0.1346153846153846,-0.0296985815602839,0.27722316428519916,-0.06577703329435743,-0.4924528301886797,0.5,1.0,-0.3044214487300094,2.917770732084279,4.183300132670378,0.05405405405405406,-0.08512998253789197,0.3147002963351028,0.1782,9.0,0.175
CUST01052,22.0,591949.32,158531.67,576.0,40,11.46,2020-07-05,0,Male,Post-Graduate,Self-Employed,0,9.1,5.6,7.2,0,2020,7,5,Sunday,3.0,1,True,False,False,False,False,False,False,False,True,Mid-High,0,Low_Missed,1,0.04309816417023172,0.3427389228534249,0.0727272727272727,0.11612359166375216,0.21617701908941728,0.30634667476772726,0.0,0.32558139534883723,0.08108527131782946,0.3013698630136986,0.14603970309175568,0.24467601012950543,0.6776470588235294,0.0,0.5797101449275363,0.08815384615384617,-1.1725557244174267,0.48174240814436015,0.7408694540696228,-0.660377358490566,-0.5,-0.5555555555555556,-0.5317027281279398,2.522523513359307,3.3852621759621515,0.08025682182985554,0.7407595957878029,0.517023449059925,0.2678,6.67,0.1146
CUST01053,32.0,585745.26,149364.95,616.0,37,7.28,2023-03-31,1,Male,Secondary,Unemployed,3,8.55,5.0,5.9,0,2023,3,31,Friday,1.0,1,False,False,False,True,False,False,False,True,False,Mid-High,0,High_Missed,0,0.031054199709834814,0.24880793272711374,0.2545454545454545,0.11453936883473781,0.2014953971974533,0.4076099339257233,0.5,0.2558139534883721,0.04868217054263566,0.4383561643835616,0.14450910064024272,0.23052819678991,0.7247058823529412,0.5,0.5362318840579711,0.056,-0.4582700101317125,0.4626015258720659,0.6268918717961091,-0.2830188679245283,1.0,-0.8888888888888888,-0.6889934148635937,2.1138429683971682,2.6981475126464085,0.12077294685990336,0.6504111996648005,0.49942584225929854,0.255,6.17,0.0728
CUST01054,35.0,270766.97,62070.25,455.0,41,25.0,2019-06-12,0,Male,Graduate,Salaried,3,9.1,5.6,7.2,0,2019,6,12,Wednesday,2.0,1,True,False,False,False,False,True,False,False,False,Low,0,High_Missed,1,-0.5804143113227191,-0.6456971469283456,0.3090909090909091,0.0341088446841149,0.06168227117501307,2.5315814789372837e-05,0.5,0.34883720930232565,0.18604651162790697,0.4794520547945205,0.06680086718547851,0.09579853109313068,0.5352941176470588,0.5,0.5942028985507246,0.19230769230769232,-0.24398429584599818,-0.5091754020136452,-0.4585169605115982,-1.8018867924528301,1.0,-0.4444444444444444,-0.022201317027281276,3.258096538021482,5.0,0.038461538461538464,-0.77573032801692,-0.9909671918671051,0.2292,6.83,0.25
CUST01055,38.0,725875.11,57018.03,631.0,42,107.91,2022-11-26,1,Male,Primary,Salaried,1,8.4,4.8,5.4,0,2022,11,26,Saturday,0.0,1,False,False,True,False,False,False,False,True,False,High,0,Med_Missed,1,0.30308879209623424,-0.6974670304783996,0.36363636363636365,0.15032188986070488,0.053590523662814804,0.44558365610997175,0.16666666666666666,0.37209302325581395,0.8287596899224806,0.5205479452054794,0.17908050903090067,0.08800099113221001,0.7423529411764705,0.16666666666666666,0.6086956521739131,0.830076923076923,-0.0296985815602839,0.8949327672985321,-0.5213354845544284,-0.14150943396226415,0.0,-0.3333333333333333,3.097648165569144,4.690521853087595,10.38797381590847,0.00918189330639978,-0.9234301151408684,0.8447371677879024,0.0786,7.0,1.0791
CUST01056,43.0,792851.79,146270.52,609.0,43,10.07,2026-02-12,1,Female,Graduate,Salaried,2,8.4,4.8,5.4,0,2026,2,12,Thursday,2.0,0,False,False,True,False,True,False,False,False,False,High,0,High_Missed,1,0.4331108669303565,0.21709944007362775,0.4545454545454545,0.16742455899472217,0.19653928953504513,0.38988886357307395,0.3333333333333333,0.39534883720930236,0.07031007751937984,0.589041095890411,0.19560431289517663,0.225752288064385,0.7164705882352941,0.3333333333333333,0.6231884057971014,0.07746153846153847,0.3274442755825732,1.1015704766161627,0.5884162065729287,-0.3490566037735849,0.5,-0.2222222222222222,-0.5840075258701788,2.4042387467205457,3.1733263305244863,0.09033423667570009,0.6184706319696155,0.9791934513803745,0.1845,7.17,0.1007
CUST01057,54.0,485551.89,82293.76,713.0,45,28.67,2025-03-23,1,Female,Graduate,Salaried,3,8.4,4.8,5.4,0,2025,3,23,Sunday,2.0,0,False,False,True,False,False,False,False,True,False,Mid-High,1,High_Missed,1,-0.16345155739880193,-0.43846769974010885,0.6545454545454545,0.0889547316665149,0.09407269295601557,0.6531733373838635,0.5,0.4418604651162792,0.21449612403100776,0.7397260273972602,0.11979041356317602,0.12701127071553012,0.8388235294117647,0.5,0.6521739130434783,0.22053846153846154,1.1131585612968589,0.1534830615705537,-0.20706095717733813,0.6320754716981132,1.0,0.0,0.1158984007525871,3.3901364343027307,5.354437412091022,0.033704078193461405,-0.2978649087306598,0.17454877912464065,0.1695,7.5,0.2867
CUST01058,46.0,209592.9,173140.31,684.0,52,35.26,2022-04-02,1,Male,Graduate,Salaried,1,8.4,4.8,5.4,0,2022,4,2,Saturday,2.0,1,False,False,True,False,False,False,False,False,True,Low,0,Med_Missed,2,-0.699171758055639,0.4924330358620945,0.509090909090909,0.018487887079300637,0.23957454064956307,0.5797574744943166,0.16666666666666666,0.6046511627906976,0.2655813953488372,0.6301369863013698,0.051708624120287934,0.2672228220606375,0.8047058823529412,0.16666666666666666,0.7536231884057971,0.2712307692307692,0.5417299898682876,-0.6979107901283798,0.9225110300645417,0.3584905660377358,0.0,0.7777777777777778,0.3638758231420508,3.590715205326705,5.938013135721409,0.027578599007170437,0.8730538953614208,-1.5853834734534455,0.8261,8.67,0.3526
CUST01059,49.0,417745.28,88705.7,593.0,50,37.31,2023-05-16,0,Male,Graduate,Salaried,2,8.4,4.8,5.4,0,2023,5,16,Tuesday,2.0,1,False,False,True,False,False,False,False,True,False,Mid-Low,0,High_Missed,2,-0.29508477838957264,-0.3727648231571545,0.5636363636363636,0.07164013775219506,0.10434219815241726,0.3493835599098756,0.3333333333333333,0.558139534883721,0.28147286821705425,0.6712328767123288,0.10306185782793424,0.13690738734881722,0.6976470588235294,0.3333333333333333,0.7246376811594203,0.28700000000000003,0.7560157041540018,-0.05571516334883524,-0.12733588442690674,-0.5,0.5,0.5555555555555556,0.44101599247413,3.6457109587125576,6.108191221630181,0.0261028452101279,-0.17397617157718892,-0.10240704841849818,0.2123,8.33,0.3731
CUST01060,54.0,487576.72,182416.14,613.0,46,22.94,2016-01-06,0,Female,Graduate,Salaried,2,8.4,4.8,5.4,0,2016,1,6,Wednesday,2.0,0,False,False,True,False,True,False,False,False,False,Mid-High,0,High_Missed,1,-0.15952074748427095,0.5874820715197062,0.6545454545454545,0.08947177726421593,0.2544309155354695,0.4000151894888737,0.3333333333333333,0.4651162790697674,0.17007751937984494,0.7397260273972602,0.12028995898373884,0.2815390345564724,0.7211764705882353,0.3333333333333333,0.6666666666666666,0.17646153846153848,1.1131585612968589,0.159730105063268,1.0378452692449824,-0.3113207547169811,0.5,0.1111111111111111,-0.09971777986829723,3.1755507001298273,4.789572005931219,0.04177109440267335,0.9505902264839375,0.18199821590700743,0.3741,7.67,0.2294
CUST01061,44.0,249621.21,127259.39,631.0,45,7.66,2015-12-24,1,Female,Graduate,Salaried,1,9.1,5.6,7.2,0,2015,12,24,Thursday,2.0,0,True,False,False,False,True,False,False,False,False,Low,0,Med_Missed,1,-0.6214646528616605,0.022293199202300152,0.47272727272727266,0.028709219965969174,0.1660906424291041,0.44558365610997175,0.16666666666666666,0.4418604651162792,0.05162790697674419,0.6027397260273972,0.06158400079554918,0.1964107222027919,0.7423529411764705,0.16666666666666666,0.6521739130434783,0.058923076923076925,0.39887284701114467,-0.5744146973651074,0.3520347491173213,-0.14150943396226415,0.0,0.0,-0.6746942615239888,2.1587147225743437,2.7676705006196096,0.11547344110854503,0.40357415735144925,-1.1737492210856133,0.5098,7.5,0.0766
CUST01062,38.0,369509.22,117334.6,769.0,44,43.74,2023-01-21,0,Male,Secondary,Salaried,2,8.55,5.0,5.9,0,2023,1,21,Saturday,1.0,1,False,False,False,True,False,False,False,True,False,Mid-Low,1,High_Missed,1,-0.38872561879884965,-0.0794057019854432,0.36363636363636365,0.05932293459269826,0.15019487882585836,0.794941900205058,0.3333333333333333,0.4186046511627908,0.3313178294573643,0.5205479452054794,0.09116154872593862,0.1810929120859035,0.9047058823529411,0.3333333333333333,0.6376811594202898,0.3364615384615385,-0.0296985815602839,-0.2045339603526252,0.22863144141594652,1.1603773584905661,0.5,-0.1111111111111111,0.6829727187206023,3.8008679560619836,6.613622305514581,0.022351363433169423,0.27624219376104714,-0.33980517041649216,0.3175,7.33,0.4374
CUST01063,38.415780141843975,218669.19,78872.92,584.0,46,4.96,2024-03-16,1,Male,Post-Graduate,Self-Employed,1,8.55,5.0,5.9,0,2024,3,16,Saturday,3.0,1,False,False,False,True,False,False,False,True,False,Low,0,Med_Missed,1,-0.6815519229489094,-0.47352090178660855,0.37119600257898133,0.020805541296177163,0.08859379980416783,0.32659932659932656,0.16666666666666666,0.4651162790697674,0.030697674418604652,0.5262435635869037,0.05394783388367557,0.12173158443901884,0.6870588235294117,0.16666666666666666,0.6666666666666666,0.038153846153846156,0.0,-0.6699084499899537,-0.24959515398323234,-0.5849056603773585,0.0,0.1111111111111111,-0.7762935089369709,1.7850704810772584,2.227105745132009,0.16778523489932887,-0.36856726129831036,-1.4831263853406664,0.3607,7.67,0.0496
CUST01064,50.0,599377.03,113488.47,592.0,35,21.13,2017-03-25,0,Female,Graduate,Salaried,0,8.75,5.2,6.1,0,2017,3,25,Saturday,2.0,0,False,True,False,False,False,True,False,False,False,Mid-High,0,Low_Missed,0,0.05751760486908642,-0.1188168325811753,0.5818181818181818,0.1180202766973106,0.14403483178533139,0.34685197843092563,0.0,0.2093023255813954,0.15604651162790695,0.684931506849315,0.1478721919998461,0.17515683796999093,0.6964705882352941,0.0,0.5072463768115942,0.16253846153846152,0.8274442755825733,0.5046585183468317,0.1808092543621661,-0.5094339622641509,-0.5,-1.1111111111111112,-0.16782690498588906,3.0969341540629585,4.596737973824482,0.045187528242205156,0.22354437000226113,0.5377640579061195,0.1893,5.83,0.2113
CUST01065,45.0,480689.91,201937.12,560.0,50,19.46,2021-10-22,1,Male,Post-Graduate,Self-Employed,1,8.4,4.8,5.4,0,2021,10,22,Friday,3.0,1,False,False,True,False,True,False,False,False,False,Mid-High,0,Med_Missed,2,-0.17289013702684577,0.7875127236652845,0.49090909090909085,0.08771321245003223,0.2856961496999896,0.2658413711045289,0.16666666666666666,0.558139534883721,0.14310077519379844,0.6164383561643836,0.11859091541080369,0.31166749721770515,0.6588235294117647,0.16666666666666666,0.7246376811594203,0.1496923076923077,0.4703014184397161,0.13848278968565075,1.2805661229428826,-0.8113207547169812,0.0,0.5555555555555556,-0.2306679209783631,3.0184717605234805,4.411349000022556,0.04887585532746823,1.0999701514425748,0.15648711391123338,0.4201,8.33,0.1946
CUST01066,38.415780141843975,194290.24,95556.29,531.0,53,8.31,2018-04-16,1,Other,Post-Graduate,Unemployed,2,8.75,5.2,6.1,0,2018,4,16,Monday,3.0,2,False,True,False,False,True,False,False,False,False,Low,0,High_Missed,2,-0.728878868107692,-0.30256711867295455,0.37119600257898133,0.014580313116984787,0.11531425490956367,0.19242550821498194,0.3333333333333333,0.627906976744186,0.05666666666666667,0.5262435635869037,0.047933307809570516,0.14748051149639663,0.6247058823529412,0.3333333333333333,0.7681159420289855,0.06392307692307693,0.0,-0.7451228437695356,-0.04215670524971901,-1.0849056603773586,0.5,0.8888888888888888,-0.6502351834430857,2.231089091288976,2.882707061079915,0.10741138560687433,-0.052456466214721525,-1.77222882809228,0.4918,8.83,0.0831
CUST01067,29.0,527409.43,135768.25,675.0,36,15.13,2016-03-31,0,Male,Post-Graduate,Salaried,2,8.4,4.8,5.4,0,2016,3,31,Thursday,3.0,1,False,False,True,False,False,False,False,True,False,Mid-High,0,High_Missed,0,-0.08219336128856974,0.10948312587685373,0.19999999999999996,0.09964316318303518,0.1797186211664994,0.5569732411837673,0.3333333333333333,0.2325581395348837,0.10953488372093023,0.3972602739726027,0.13011707922055238,0.20954320176066538,0.7941176470588235,0.3333333333333333,0.5217391304347826,0.11638461538461539,-0.6725557244174267,0.28262272903796326,0.4578326016429587,0.27358490566037735,0.5,-1.0,-0.39360301034807155,2.7806808921371173,3.889730067755345,0.0619962802231866,0.5040067090042896,0.3204821362555691,0.2574,6.0,0.1513
CUST01068,35.0,430088.18,101500.2,666.0,44,36.42,2019-05-08,0,Female,Graduate,Salaried,2,8.4,4.8,5.4,0,2019,5,8,Wednesday,2.0,0,False,False,True,False,False,True,False,False,False,Mid-Low,0,High_Missed,1,-0.271123461294278,-0.24166012560218525,0.3090909090909091,0.0747919293138888,0.12483415288614234,0.5341890078732183,0.3333333333333333,0.4186046511627908,0.2745736434108527,0.4794520547945205,0.10610697231728146,0.15665427585129724,0.7835294117647059,0.3333333333333333,0.6376811594202898,0.28015384615384614,-0.24398429584599818,-0.01763461677148062,0.03174895468658992,0.18867924528301888,0.5,-0.1111111111111111,0.40752587017873954,3.6222053208459437,6.034898507845845,0.026723677177979688,0.04516548392830513,-0.04760402033760758,0.236,7.33,0.3642
CUST01069,47.0,572751.46,106378.89,753.0,40,21.12,2020-02-23,1,Male,Graduate,Salaried,0,8.75,5.2,6.1,0,2020,2,23,Sunday,2.0,1,False,True,False,False,False,False,False,True,False,Mid-High,1,Low_Missed,1,0.0058292880543209455,-0.19166839658468138,0.5272727272727272,0.111221368268069,0.13264797090481267,0.7544365965418596,0.0,0.32558139534883723,0.15596899224806204,0.6438356164383562,0.1413034027368586,0.16418399154696056,0.8858823529411765,0.0,0.5797101449275363,0.16246153846153846,0.613158561296859,0.42251281040675115,0.09240983348096449,1.009433962264151,-0.5,-0.5555555555555556,-0.16820319849482596,3.096482176654134,4.595650117230423,0.045207956600361664,0.12052636836346382,0.46173226050667343,0.1857,6.67,0.2112
CUST01070,38.0,363754.25,277630.52,733.0,46,5.97,2023-12-03,0,Male,Secondary,Salaried,1,9.1,5.6,7.2,0,2023,12,3,Sunday,1.0,1,True,False,False,False,False,False,False,True,False,Mid-Low,1,Med_Missed,1,-0.3998977631931093,1.5631397754381018,0.36363636363636365,0.05785338806118617,0.406928376550726,0.7038049669628617,0.16666666666666666,0.4651162790697674,0.038527131782945735,0.5205479452054794,0.08974174118210707,0.4284918459748759,0.8623529411764705,0.16666666666666666,0.6666666666666666,0.04592307692307692,-0.0296985815602839,-0.22228930173400865,2.2217261808547626,0.8207547169811321,0.0,0.1111111111111111,-0.7382878645343369,1.9416152247724325,2.4433583445741234,0.14347202295552366,1.5537897575566015,-0.3709473686807086,0.7632,7.67,0.0597
CUST01071,51.0,296339.28,203015.58,842.0,40,40.14,2024-12-08,0,Female,Graduate,Salaried,2,8.4,4.8,5.4,0,2024,12,8,Sunday,2.0,0,False,False,True,False,False,False,True,False,False,Low,1,High_Missed,1,-0.5307706920137092,0.7985636574356647,0.6,0.04063880043770739,0.28742343513530416,0.9797473481684009,0.3333333333333333,0.32558139534883723,0.3034108527131783,0.6986301369863014,0.07310980687607625,0.31333198034517273,0.9905882352941177,0.3333333333333333,0.5797101449275363,0.3087692307692308,0.8988728470111447,-0.43027923157999054,1.2939755282022003,1.849056603773585,0.5,-0.5555555555555556,0.5475070555032927,3.716980884224811,6.335613624582863,0.024307243558580455,1.107736086222246,-0.7943282089105348,0.6851,6.67,0.4014
CUST01072,52.0,300913.37,103532.65,644.0,41,74.21,2025-11-07,0,Male,Graduate,Salaried,2,8.55,5.0,5.9,0,2025,11,7,Friday,2.0,1,False,False,False,True,False,True,False,False,False,Low,0,High_Missed,1,-0.5218909942998481,-0.22083369685971022,0.6181818181818182,0.041806806195222035,0.12808936984644242,0.4784942153363205,0.3333333333333333,0.34883720930232565,0.5675193798449611,0.7123287671232876,0.07423827974181915,0.15979113649742374,0.7576470588235295,0.3333333333333333,0.5942028985507246,0.5708461538461538,0.9703014184397161,-0.4161671633226109,0.057020124427980816,-0.018867924528301886,0.5,-0.4444444444444444,1.8295390404515521,4.320284200838311,8.614522621712709,0.013296104241457255,0.07705390815656342,-0.761588194296762,0.3441,6.83,0.7421
CUST01073,51.0,338038.44,112271.18,629.0,36,6.9,2016-03-14,1,Male,Graduate,Salaried,2,8.75,5.2,6.1,0,2016,3,14,Monday,2.0,1,False,True,False,False,False,False,False,True,False,Mid-Low,0,High_Missed,0,-0.44981995957907633,-0.1312903514593409,0.6,0.0512867892100151,0.14208519314546142,0.4405204931520721,0.3333333333333333,0.2325581395348837,0.04573643410852713,0.6986301369863014,0.0833973986340592,0.17327808616998436,0.74,0.3333333333333333,0.5217391304347826,0.05307692307692308,0.8988728470111447,-0.30162820105907845,0.16567365830100939,-0.16037735849056603,0.5,-1.0,-0.7032925682031985,2.066862759472976,2.6267851073127395,0.12658227848101264,0.2064386759647995,-0.5187822806397426,0.3321,6.0,0.069
CUST01074,51.0,446597.29,64788.13,546.0,47,22.52,2025-08-16,1,Female,Post-Graduate,Salaried,2,8.75,5.2,6.1,0,2025,8,16,Saturday,3.0,0,False,True,False,False,True,False,False,False,False,Mid-High,0,High_Missed,1,-0.23907426542692903,-0.6178471461162233,0.6,0.07900757341609117,0.06603528801284937,0.23039923039923038,0.3333333333333333,0.4883720930232558,0.1668217054263566,0.6986301369863014,0.11017993167587846,0.09999327675127444,0.6423529411764706,0.3333333333333333,0.6811594202898551,0.17323076923076922,0.8988728470111447,0.033299599037257356,-0.42472325989572496,-0.9433962264150944,0.5,0.2222222222222222,-0.11552210724365007,3.1578511230304263,4.745524207081869,0.04251700680272109,-0.7018581752792166,0.022433658787711842,0.1451,7.83,0.2252
CUST01075,27.0,476383.86,88984.46,706.0,45,23.18,2020-12-13,0,Female,Secondary,Salaried,2,8.4,4.8,5.4,0,2020,12,13,Sunday,1.0,0,False,False,True,False,True,False,False,False,False,Mid-High,1,High_Missed,1,-0.18124948770441698,-0.3699083812883496,0.16363636363636364,0.08661365140244769,0.10478866634590457,0.6354522670312144,0.3333333333333333,0.4418604651162792,0.17193798449612402,0.3698630136986301,0.11752857064200109,0.13733762242161815,0.8305882352941176,0.3333333333333333,0.6521739130434783,0.1783076923076923,-0.8154128672745696,0.1251976834634973,-0.12386982559293279,0.5660377358490566,0.5,0.0,-0.09068673565381,3.1855258451866466,4.814561246884289,0.0413564929693962,-0.16882446689987585,0.14028144586785046,0.1868,7.5,0.2318
CUST01076,43.0,402173.98,118852.52,659.0,53,6.72,2016-12-17,1,Male,Secondary,Self-Employed,1,8.75,5.2,6.1,0,2016,12,17,Saturday,1.0,1,False,True,False,False,True,False,False,False,False,Mid-Low,0,Med_Missed,2,-0.32531340026011885,-0.06385164027825349,0.4545454545454545,0.06766396586839127,0.15262601313586782,0.516467937520569,0.16666666666666666,0.627906976744186,0.044341085271317825,0.589041095890411,0.09922026539439169,0.18343565287262315,0.7752941176470588,0.16666666666666666,0.7681159420289855,0.05169230769230769,0.3274442755825732,-0.10375603015647082,0.24750502451705705,0.12264150943396226,0.0,0.8888888888888888,-0.7100658513640641,2.0438143640366846,2.592296279363144,0.1295336787564767,0.29649847986832745,-0.1747786044664517,0.2955,8.83,0.0672
CUST01077,31.0,358018.6,164451.04,702.0,52,55.14,2022-06-10,0,Male,Graduate,Salaried,0,8.75,5.2,6.1,0,2022,6,10,Friday,2.0,1,False,True,False,False,False,False,False,True,False,Mid-Low,1,Low_Missed,2,-0.4110324016004227,0.403394455587487,0.23636363636363633,0.05638877494183589,0.22565761325817496,0.6253259411154146,0.0,0.6046511627906976,0.41968992248062015,0.4246575342465753,0.08832670007176635,0.25381189972229334,0.8258823529411765,0.0,0.7536231884057971,0.42415384615384616,-0.5296985815602839,-0.23998503668903587,0.8144699874318689,0.5283018867924528,-0.5,0.7777777777777778,1.111947318908749,4.027848570933736,7.425631286294789,0.017812611328820806,0.7959818183721767,-0.4026605975795588,0.4593,8.67,0.5514
CUST01078,20.0,371126.54,154744.79,559.0,45,23.56,2015-09-11,1,Male,Secondary,Salaried,0,8.55,5.0,5.9,0,2015,9,11,Friday,1.0,1,False,False,False,True,False,False,False,False,True,Mid-Low,0,Low_Missed,1,-0.3855859095437668,0.3039349244887398,0.036363636363636376,0.05973592145385395,0.21011186816190552,0.26330978962557894,0.0,0.4418604651162792,0.17488372093023252,0.273972602739726,0.09156055743263729,0.23883138180231236,0.6576470588235294,0.0,0.6521739130434783,0.18123076923076922,-1.3154128672745695,-0.19954417435496763,0.6937839723749791,-0.8207547169811321,-0.5,0.0,-0.07638758231420513,3.2011191032789417,4.853864439804639,0.04071661237785017,0.7041791683290757,-0.3311720843421882,0.417,7.5,0.2356
CUST01079,35.0,1550150.21,50738.72,678.0,38,44.79,2020-04-21,0,Female,Secondary,Self-Employed,1,8.75,5.2,6.1,0,2020,4,21,Tuesday,1.0,0,False,True,False,False,False,False,True,False,False,High,0,Med_Missed,0,1.9032570706090468,-0.7618108530899823,0.3090909090909091,0.3608026767660725,0.04353344161357277,0.5645679856206172,0.16666666666666666,0.2790697674418605,0.33945736434108525,0.4794520547945205,0.38243726070337025,0.07830957416065912,0.7976470588235294,0.16666666666666666,0.5507246376811594,0.3445384615384615,-0.24398429584599818,3.438001765516432,-0.5994114563465085,0.3018867924528302,0.0,-0.7777777777777778,0.7224835371589841,3.824065726669004,6.692533152700851,0.021838829438742085,-1.1293889913899604,1.8712877537475516,0.0327,6.33,0.4479
CUST01080,53.0,300931.34,177404.84,666.0,33,30.0,2024-07-10,0,Male,Secondary,Salaried,0,8.75,5.2,6.1,0,2024,7,10,Wednesday,1.0,1,False,True,False,False,False,False,True,False,False,Low,0,Low_Missed,0,-0.5218561090728591,0.5361314934699801,0.6363636363636364,0.04181139488137875,0.24640470640208267,0.5341890078732183,0.0,0.16279069767441867,0.2248062015503876,0.726027397260274,0.07424271311706919,0.2738046500668496,0.7835294117647059,0.0,0.4782608695652174,0.23076923076923078,1.0417299898682875,-0.41611172194157436,0.975535538169171,0.18867924528301888,-0.5,-1.3333333333333333,0.16594543744120416,3.4339872044851463,5.477225575051661,0.03225806451612903,0.9092767467911351,-0.7614609102759068,0.5895,5.5,0.3
CUST01081,43.0,546191.74,93595.33,661.0,46,53.75,2026-03-01,0,Male,Graduate,Self-Employed,1,9.1,5.6,7.2,1,2026,3,1,Sunday,2.0,1,True,False,False,False,False,False,False,True,False,Mid-High,0,Med_Missed,1,-0.04573119391363159,-0.32266099242475343,0.4545454545454545,0.10443927480729817,0.11217353791752448,0.5215311004784688,0.16666666666666666,0.4651162790697674,0.40891472868217055,0.589041095890411,0.13475085931472888,0.14445398771838083,0.7776470588235294,0.16666666666666666,0.6666666666666666,0.41346153846153844,0.3274442755825732,0.340570264121721,-0.0665389793603135,0.14150943396226415,0.0,0.1111111111111111,1.0596425211665101,4.00277736869661,7.33143914930759,0.0182648401826484,-0.08619656194191491,0.3809299212978665,0.1714,7.67,0.5375
CUST01082,60.0,2296569.52,54600.87,595.0,41,29.68,2018-04-24,0,Female,Graduate,Salaried,0,8.4,4.8,5.4,0,2018,4,24,Tuesday,2.0,0,False,False,True,False,True,False,False,False,False,High,0,Low_Missed,1,3.352283618094736,-0.7222355662353241,0.7636363636363636,0.5514027855527647,0.04971914664111245,0.35444672286777545,0.0,0.34883720930232565,0.22232558139534886,0.821917808219178,0.5665862253720908,0.08427037336577485,0.7,0.0,0.5942028985507246,0.2283076923076923,1.5417299898682875,5.740868620201471,-0.5513900790842324,-0.4811320754716981,-0.5,-0.4444444444444444,0.1539040451552211,3.4236109764990554,5.447935388750494,0.03259452411994785,-0.9994898140370075,2.301714047396629,0.0238,6.83,0.2968
CUST01083,40.0,546072.29,220098.59,745.0,43,16.55,2017-01-02,0,Female,Primary,Salaried,0,9.1,5.6,7.2,0,2017,1,2,Monday,0.0,0,True,False,False,False,False,False,True,False,False,Mid-High,1,Low_Missed,1,-0.04596308263727286,0.9736125346390346,0.4,0.10440877293966219,0.31478396252095997,0.7341839447102605,0.0,0.39534883720930236,0.12054263565891472,0.547945205479452,0.1347213898281615,0.3396977073182277,0.8764705882352941,0.0,0.6231884057971014,0.12730769230769232,0.11315856129685896,0.34020173474137577,1.5063830390407837,0.9339622641509434,-0.5,-0.2222222222222222,-0.34016933207902167,2.865053949911875,4.068169121361598,0.05698005698005698,1.2248049854980938,0.38055447946689513,0.4031,7.17,0.1655
CUST01084,65.0,221906.12,237510.57,814.0,43,34.46,2021-09-12,0,Female,Primary,Unemployed,3,8.4,4.8,5.4,0,2021,9,12,Sunday,0.0,0,False,False,True,False,True,False,False,False,False,Low,1,High_Missed,1,-0.6752680588533345,1.1520323534465828,0.8545454545454544,0.021632099775934215,0.3426713755487865,0.9088630667578035,0.5,0.39534883720930236,0.2593798449612403,0.8904109589041096,0.05474641626253327,0.36657116291769715,0.9576470588235294,0.5,0.6231884057971014,0.2650769230769231,1.8988728470111447,-0.6599218128436884,1.7228809121071342,1.5849056603773586,1.0,-0.2222222222222222,0.33377234242709325,3.5684053006460617,5.8702640485756685,0.02820078962210942,1.3338854957448854,-1.4480476569671519,1.0703,7.17,0.3446
CUST01085,40.0,4053345.1346999966,115641.27,561.0,42,11.75,2016-10-22,1,Male,Graduate,Salaried,2,8.55,5.0,5.9,0,2016,10,22,Saturday,2.0,1,False,False,False,True,True,False,False,False,False,High,0,High_Missed,1,6.762718570100179,-0.09675718250525689,0.4,1.0,0.14748280397265906,0.2683729525834788,0.3333333333333333,0.37209302325581395,0.08333333333333333,0.547945205479452,1.0,0.1784794454629089,0.66,0.3333333333333333,0.6086956521739131,0.09038461538461538,0.11315856129685896,11.16090569589229,0.20757683743641958,-0.8018867924528302,0.5,-0.3333333333333333,-0.5207902163687678,2.545531271604435,3.427827300200522,0.0784313725490196,0.25328825393289556,2.824666099397965,0.0285,7.0,0.1175
CUST01086,38.0,280682.82,151036.4,708.0,57,36.91,2026-04-01,0,Female,Secondary,Salaried,0,8.75,5.2,6.1,0,2026,4,1,Wednesday,1.0,0,False,True,False,False,True,False,False,False,False,Low,1,Low_Missed,3,-0.5611646353049778,0.265935209817133,0.36363636363636365,0.03664088272679701,0.20417242855777878,0.640515429989114,0.0,0.7209302325581395,0.2783720930232558,0.5205479452054794,0.06924720463528315,0.23310789406510402,0.8329411764705882,0.0,0.8260869565217391,0.2839230769230769,-0.0296985815602839,-0.4785828356168451,0.6476744232311984,0.5849056603773585,-0.5,1.3333333333333333,0.42596425211665095,3.635214929528243,6.0753600716336145,0.026378264310208392,0.6673504603814208,-0.9118254753852624,0.5381,9.5,0.3691
CUST01087,24.0,696993.07,647924.8616000001,454.99,41,10.05,2018-10-08,0,Female,Graduate,Unemployed,1,8.4,4.8,5.4,0,2018,10,8,Monday,2.0,0,False,False,True,False,True,False,False,False,False,High,0,Med_Missed,1,0.247019981784315,5.357530151129569,0.10909090909090907,0.14294678595833987,1.0,0.0,0.16666666666666666,0.34883720930232565,0.07015503875968992,0.3287671232876712,0.17195502648742175,1.0,0.5352823529411764,0.16666666666666666,0.5942028985507246,0.07730769230769231,-1.029698581560284,0.8058253557932114,6.825908896715029,-1.8019811320754715,0.0,-0.4444444444444444,-0.5847601128880527,2.402430427963762,3.170173496829472,0.09049773755656108,2.665149200562096,0.7814190278692947,0.9296,6.83,0.1005
CUST01088,38.415780141843975,398124.03,228082.64,703.0,39,21.92,2017-02-21,0,Female,Graduate,Salaried,0,9.1,5.6,7.2,0,2017,2,21,Tuesday,2.0,0,True,False,False,False,False,False,False,False,True,Mid-Low,1,Low_Missed,0,-0.3331755830672458,1.0554247555553466,0.37119600257898133,0.06662980062073623,0.32757139393225376,0.6278575225943646,0.0,0.3023255813953488,0.16217054263565894,0.5262435635869037,0.09822110300742172,0.3520202009794279,0.8270588235294117,0.0,0.5652173913043478,0.16861538461538464,0.0,-0.11625101185533868,1.6056554849920999,0.5377358490566038,-0.5,-0.6666666666666666,-0.13809971777986824,3.132009891846539,4.68187996428785,0.04363001745200698,1.2760045440841845,-0.19423019468817054,0.5729,6.5,0.2192
CUST01089,32.0,355081.31,152793.27,500.0,39,18.67,2017-09-26,1,Male,Secondary,Self-Employed,2,8.55,5.0,5.9,0,2017,9,26,Tuesday,1.0,1,False,False,False,True,False,False,False,True,False,Mid-Low,0,High_Missed,0,-0.41673457346366694,0.2839377820156087,0.2545454545454545,0.05563873031405414,0.20698627048306228,0.11394648236753491,0.3333333333333333,0.3023255813953488,0.13697674418604655,0.4383561643835616,0.08760204181978225,0.23581942761493807,0.5882352941176471,0.3333333333333333,0.5652173913043478,0.14361538461538462,-0.4582700101317125,-0.24904721888740072,0.6695190737680172,-1.3773584905660377,0.5,-0.6666666666666666,-0.2603951081843838,2.979094632400968,4.32087954009366,0.05083884087442806,0.6849257344146605,-0.41917075380924934,0.4303,6.5,0.1867
CUST01090,31.0,989131.42,44506.34,608.0,53,28.15,2019-04-23,1,Male,Graduate,Salaried,0,8.4,4.8,5.4,0,2019,4,23,Tuesday,2.0,1,False,False,True,False,False,False,False,True,False,High,0,Low_Missed,2,0.8141492334226014,-0.8256737859867457,0.23636363636363633,0.21754507212910462,0.03355152369232742,0.38735728209412423,0.0,0.627906976744186,0.21046511627906977,0.4246575342465753,0.24402842272971395,0.06869058842732945,0.7152941176470589,0.0,0.7681159420289855,0.21653846153846154,-0.5296985815602839,1.7071360724162543,-0.6769039077587697,-0.3584905660377358,-0.5,0.8888888888888888,0.0963311382878645,3.3724549127965013,5.305657357952923,0.03430531732418525,-1.3649007023122115,1.2978196147279444,0.045,8.83,0.2815
CUST01091,52.0,587246.93,329682.27,690.6,39,59.77,2023-07-11,0,Male,Secondary,Salaried,3,9.1,5.6,7.2,0,2023,7,11,Tuesday,1.0,1,True,False,False,False,True,False,False,False,False,Mid-High,0,High_Missed,0,0.03396939719523065,2.0965118447613946,0.6181818181818182,0.11492282416812369,0.4902956128484457,0.5964659122553859,0.5,0.3023255813953488,0.45558139534883724,0.7123287671232876,0.14487957735764448,0.5088279359830016,0.8124705882352942,0.5,0.5652173913043478,0.4597692307692308,0.9703014184397161,0.4672345063206491,2.8689296100099426,0.4207547169811323,1.0,-0.6666666666666666,1.2861712135465668,4.107096246147264,7.731106001084192,0.01645548790521639,1.790241166496279,0.5037085138189841,0.5614,6.5,0.5977
CUST01092,51.0,719631.62,187099.18,633.0,40,14.69,2024-12-21,1,Female,Secondary,Self-Employed,1,8.75,5.2,6.1,0,2024,12,21,Saturday,1.0,0,False,True,False,False,False,False,True,False,False,High,0,Med_Missed,1,0.29096828203204333,0.6354689833050686,0.6,0.14872759847881578,0.26193137617841944,0.45064681906787163,0.16666666666666666,0.32558139534883723,0.10612403100775193,0.6986301369863014,0.17754017881165765,0.28876678622575636,0.7447058823529412,0.16666666666666666,0.5797101449275363,0.11299999999999999,0.8988728470111447,0.8756702348507079,1.09607346612349,-0.12264150943396226,0.0,-0.5555555555555556,-0.4101599247412983,2.753023566744941,3.83275357934736,0.06373486297004462,0.9880402657773781,0.8313437870949889,0.26,6.67,0.1469
CUST01093,38.415780141843975,486464.01,72713.73,717.0,50,42.82,2023-06-19,1,Male,Post-Graduate,Salaried,3,8.75,5.2,6.1,1,2023,6,19,Monday,3.0,1,False,True,False,False,False,False,True,False,False,Mid-High,1,High_Missed,2,-0.16168085549333724,-0.5366338598649697,0.37119600257898133,0.08918764387671282,0.07872910460885638,0.6632996632996633,0.5,0.558139534883721,0.3241860465116279,0.5262435635869037,0.12001544251326259,0.1122255593348264,0.8435294117647059,0.5,0.7246376811594203,0.3293846153846154,0.0,0.15629715130182728,-0.3261775722269666,0.6698113207547169,1.0,0.5555555555555556,0.6483537158984009,3.7800903341673204,6.543699259593154,0.022820629849383843,-0.5051797796723414,0.1779097396377074,0.1495,8.33,0.4282
CUST01094,38.415780141843975,354256.94,53221.88,501.0,32,54.96,2022-06-21,1,Male,Graduate,Salaried,2,8.75,5.2,6.1,0,2022,6,21,Tuesday,2.0,1,False,True,False,False,True,False,False,False,False,Mid-Low,0,High_Missed,0,-0.41833492597189825,-0.7363660181389801,0.37119600257898133,0.05542822529418737,0.04751052569787437,0.11647806384648485,0.3333333333333333,0.13953488372093026,0.4182945736434108,0.5262435635869037,0.087398661655349,0.08214205559047805,0.5894117647058823,0.3333333333333333,0.463768115942029,0.4227692307692308,0.0,-0.2515905806728785,-0.5685362279989319,-1.3679245283018868,0.5,-1.4444444444444444,1.1051740357478836,4.024637149797281,7.413501197140255,0.017869907076483203,-1.0446286686559236,-0.4238379310378255,0.1502,5.33,0.5496
CUST01095,37.0,600595.66,133637.75,621.0,37,41.91,2018-02-08,1,Male,Post-Graduate,Self-Employed,0,9.1,5.6,7.2,0,2018,2,8,Thursday,3.0,1,True,False,False,False,False,False,True,False,False,Mid-High,0,Low_Missed,0,0.059883335763109634,0.08765198295287373,0.34545454545454546,0.11833145703182088,0.17630636515335302,0.4202678413204728,0.0,0.2558139534883721,0.3171317829457364,0.5068493150684932,0.14817283997318734,0.2062550118388604,0.7305882352941176,0.0,0.5362318840579711,0.3223846153846154,-0.10112715298885533,0.508418258478856,0.43134229332834656,-0.2358490566037736,-0.5,-0.8888888888888888,0.6141110065851364,3.7591048990034333,6.473793323855805,0.023304591004427874,0.47954970243012746,0.5411334235256505,0.2225,6.17,0.4191
CUST01096,37.0,809852.73,83536.92,609.0,55,28.0,2025-10-10,0,Male,Secondary,Salaried,2,8.4,4.8,5.4,0,2025,10,10,Friday,1.0,1,False,False,True,False,True,False,False,False,False,High,0,High_Missed,3,0.4661148541827914,-0.4257290920717798,0.34545454545454546,0.17176579316439555,0.09606376556118011,0.38988886357307395,0.3333333333333333,0.6744186046511629,0.20930232558139533,0.5068493150684932,0.1997986115386496,0.12892994998480545,0.7164705882352941,0.3333333333333333,0.7971014492753623,0.2153846153846154,-0.10112715298885533,1.154022095565422,-0.19160369752730608,-0.3490566037735849,0.5,1.1111111111111112,0.09068673565381,3.367295829986474,5.291502622129181,0.034482758620689655,-0.2730002943147979,1.0108773239867503,0.1032,9.17,0.28
CUST01097,47.0,473245.25,120330.48,776.0,48,26.95,2026-06-28,1,Male,Secondary,Salaried,1,9.1,5.6,7.2,0,2026,6,28,Sunday,1.0,1,True,False,False,False,False,True,False,False,False,Mid-High,1,Med_Missed,2,-0.18734248282294363,-0.04870704699220548,0.5272727272727272,0.08581219918996541,0.15499314662433994,0.8126629705577073,0.16666666666666666,0.5116279069767442,0.2011627906976744,0.6438356164383562,0.11675424477146742,0.18571671984133042,0.9129411764705883,0.16666666666666666,0.6956521739130435,0.2073076923076923,0.613158561296859,0.11551438502527364,0.2658817511430434,1.2264150943396226,0.0,0.3333333333333333,0.051175917215428024,3.3304171996011083,5.191338940966964,0.03577817531305903,0.31593907401460974,0.12834303862112367,0.2543,8.0,0.2695
CUST01098,55.0,1089055.43,154205.92,685.0,49,13.93,2022-04-05,1,Female,Graduate,Salaried,0,8.75,5.2,6.1,0,2022,4,5,Tuesday,2.0,0,False,True,False,False,True,False,False,False,False,High,0,Low_Missed,2,1.0081320809741008,0.2984131465082447,0.6727272727272727,0.24306092752197017,0.209248802028226,0.5822890559732665,0.0,0.5348837209302326,0.10023255813953488,0.7534246575342466,0.2686806560528937,0.23799969585856065,0.8058823529411765,0.0,0.7101449275362319,0.10715384615384616,1.1845871327254305,2.0154235021937827,0.6870837459297808,0.36792452830188677,-0.5,0.4444444444444444,-0.43875823142050807,2.703372611551099,3.7322915213043046,0.06697923643670463,0.6988906351853169,1.4286566844489514,0.1416,8.17,0.1393
CUST01099,42.0,676876.15,70272.43,556.0,56,5.06,2024-01-01,0,Female,Graduate,Salaried,0,8.55,5.0,5.9,0,2024,1,1,Monday,2.0,0,False,False,False,True,False,False,False,True,False,High,0,Low_Missed,3,0.20796693111545475,-0.5616497571756068,0.4363636363636363,0.13780987820544002,0.07481906442819726,0.25571504518872934,0.0,0.6976744186046513,0.03147286821705426,0.5753424657534246,0.16699198501637047,0.10845768416181421,0.6541176470588236,0.0,0.8115942028985508,0.03892307692307692,0.2560157041540018,0.7437602569061657,-0.35653231979254396,-0.8490566037735849,-0.5,1.2222222222222223,-0.7725305738476013,1.801709800081223,2.2494443758403984,0.16501650165016502,-0.563038871135192,0.7351635205381245,0.1038,9.33,0.0506
CUST01100,60.0,491880.6,50530.64,612.0,30,24.22,2018-06-28,0,Male,Post-Graduate,Self-Employed,0,8.55,5.0,5.9,0,2018,6,28,Thursday,3.0,1,False,False,False,True,False,False,True,False,False,Mid-High,0,Low_Missed,0,-0.1511656094356683,-0.7639430400036747,0.7636363636363636,0.09057078419666637,0.04320017607439629,0.3974836080099238,0.0,0.09302325581395354,0.18,0.821917808219178,0.12135176839225804,0.07798842581100919,0.72,0.0,0.43478260869565216,0.18630769230769229,1.5417299898682875,0.17300851636072206,-0.6019986909647224,-0.32075471698113206,-0.5,-1.6666666666666667,-0.05155221072436505,3.2276373305367736,4.921381919745713,0.039651070578905635,-1.136706294399171,0.19769318912464431,0.1027,5.0,0.2422
CUST01101,48.0,501692.8,124429.07,774.0,44,58.22,2020-02-21,0,Male,Secondary,Self-Employed,0,8.75,5.2,6.1,0,2020,2,21,Friday,1.0,1,False,True,False,False,True,False,False,False,False,Mid-High,1,Low_Missed,1,-0.13211714954354803,-0.006708969509550997,0.5454545454545454,0.09307635494273506,0.16155753919553056,0.8075998075998074,0.0,0.4186046511627908,0.4435658914728682,0.6575342465753424,0.12377253437046194,0.19204243790357434,0.9105882352941177,0.0,0.6376811594202898,0.44784615384615384,0.6845871327254304,0.20328129983351376,0.3168429868882611,1.2075471698113207,-0.5,-0.1111111111111111,1.227845719661336,4.0812593226734455,7.630203142774116,0.016886187098953058,0.3684526438890553,0.23278559852630287,0.248,7.33,0.5822
CUST01102,38.415780141843975,473836.95,71680.02,707.0,51,63.76,2024-04-02,0,Male,Post-Graduate,Salaried,1,8.75,5.2,6.1,0,2024,4,2,Tuesday,3.0,1,False,True,False,False,False,False,False,True,False,Mid-High,1,Med_Missed,2,-0.18619381344011737,-0.5472262422878503,0.37119600257898133,0.08596329132123555,0.07707349176522835,0.6379838485101643,0.16666666666666666,0.5813953488372092,0.4865116279069767,0.5262435635869037,0.11690022296486985,0.11063014285791066,0.831764705882353,0.16666666666666666,0.7391304347826086,0.49046153846153845,0.0,0.11733990896290752,-0.33903056289014305,0.5754716981132075,0.0,0.6666666666666666,1.436312323612418,4.170688128809434,7.984985911070852,0.015441630636195185,-0.5294033734087661,0.13060194470195982,0.1513,8.5,0.6376
CUST01103,47.0,236660.19,107759.53,454.99,54,6.26,2019-11-16,1,Female,Post-Graduate,Salaried,0,8.75,5.2,6.1,0,2019,11,16,Saturday,3.0,0,False,True,False,False,False,True,False,False,False,Low,0,Low_Missed,2,-0.6466259285828003,-0.1775210372011734,0.5272727272727272,0.025399589857409297,0.13485923452461573,0.0,0.0,0.6511627906976745,0.04077519379844961,0.6438356164383562,0.05838639003967179,0.16631485591384196,0.5352823529411764,0.0,0.782608695652174,0.04815384615384615,0.613158561296859,-0.6144022793596166,0.10957649824110814,-1.8019811320754715,-0.5,1.0,-0.7273753527751646,1.9823798288367047,2.5019992006393608,0.13774104683195593,0.14113698433292013,-1.2965676690371386,0.4553,9.0,0.0626
CUST01104,57.0,422930.82,44090.7,629.0,41,62.45,2023-09-23,1,Female,Graduate,Salaried,1,8.55,5.0,5.9,0,2023,9,23,Saturday,2.0,0,False,False,False,True,False,True,False,False,False,Mid-Low,0,Med_Missed,1,-0.2850180705453599,-0.8299328313962379,0.7090909090909091,0.0729642788547581,0.032885825457497964,0.4405204931520721,0.16666666666666666,0.34883720930232565,0.47635658914728685,0.7808219178082192,0.10434118140578787,0.06804909429022594,0.74,0.16666666666666666,0.5942028985507246,0.4803846153846154,1.3274442755825733,-0.03971663808340043,-0.6820719113954209,-0.16037735849056603,0.0,-0.4444444444444444,1.3870178739416748,4.150252194160397,7.90253124005214,0.015760441292356184,-1.3819329851222555,-0.07911755287759416,0.1043,6.83,0.6245
CUST01105,60.0,494149.43,84854.25,631.0,45,35.62,2024-11-18,1,Male,Secondary,Salaried,1,8.75,5.2,6.1,0,2024,11,18,Monday,1.0,1,False,True,False,False,False,False,True,False,False,Mid-High,0,Med_Missed,1,-0.1467611214251264,-0.41223046756671217,0.7636363636363636,0.0911501358278809,0.09817363048199594,0.44558365610997175,0.16666666666666666,0.4418604651162792,0.26837209302325576,0.821917808219178,0.12191151100597651,0.13096310240428038,0.7423529411764705,0.16666666666666666,0.6521739130434783,0.27399999999999997,1.5417299898682875,0.18000835322978043,-0.17522421953993783,-0.14150943396226415,0.0,0.0,0.3774223894637817,3.6005945392463645,5.968249324550709,0.02730748225013654,-0.24711005371544756,0.2058917828441999,0.1717,7.5,0.3562
CUST01106,51.0,359315.98,151595.51,607.0,41,32.77,2025-09-24,1,Female,Graduate,Salaried,0,8.4,4.8,5.4,0,2025,9,24,Wednesday,2.0,0,False,False,True,False,False,True,False,False,False,Mid-Low,0,Low_Missed,1,-0.40851379304221563,0.27166438621714556,0.6,0.05672006429331003,0.2050679115239888,0.3848257006151743,0.0,0.34883720930232565,0.24627906976744185,0.6986301369863014,0.08864677644248874,0.23397081819896012,0.7141176470588235,0.0,0.5942028985507246,0.2520769230769231,0.8988728470111447,-0.2359823355800154,0.6546263107138471,-0.36792452830188677,-0.5,-0.4444444444444444,0.27017873941674525,3.5195728343974766,5.724508712544685,0.029612081729345572,0.6729689199606728,-0.39542685736838884,0.4219,6.83,0.3277
CUST01107,38.0,523786.01,141996.76,513.0,53,57.93,2018-05-09,1,Male,Secondary,Unemployed,1,8.4,4.8,5.4,0,2018,5,9,Wednesday,1.0,1,False,False,True,False,False,False,False,True,False,Mid-High,0,Med_Missed,2,-0.08922751984040392,0.1733064030481463,0.36363636363636365,0.09871791347830838,0.18969434080998326,0.14685704159388369,0.16666666666666666,0.627906976744186,0.4413178294573643,0.5205479452054794,0.129223145967995,0.21915621457918755,0.6035294117647059,0.16666666666666666,0.7681159420289855,0.44561538461538464,-0.0296985815602839,0.2714436856948818,0.5352769340722686,-1.2547169811320755,0.0,0.8888888888888888,1.216933207902164,4.076350298849822,7.611175993235211,0.016969285593076533,0.5730625030042271,0.30848249654552823,0.2711,8.83,0.5793
CUST01108,36.0,447151.95,61511.86,596.0,42,47.08,2020-06-21,0,Male,Graduate,Salaried,0,8.55,5.0,5.9,0,2020,6,21,Sunday,2.0,1,False,False,False,True,True,False,False,False,False,Mid-High,0,Low_Missed,1,-0.23799750193212013,-0.6514189455189681,0.32727272727272727,0.0791492072871919,0.06078794137675876,0.3569783043467254,0.0,0.37209302325581395,0.35720930232558135,0.4931506849315068,0.11031677173799201,0.0949367181992388,0.7011764705882353,0.0,0.6086956521739131,0.36215384615384616,-0.17255572441742675,0.0350108464721873,-0.4654598956253256,-0.4716981132075472,-0.5,-0.3333333333333333,0.8086547507055504,3.872866290226952,6.861486719363377,0.02079866888519135,-0.7913658551082328,0.024725261387344502,0.1376,7.0,0.4708
CUST01109,44.0,651378.36,48973.83,761.0,36,9.9,2019-06-08,0,Other,Graduate,Salaried,0,8.4,4.8,5.4,0,2019,6,8,Saturday,2.0,2,False,False,True,False,False,False,False,True,False,High,1,Low_Missed,0,0.1584679777560954,-0.7798956058874961,0.47272727272727266,0.13129895132732877,0.040706754678561316,0.7746892483734589,0.0,0.2325581395348837,0.06899224806201551,0.6027397260273972,0.160701430140666,0.07558566263233507,0.8952941176470588,0.0,0.5217391304347826,0.07615384615384616,0.39887284701114467,0.6650939969741715,-0.6213558263260325,1.0849056603773586,-0.5,-1.0,-0.5904045155221073,2.388762789235098,3.146426544510455,0.09174311926605504,-1.1925707593505552,0.6737687517478329,0.0752,6.0,0.099
CUST01110,56.0,616341.33,99653.88,620.0,47,12.58,2020-10-11,1,Male,Post-Graduate,Unemployed,1,8.4,4.8,5.4,0,2020,10,11,Sunday,3.0,1,False,False,True,False,False,False,True,False,False,Mid-High,0,Med_Missed,1,0.09045046275497282,-0.2605792881477861,0.6909090909090908,0.1223521547478531,0.1218770458585937,0.41773625984152285,0.16666666666666666,0.4883720930232558,0.08976744186046512,0.7671232876712328,0.15205745119595343,0.1538046861698014,0.7294117647058823,0.16666666666666666,0.6811594202898551,0.09676923076923077,1.2560157041540019,0.5569970948808891,0.008792096649774882,-0.24528301886792453,0.0,0.2222222222222222,-0.4895578551269991,2.60859812213055,3.5468295701936396,0.07363770250368189,0.01555752555117341,0.5838468897974707,0.1617,7.83,0.1258
CUST01111,43.0,480977.92,138222.46,642.0,62,4.39,2023-07-15,0,Male,Graduate,Salaried,1,8.55,5.0,5.9,0,2023,7,15,Saturday,2.0,1,False,False,False,True,False,False,True,False,False,Mid-High,0,Med_Missed,3,-0.17233102215622248,0.13463131140863535,0.4545454545454545,0.08778675655131178,0.18364933828925173,0.47343105237842065,0.16666666666666666,0.8372093023255813,0.026279069767441855,0.589041095890411,0.11866197030261007,0.21333100208359096,0.7552941176470588,0.16666666666666666,0.8985507246376812,0.03376923076923077,0.3274442755825732,0.13937136353942453,0.4883478701568305,-0.03773584905660377,0.0,1.8888888888888888,-0.7977422389463783,1.6845453849209058,2.0952326839756963,0.1855287569573284,0.5316411815469583,0.15756396489703808,0.2874,10.33,0.0439
CUST01112,43.0,223327.27,125882.61,666.2,42,31.71,2018-09-21,1,Male,Graduate,Unemployed,0,8.75,5.2,6.1,0,2018,9,21,Friday,2.0,1,False,True,False,False,False,False,False,True,False,Low,0,Low_Missed,1,-0.6725091751396223,0.008185393074688258,0.4545454545454545,0.021994994118260655,0.1638855610708409,0.5346953241690084,0.0,0.37209302325581395,0.23806201550387596,0.589041095890411,0.055097027906193655,0.19428581531682962,0.783764705882353,0.0,0.6086956521739131,0.24392307692307694,0.3274442755825732,-0.6555372542092989,0.33491607900167164,0.1905660377358495,-0.5,-0.3333333333333333,0.23029162746942622,3.4876808415502927,5.631163290120435,0.03057169061449098,0.3866025310555332,-1.432866198741942,0.5637,7.0,0.3171
CUST01113,39.0,1083125.47,72598.83,827.0,36,11.02,2017-09-05,1,Male,Graduate,Salaried,1,8.55,5.0,5.9,0,2017,9,5,Tuesday,2.0,1,False,False,False,True,False,False,False,True,False,High,1,Med_Missed,0,0.9966202278502471,-0.5378112352801141,0.38181818181818183,0.24154669683961993,0.07854507822260409,0.941773625984152,0.16666666666666666,0.2325581395348837,0.07767441860465116,0.5342465753424658,0.26721767675975766,0.1120482239572083,0.9729411764705882,0.16666666666666666,0.5217391304347826,0.08476923076923076,0.04172998986828753,1.997128278382373,-0.32760622110063414,1.7075471698113207,0.0,-1.0,-0.5482596425211667,2.4865719291070616,3.3196385345395663,0.0831946755407654,-0.5078527790992785,1.4213556454408993,0.067,6.0,0.1102
CUST01114,34.0,412113.68,118030.07,651.0,42,16.06,2018-02-02,1,Female,Graduate,Salaried,0,8.75,5.2,6.1,0,2018,2,2,Friday,2.0,0,False,True,False,False,False,False,False,False,True,Mid-Low,0,Low_Missed,1,-0.30601742414979616,-0.07227925046263617,0.2909090909090909,0.07020209407049671,0.15130875898988694,0.4962152856889699,0.0,0.37209302325581395,0.11674418604651161,0.4657534246575342,0.10167248687311747,0.18216629272186582,0.7658823529411765,0.0,0.6086956521739131,0.12353846153846153,-0.31541286727456963,-0.07308988129235193,0.23727880810149607,0.04716981132075472,-0.5,-0.3333333333333333,-0.3586077140169333,2.836736542063533,4.007492981902775,0.0586166471277843,0.28556007061874034,-0.12815052942667546,0.2864,7.0,0.1606
CUST01115,36.0,424877.76,243145.01,694.2,48,53.3,2023-10-22,0,Other,Post-Graduate,Unemployed,1,8.4,4.8,5.4,0,2023,10,22,Sunday,3.0,2,False,False,True,False,True,False,False,False,False,Mid-Low,0,Med_Missed,2,-0.2812384687738545,1.2097682205841513,0.32727272727272727,0.07346143503872815,0.3516956195153261,0.6055796055796057,0.16666666666666666,0.5116279069767442,0.4054263565891472,0.4931506849315068,0.10482151059940442,0.37526729472854664,0.8167058823529413,0.16666666666666666,0.6956521739130435,0.41,-0.17255572441742675,-0.033709902279552464,1.7929386698072904,0.4547169811320759,0.0,0.3333333333333333,1.0427093132643463,3.9945242269398897,7.3006848993775915,0.01841620626151013,1.3672358322513118,-0.07047366572033086,0.5723,8.0,0.533
CUST01116,39.0,372778.46,111645.82,602.0,47,34.83,2026-06-15,1,Male,Secondary,Salaried,1,8.55,5.0,5.9,0,2026,6,15,Monday,1.0,1,False,False,False,True,False,False,False,True,False,Mid-Low,0,Med_Missed,1,-0.3823790311816266,-0.13769838879280244,0.38181818181818183,0.06015774351484393,0.14108360271111214,0.3721677932204248,0.16666666666666666,0.4883720930232558,0.2622480620155038,0.5342465753424658,0.09196810229869329,0.17231291252553474,0.7082352941176471,0.16666666666666666,0.6811594202898551,0.26792307692307693,0.04172998986828753,-0.19444763978836938,0.1578980285391575,-0.41509433962264153,0.0,0.2222222222222222,0.34769520225776107,3.5787855313168624,5.901694671871801,0.027909572983533353,0.19756822883299058,-0.3224070922559897,0.2995,7.83,0.3483
CUST01117,57.0,346554.08,37053.25,850.0,49,35.5,2016-03-08,0,Male,Post-Graduate,Salaried,2,9.1,5.6,7.2,0,2016,3,8,Tuesday,3.0,1,True,False,False,False,True,False,False,False,False,Mid-Low,1,High_Missed,2,-0.43328851637615184,-0.9020452823562768,0.7090909090909091,0.053461279993738675,0.021614489583422887,1.0,0.3333333333333333,0.5348837209302326,0.26744186046511625,0.7808219178082192,0.08549829054358328,0.057187572504163335,1.0,0.3333333333333333,0.7101449275362319,0.27307692307692305,1.3274442755825733,-0.2753555888159277,-0.7695744789845629,1.9245283018867925,0.5,0.4444444444444444,0.37290686735653816,3.597312260588446,5.958187643906492,0.0273972602739726,-1.7018032434338493,-0.4681755548287025,0.1069,8.17,0.355
CUST01118,35.0,957450.23,111515.65,651.0,49,91.49,2026-03-26,0,Female,Graduate,Salaried,0,9.1,5.6,7.2,0,2026,3,26,Thursday,2.0,0,True,False,False,False,False,False,True,False,False,High,0,Low_Missed,2,0.7526464229367121,-0.13903223524875866,0.3090909090909091,0.20945519800661994,0.14087511955446758,0.4962152856889699,0.0,0.5348837209302326,0.7014728682170542,0.4794520547945205,0.2362123624271301,0.1721120096003428,0.7658823529411765,0.0,0.7101449275362319,0.7037692307692307,-0.24398429584599818,1.6093926708314545,0.15627951484128683,0.04716981132075472,-0.5,0.4444444444444444,2.479774223894638,4.527100530566169,9.565040512198577,0.010811979673478215,0.19571467787936037,1.2525176195973438,0.1165,8.17,0.9149
CUST01119,39.0,884716.17,336506.98,588.0,40,1.0,2015-05-15,0,Male,Post-Graduate,Self-Employed,2,8.75,5.2,6.1,0,2015,5,15,Friday,3.0,1,False,True,False,False,False,False,False,True,False,High,0,High_Missed,1,0.6114475251664804,2.166444357985856,0.38181818181818183,0.19088236694133334,0.5012262196240759,0.3367256525151261,0.3333333333333333,0.32558139534883723,0.0,0.5342465753424658,0.21826815644838526,0.5193611172274238,0.691764705882353,0.3333333333333333,0.5797101449275363,0.007692307692307693,0.04172998986828753,1.3849921847552398,2.9537870012597973,-0.5471698113207547,0.5,-0.5555555555555556,-0.9253057384760114,0.6931471805599453,1.0,0.5,1.818045992349227,1.1403164970901118,0.3804,6.67,0.01
CUST01120,28.0,552493.36,45595.55,634.0,35,11.59,2021-02-01,0,Female,Graduate,Salaried,1,8.4,4.8,5.4,0,2021,2,1,Monday,2.0,0,False,False,True,False,True,False,False,False,False,Mid-High,0,Med_Missed,0,-0.03349783586697714,-0.8145126974233905,0.18181818181818177,0.10604840983561409,0.03529602656586846,0.45317840054682157,0.16666666666666666,0.2093023255813954,0.08209302325581395,0.3835616438356164,0.1363055307751118,0.07037166298481792,0.7458823529411764,0.16666666666666666,0.5072463768115942,0.08915384615384615,-0.7439842958459982,0.36001214033580275,-0.6633608386579207,-0.11320754716981132,0.0,-1.1111111111111112,-0.5268109125117593,2.532902848056256,3.40440890610984,0.07942811755361398,-1.32111627936726,0.400579175722509,0.0825,5.83,0.1159
CUST01121,46.0,419261.42,100492.14,721.0,46,18.58,2016-07-15,1,Female,Graduate,Salaried,1,8.4,4.8,5.4,0,2016,7,15,Friday,2.0,0,False,False,True,False,False,True,False,False,False,Mid-Low,1,Med_Missed,1,-0.2921414902400406,-0.25198967356554935,0.509090909090909,0.07202728803765036,0.12321962165093354,0.6734259892154628,0.16666666666666666,0.4651162790697674,0.13627906976744186,0.6301369863013698,0.10343590443625796,0.15509844729810565,0.8482352941176471,0.16666666666666666,0.6666666666666666,0.1429230769230769,0.5417299898682876,-0.05103753978486008,0.01921489216622952,0.7075471698113207,0.0,0.1111111111111111,-0.26378174976481666,2.9745086371023644,4.310452412450461,0.05107252298263534,0.029077159303407565,-0.0955571022606767,0.2397,7.67,0.1858
CUST01122,53.0,602931.57,86180.46,586.0,37,12.29,2025-12-23,1,Male,Secondary,Self-Employed,1,8.4,4.8,5.4,0,2025,12,23,Tuesday,1.0,1,False,False,True,False,False,False,False,True,False,Mid-High,0,Med_Missed,0,0.0644180464239809,-0.39864085007916855,0.6363636363636364,0.11892793771519966,0.10029771780759784,0.33166248955722644,0.16666666666666666,0.2558139534883721,0.08751937984496123,0.726027397260274,0.14874913188082742,0.13300996011664695,0.6894117647058824,0.16666666666666666,0.5362318840579711,0.09453846153846153,1.0417299898682875,0.5156250518220334,-0.15873432900254197,-0.5660377358490566,0.0,-0.8888888888888888,-0.5004703668861713,2.587011872725154,3.5057096285916205,0.07524454477050414,-0.22150574343822463,0.54756595375786,0.1429,6.17,0.1229
CUST01123,56.0,459042.69,104561.4,650.0,44,44.53,2023-10-04,1,Female,Graduate,Self-Employed,1,8.4,4.8,5.4,0,2023,10,4,Wednesday,2.0,0,False,False,True,False,True,False,False,False,False,Mid-High,0,Med_Missed,1,-0.21491396470523624,-0.2102921393459602,0.6909090909090908,0.0821855386189125,0.12973703864415392,0.49368370421001995,0.16666666666666666,0.4186046511627908,0.33744186046511626,0.7671232876712328,0.1132503339205472,0.1613788977656973,0.7647058823529411,0.16666666666666666,0.6376811594202898,0.34253846153846157,1.2560157041540019,0.07169638053705168,0.0698114432163672,0.03773584905660377,0.0,-0.1111111111111111,0.7126999059266229,3.818371449346691,6.673080248281149,0.021963540522732264,0.09292276087996262,0.0729393499504181,0.2278,7.33,0.4453
CUST01124,40.0,402273.92,110918.53,707.0,45,20.39,2019-02-04,0,Male,Secondary,Salaried,4,8.4,4.8,5.4,0,2019,2,4,Monday,1.0,1,False,False,True,False,False,False,False,True,False,Mid-Low,1,High_Missed,1,-0.32511938637112164,-0.1451508985028149,0.4,0.06768948580687215,0.13991875892993344,0.6379838485101643,0.6666666666666666,0.4418604651162792,0.15031007751937986,0.547945205479452,0.0992449215726047,0.17119042125671072,0.831764705882353,0.6666666666666666,0.6521739130434783,0.15684615384615386,0.11315856129685896,-0.10344769339404539,0.1488550168826757,0.5754716981132075,1.5,0.0,-0.19567262464722485,3.062923523094314,4.515528761950255,0.04675081813931744,0.18718016770776508,-0.1743019795926843,0.2757,7.5,0.2039
CUST01125,44.0,523898.35,195630.55,584.0,48,8.92,2022-11-21,1,Male,Secondary,Salaried,1,8.4,4.8,5.4,0,2022,11,21,Monday,1.0,1,False,False,True,False,False,False,False,True,False,Mid-High,0,Med_Missed,2,-0.08900943378587178,0.7228895689926327,0.47272727272727266,0.0987465997889842,0.2755954074306497,0.32659932659932656,0.16666666666666666,0.5116279069767442,0.061395348837209304,0.6027397260273972,0.12925086134782737,0.30193400746639903,0.6870588235294117,0.16666666666666666,0.6956521739130435,0.06861538461538462,0.39887284701114467,0.2717902791698754,1.2021512045163707,-0.5849056603773585,0.0,0.3333333333333333,-0.6272812793979305,2.2945529212967815,2.986636904613616,0.10080645161290323,1.0535857120106387,0.3088562300231324,0.3734,8.0,0.0892
CUST01126,36.0,354839.6,103867.36,738.0,49,29.72,2024-10-08,1,Male,Secondary,Salaried,2,8.75,5.2,6.1,0,2024,10,8,Tuesday,1.0,1,False,True,False,False,False,False,False,True,False,Mid-Low,1,High_Missed,2,-0.41720380597426854,-0.21740393771956212,0.32727272727272727,0.05557700903798635,0.12862544879981497,0.7164628743576111,0.3333333333333333,0.5348837209302326,0.2226356589147287,0.4931506849315068,0.08754240959208695,0.160307724175775,0.8682352941176471,0.3333333333333333,0.7101449275362319,0.2286153846153846,-0.17255572441742675,-0.24979294711279454,0.061181856930202824,0.8679245283018868,0.5,0.4444444444444444,0.15540921919096895,3.4249139082794713,5.451605268175604,0.032552083333333336,0.08223666241909951,-0.4205376650752641,0.2927,8.17,0.2972
CUST01127,44.0,501887.93,212427.44,656.0,41,33.48,2017-07-01,0,Male,Secondary,Salaried,2,8.4,4.8,5.4,0,2017,7,1,Saturday,1.0,1,False,False,True,False,True,False,False,False,False,Mid-High,0,High_Missed,1,-0.1317383429579964,0.8950065867201006,0.47272727272727266,0.0931261818948641,0.30249767868371624,0.5088731930837194,0.3333333333333333,0.34883720930232565,0.25178294573643406,0.6027397260273972,0.12382067485529989,0.32785814002479696,0.7717647058823529,0.3333333333333333,0.5942028985507246,0.2575384615384615,0.39887284701114467,0.20388331856927597,1.411001143416453,0.09433962264150944,0.5,-0.4444444444444444,0.2968955785512699,3.5403794457954922,5.786190456595773,0.02900232018561485,1.1735694585665903,0.23347395710240587,0.4233,6.83,0.3348
CUST01128,41.0,489975.4,91987.37,637.0,52,9.64,2022-04-19,0,Female,Secondary,Salaried,2,8.75,5.2,6.1,0,2022,4,19,Tuesday,1.0,0,False,True,False,False,True,False,False,False,False,Mid-High,0,High_Missed,2,-0.15486418119189696,-0.3391376901839851,0.4181818181818181,0.09008428643006866,0.10959819354817509,0.46077314498367117,0.3333333333333333,0.6046511627906976,0.06697674418604652,0.5616438356164384,0.12088173686602806,0.14197228020058428,0.7494117647058823,0.3333333333333333,0.7536231884057971,0.07415384615384615,0.1845871327254304,0.16713055758772916,-0.08653210593039745,-0.08490566037735849,0.5,0.7777777777777778,-0.6001881467544685,2.3646204839134985,3.104834939252005,0.09398496240601503,-0.1144722151308735,0.19076867650676255,0.1877,8.67,0.0964
CUST01129,39.0,598072.95,80010.88,489.0,34,21.19,2018-06-11,1,Female,Graduate,Salaried,3,8.55,5.0,5.9,0,2018,6,11,Monday,2.0,0,False,False,False,True,False,False,False,False,True,Mid-High,0,High_Missed,0,0.05498598957627567,-0.4618602740458095,0.38181818181818183,0.1176872764834408,0.09041638175803783,0.08609908609908601,0.5,0.18604651162790697,0.15651162790697676,0.5342465753424658,0.14755046267341002,0.12348789920241578,0.5752941176470588,0.5,0.4927536231884058,0.163,0.04172998986828753,0.5006351462721492,-0.23544593490334678,-1.4811320754716981,1.0,-1.2222222222222223,-0.16556914393226715,3.0996417369445024,4.603259714593562,0.04506534474988733,-0.3446645966899133,0.5341480736102903,0.1338,5.67,0.2119
CUST01130,40.0,324626.81,66071.33,620.0,43,34.06,2023-03-30,1,Other,Secondary,Salaried,2,9.1,5.6,7.2,0,2023,3,30,Thursday,1.0,2,True,False,False,False,False,False,False,True,False,Mid-Low,0,High_Missed,1,-0.47585600614793516,-0.6046982502701537,0.4,0.04786209466800645,0.06809048956932412,0.41773625984152285,0.3333333333333333,0.39534883720930236,0.25627906976744186,0.547945205479452,0.08008861797159221,0.10197375330966926,0.7294117647058823,0.3333333333333333,0.6231884057971014,0.262,0.11315856129685896,-0.3430060134770068,-0.40876814906291087,-0.24528301886792453,0.5,-0.2222222222222222,0.31872060206961444,3.5570608794930885,5.8360945845659495,0.028522532800912718,-0.6682031773819028,-0.602113088466838,0.2035,7.17,0.3406
CUST01131,43.0,631004.44,233738.33,680.0,47,55.36,2021-07-10,0,Other,Graduate,Salaried,3,8.75,5.2,6.1,0,2021,7,10,Saturday,2.0,2,False,True,False,False,True,False,False,False,False,Mid-High,0,High_Missed,1,0.11891601204348581,1.113378370539493,0.4545454545454545,0.12609641795716267,0.33662967236970587,0.5696311485785168,0.5,0.4883720930232558,0.4213953488372093,0.589041095890411,0.1556749842489549,0.3607491298031092,0.8,0.5,0.6811594202898551,0.4258461538461538,0.3274442755825732,0.60223599686696,1.6759774619138874,0.32075471698113206,1.0,0.2222222222222222,1.1202257761053624,4.03175968703048,7.4404300950953095,0.017743080198722498,1.3110475382876876,0.6223069998107593,0.3704,7.83,0.5536
CUST01132,35.0,281206.42,116479.3,790.0,40,13.45,2023-04-04,0,Male,Primary,Self-Employed,2,9.1,5.6,7.2,0,2023,4,4,Tuesday,0.0,1,True,False,False,False,False,False,True,False,False,Low,1,High_Missed,1,-0.5601481687022267,-0.08816992472324191,0.3090909090909091,0.03677458534625458,0.14882501139190196,0.848105111263006,0.3333333333333333,0.32558139534883723,0.09651162790697673,0.4794520547945205,0.06937638189075974,0.17977285161178017,0.9294117647058824,0.3333333333333333,0.5797101449275363,0.10346153846153845,-0.24398429584599818,-0.4769674150764614,0.21799677316835778,1.3584905660377358,0.5,-0.5555555555555556,-0.4568203198494827,2.670694414558441,3.6674241641784495,0.06920415224913495,0.26469589378196107,-0.9077526424123346,0.4142,6.67,0.1345
CUST01133,35.0,332274.49,338540.89,695.0,48,36.81,2022-04-26,0,Male,Graduate,Salaried,1,8.55,5.0,5.9,0,2022,4,26,Tuesday,2.0,1,False,False,False,True,False,True,False,False,False,Mid-Low,0,Med_Missed,2,-0.4610095368803122,2.187285747286261,0.3090909090909091,0.04981494961218763,0.5044837749527304,0.6076048707627655,0.16666666666666666,0.5116279069767442,0.2775968992248062,0.4794520547945205,0.08197537563615166,0.5225002312212556,0.8176470588235294,0.16666666666666666,0.6956521739130435,0.28315384615384614,-0.24398429584599818,-0.3194112477048865,2.9790763244159453,0.46226415094339623,0.0,0.3333333333333333,0.4222013170272814,3.6325736179028416,6.067124524847006,0.026448029621793174,1.8262078006927387,-0.5540333499905078,1.0189,8.0,0.3681
CUST01134,57.0,339604.67,129954.71,740.0,50,15.24,2022-04-23,1,Female,Graduate,Unemployed,0,8.75,5.2,6.1,0,2022,4,23,Saturday,2.0,0,False,True,False,False,False,False,False,True,False,Mid-Low,1,Low_Missed,2,-0.44677943152860494,0.04991202865353784,0.7090909090909091,0.05168673010702242,0.1704075266709974,0.721526037315511,0.0,0.558139534883721,0.11038759689922481,0.7808219178082192,0.08378380293666639,0.20057064900872448,0.8705882352941177,0.0,0.7246376811594203,0.11723076923076924,1.3274442755825733,-0.29679603888763983,0.3855479421736651,0.8867924528301887,-0.5,0.5555555555555556,-0.38946378174976487,2.787477334733532,3.903844259188627,0.06157635467980295,0.4361993777793788,-0.5093448799541475,0.3827,8.33,0.1524
CUST01135,68.0,258842.26,149051.69,553.0,45,25.76,2015-12-22,1,Other,Secondary,Unemployed,3,8.75,5.2,6.1,0,2015,12,22,Tuesday,1.0,2,False,True,False,False,True,False,False,False,False,Low,0,High_Missed,1,-0.6035637946353467,0.2455979708250409,0.9090909090909091,0.03106383902469574,0.2009936730394255,0.24812030075187974,0.5,0.4418604651162792,0.19193798449612404,0.9315068493150684,0.06385892427074506,0.23004471480215846,0.6505882352941177,0.5,0.6521739130434783,0.19815384615384615,2.113158561296859,-0.5459657409596341,0.622996845284663,-0.8773584905660378,1.0,0.0,0.00639698965192857,3.286908235260028,5.075431016179809,0.03736920777279521,0.6472123434948163,-1.0915426153208032,0.5758,7.5,0.2576
CUST01136,25.0,735150.96,77047.79,640.0,35,10.47,2024-10-18,1,Male,Graduate,Salaried,1,8.75,5.2,6.1,0,2024,10,18,Friday,2.0,1,False,True,False,False,False,False,False,True,False,High,0,Med_Missed,0,0.3210960337637831,-0.4922229313030806,0.12727272727272726,0.15269050224171235,0.08567063115020215,0.468367889420521,0.16666666666666666,0.2093023255813954,0.07341085271317829,0.3424657534246575,0.18136895220357574,0.1189146991670245,0.7529411764705882,0.16666666666666666,0.5072463768115942,0.08053846153846154,-0.9582700101317124,0.9235507936918071,-0.27228853882915965,-0.05660377358490566,0.0,-1.1111111111111112,-0.5689557855127,2.4397349311412793,3.2357379374726873,0.08718395815170009,-0.40773993527469937,0.8643481336099224,0.1048,5.83,0.1047
CUST01137,24.0,272521.77,85254.82,748.0,45,36.01,2016-12-20,1,Male,Post-Graduate,Unemployed,1,8.75,5.2,6.1,0,2016,12,20,Tuesday,3.0,1,False,True,False,False,False,False,True,False,False,Low,1,Med_Missed,1,-0.5770077116387855,-0.4081258438065344,0.10909090909090907,0.03455693742021909,0.09881519227086526,0.7417786891471101,0.16666666666666666,0.4418604651162792,0.2713953488372093,0.3287671232876712,0.06723379355658309,0.13158133767157792,0.88,0.16666666666666666,0.6521739130434783,0.27699999999999997,-1.029698581560284,-0.5037614601414804,-0.17024359395834462,0.9622641509433962,0.0,0.0,0.3920978363123236,3.6111881463980646,6.000833275470999,0.027019724398811132,-0.23932850261325628,-0.976676356963179,0.3128,7.5,0.3601
CUST01138,27.0,311932.42,178221.94,579.0,52,49.11,2019-07-04,0,Male,Graduate,Self-Employed,1,9.1,5.6,7.2,0,2019,7,4,Thursday,2.0,1,True,False,False,False,False,False,True,False,False,Low,0,Med_Missed,2,-0.5004996720709629,0.5445042824318127,0.16363636363636364,0.0446205492222158,0.24771339186950442,0.3139414192045771,0.16666666666666666,0.6046511627906976,0.3729457364341085,0.3698630136986301,0.07695678745182583,0.2750657530873175,0.6811764705882353,0.16666666666666666,0.7536231884057971,0.37776923076923075,-0.8154128672745696,-0.38217098359473495,0.9856952335101097,-0.6320754716981132,0.0,0.7777777777777778,0.8850423330197555,3.914220588971633,7.0078527381787925,0.019956096587507483,0.9161034249798821,-0.6854292403386948,0.5713,8.67,0.4911
CUST01139,37.0,828774.89,329461.96,727.0,54,21.93,2020-11-15,0,Male,Secondary,Salaried,2,8.55,5.0,5.9,0,2020,11,15,Sunday,1.0,1,False,False,False,True,False,False,False,True,False,High,1,High_Missed,2,0.5028485128762835,2.094254337557648,0.34545454545454546,0.17659761584926043,0.4899427594702451,0.6886154780891622,0.3333333333333333,0.6511627906976745,0.16224806201550385,0.5068493150684932,0.204466893999477,0.5084879119878489,0.8552941176470589,0.3333333333333333,0.782608695652174,0.1686923076923077,-0.10112715298885533,1.2124010984921376,2.8661903094585264,0.7641509433962265,0.5,1.0,-0.13772342427093134,3.132446096869813,4.682947789587238,0.04361098996947231,1.789332646295023,1.0450923659481217,0.3975,9.0,0.2193
CUST01140,48.0,332604.26,241052.19,709.0,40,19.78,2024-10-04,1,Female,Graduate,Self-Employed,1,8.75,5.2,6.1,0,2024,10,4,Friday,2.0,0,False,True,False,False,False,False,False,False,True,Mid-Low,1,Med_Missed,1,-0.4603693531683389,1.1883231830182448,0.5454545454545454,0.04989915723789147,0.34834371262519087,0.643047011468064,0.16666666666666666,0.32558139534883723,0.14558139534883724,0.6575342465753424,0.08205673312954075,0.37203725969820073,0.8341176470588235,0.16666666666666666,0.5797101449275363,0.15215384615384617,0.6845871327254304,-0.3183938351158827,1.766916868799552,0.5943396226415094,0.0,-0.5555555555555556,-0.21862652869238006,3.0339909856710814,4.447471191587417,0.04812319538017324,1.35495261378188,-0.5519941240343673,0.7247,6.67,0.1978
CUST01141,45.0,402692.55,160034.83,672.0,42,18.32,2022-03-26,1,Male,Graduate,Salaried,2,9.1,5.6,7.2,0,2022,3,26,Saturday,2.0,1,True,False,False,False,True,False,False,False,False,Mid-Low,0,High_Missed,1,-0.3243066984148388,0.35814173946812056,0.49090909090909085,0.06779638406428912,0.21858451345633628,0.5493784967469177,0.3333333333333333,0.37209302325581395,0.13426356589147287,0.6164383561643836,0.09934820169953398,0.2469959704969592,0.7905882352941176,0.3333333333333333,0.6086956521739131,0.14092307692307693,0.4703014184397161,-0.10215612826642723,0.7595595136078493,0.24528301886792453,0.5,-0.3333333333333333,-0.2735653809971778,2.961140828784372,4.280186911806539,0.05175983436853002,0.7550035097875468,-0.1723072398830773,0.3974,7.0,0.1832
CUST01142,40.0,266728.22,100819.83,624.0,43,7.97,2017-02-08,1,Female,Secondary,Self-Employed,2,8.75,5.2,6.1,0,2017,2,8,Wednesday,1.0,0,False,True,False,False,False,True,False,False,False,Low,0,High_Missed,1,-0.5882547515287179,-0.2486318480669532,0.4,0.03307753938553916,0.12374445721673873,0.4278625857573226,0.3333333333333333,0.39534883720930236,0.05403100775193798,0.547945205479452,0.0658044679483583,0.15560420038680609,0.7341176470588235,0.3333333333333333,0.6231884057971014,0.061307692307692306,0.11315856129685896,-0.5216358292624516,0.023289339071470218,-0.20754716981132076,0.5,-0.2222222222222222,-0.6630291627469428,2.1938856760707046,2.8231188426986207,0.11148272017837237,0.03432717123953726,-1.0243432586555765,0.378,7.17,0.0797
CUST01143,44.0,670967.25,111952.66,571.0,61,41.18,2018-04-17,1,Female,Graduate,Salaried,2,9.1,5.6,7.2,0,2018,4,17,Tuesday,2.0,0,True,False,False,False,True,False,False,False,False,High,0,High_Missed,3,0.196495961846937,-0.13455421235779003,0.47272727272727266,0.1363010252487692,0.1415750444548689,0.2936887673729778,0.3333333333333333,0.8139534883720931,0.3114728682170542,0.6027397260273972,0.16553420143179118,0.1727864859569389,0.6717647058823529,0.3333333333333333,0.8840579710144928,0.31676923076923075,0.39887284701114467,0.7255300078017467,0.16171322976105632,-0.7075471698113207,0.5,1.7777777777777777,0.5866415804327376,3.7419461750506287,6.417164482853778,0.02370791844476055,0.2019276990121372,0.7212195572785806,0.1669,10.17,0.4118
CUST01144,38.415780141843975,332460.13,62811.64,792.0,45,54.4,2017-04-19,0,Female,Secondary,Salaried,1,9.1,5.6,7.2,1,2017,4,19,Wednesday,1.0,0,True,False,False,False,False,True,False,False,False,Mid-Low,1,Med_Missed,1,-0.4606491532666095,-0.6381001551177803,0.37119600257898133,0.049862353268177145,0.06286969782865615,0.8531682742209057,0.16666666666666666,0.4418604651162792,0.413953488372093,0.5262435635869037,0.08202117484491156,0.09694278414458667,0.9317647058823529,0.16666666666666666,0.6521739130434783,0.41846153846153844,0.0,-0.318838507695114,-0.44929863163041056,1.3773584905660377,0.0,0.0,1.084101599247413,4.014579593753238,7.37563556583431,0.018050541516245487,-0.7552175200714202,-0.5528850533773166,0.1889,7.5,0.544
CUST01145,35.0,640159.7,41402.62,701.0,37,12.79,2021-10-16,1,Male,Graduate,Salaried,2,8.4,4.8,5.4,0,2021,10,16,Saturday,2.0,1,False,False,True,False,True,False,False,False,False,Mid-High,1,High_Missed,0,0.13668915190120715,-0.8574774728752766,0.3090909090909091,0.12843423736857426,0.028580536960047365,0.6227943596364649,0.3333333333333333,0.2558139534883721,0.09139534883720929,0.4794520547945205,0.15793367668588149,0.06390034161948879,0.8247058823529412,0.3333333333333333,0.5362318840579711,0.09838461538461538,-0.24398429584599818,0.6304819767305085,-0.715495083408724,0.5188679245283019,0.5,-0.8888888888888888,-0.4816556914393228,2.6239436918052106,3.576310948449533,0.07251631617113852,-1.4967192425687124,0.6457080925446171,0.0647,6.17,0.1279
CUST01146,38.0,578830.47,50207.56,662.4,47,28.43,2023-03-31,0,Male,Primary,Unemployed,3,8.75,5.2,6.1,0,2023,3,31,Friday,0.0,1,False,True,False,False,False,False,False,True,False,Mid-High,0,High_Missed,1,0.01763049249051244,-0.7672536270282603,0.36363636363636365,0.11277365925490776,0.042682723986751436,0.5250753145489986,0.5,0.4883720930232558,0.2126356589147287,0.5205479452054794,0.1428031541268793,0.07748978774485722,0.7792941176470588,0.5,0.6811594202898551,0.21869230769230769,-0.0296985815602839,0.4412678860736694,-0.6060158178411762,0.15471698113207527,1.0,0.2222222222222222,0.10686735653809973,3.382014562245381,5.331978994707312,0.03397893306150187,-1.1481362644908513,0.47951037377487954,0.0867,7.83,0.2843
CUST01147,21.0,458994.98,101709.91,617.0,54,35.31,2023-02-24,0,Female,Primary,Salaried,0,9.1,5.6,7.2,0,2023,2,24,Friday,0.0,0,True,False,False,False,False,True,False,False,False,Mid-High,0,Low_Missed,2,-0.21500658430343578,-0.23951123614779052,0.05454545454545451,0.08217335574653983,0.12517002906944058,0.41014151540467325,0.0,0.6511627906976745,0.26596899224806203,0.2876712328767123,0.11323856339560681,0.156977939924755,0.7258823529411764,0.0,0.782608695652174,0.27161538461538465,-1.2439842958459981,0.07154918475022634,0.03435645647333363,-0.27358490566037735,-0.5,1.0,0.3657572906867358,3.5920931854262443,5.942221806698232,0.027540622418066648,0.04848941860696206,0.0727493091174552,0.2216,9.0,0.3531
CUST01148,25.0,340377.87,82851.46,653.0,38,15.02,2023-08-16,1,Female,Post-Graduate,Salaried,1,8.55,5.0,5.9,0,2023,8,16,Wednesday,3.0,0,False,False,False,True,False,True,False,False,False,Mid-Low,0,Med_Missed,0,-0.4452784155292788,-0.43275297155015163,0.12727272727272726,0.051884168734533095,0.0949659176349791,0.5012784486468695,0.16666666666666666,0.2790697674418605,0.10868217054263565,0.3424657534246575,0.08397455896022352,0.12787201867112302,0.768235294117647,0.16666666666666666,0.5507246376811594,0.11553846153846153,-0.9582700101317124,-0.2944105477458813,-0.20012660141716002,0.0660377358490566,0.0,-0.7777777777777778,-0.3977422389463782,2.7738379416402132,3.8755644750152203,0.062421972534332085,-0.28665748778127664,-0.5047077707132497,0.2434,6.33,0.1502
CUST01149,26.0,294347.21,209219.84,663.0,43,63.58,2023-01-25,1,Male,Post-Graduate,Salaried,1,8.75,5.2,6.1,0,2023,1,25,Wednesday,3.0,1,False,True,False,False,False,True,False,False,False,Low,0,Med_Missed,1,-0.5346379048199399,0.8621384458879212,0.14545454545454545,0.040130120191063295,0.29736031544139363,0.5265942634363687,0.16666666666666666,0.39534883720930236,0.4851162790697674,0.3561643835616438,0.07261834366882398,0.32290756598434556,0.78,0.16666666666666666,0.6231884057971014,0.4890769230769231,-0.886841438703141,-0.4364252033062746,1.3711183398727074,0.16037735849056603,0.0,-0.2222222222222222,1.4295390404515522,4.167904765330129,7.97370679169983,0.01548467017652524,1.1515146289553706,-0.8088030158453517,0.7108,7.17,0.6358
CUST01150,46.0,843194.36,96529.7,682.0,35,28.82,2025-05-15,1,Female,Post-Graduate,Salaried,1,8.75,5.2,6.1,0,2025,5,15,Thursday,3.0,0,False,True,False,False,False,True,False,False,False,High,0,Med_Missed,0,0.5308410829381076,-0.2925926277864812,0.509090909090909,0.18027966495199124,0.11687328993690786,0.5746943115364167,0.16666666666666666,0.2093023255813954,0.21565891472868215,0.6301369863013698,0.20802431867485371,0.14898286162631175,0.8023529411764706,0.16666666666666666,0.5072463768115942,0.2216923076923077,0.5417299898682876,1.2568883177806167,-0.030053475483689127,0.33962264150943394,0.0,-1.1111111111111112,0.12154280338664161,3.3951793093365925,5.36842621258782,0.0335345405767941,-0.036001042238655,1.0704586072654716,0.1145,5.83,0.2882
CUST01151,41.0,648490.18,81547.57,709.0,42,6.25,2025-06-02,0,Male,Post-Graduate,Self-Employed,1,8.75,5.2,6.1,0,2025,6,2,Monday,3.0,1,False,True,False,False,False,False,False,True,False,High,1,Med_Missed,1,0.15286114331619174,-0.44611387694660704,0.4181818181818181,0.13056144706555461,0.09287757851600166,0.643047011468064,0.16666666666666666,0.37209302325581395,0.040697674418604654,0.5616438356164384,0.15998888780735354,0.12585960939764623,0.8341176470588235,0.16666666666666666,0.6086956521739131,0.04807692307692308,0.1845871327254304,0.6561833298688897,-0.216338968518,0.5943396226415094,0.0,-0.3333333333333333,-0.7277516462841017,1.9810014688665833,2.5,0.13793103448275862,-0.3129968666021498,0.6666080072580987,0.1257,7.0,0.0625
CUST01152,45.0,312808.95,48839.3,587.0,42,50.92,2018-02-27,1,Female,Secondary,Self-Employed,1,9.1,5.6,7.2,0,2018,2,27,Tuesday,1.0,0,True,False,False,False,False,False,False,False,True,Low,0,Med_Missed,1,-0.49879806116319086,-0.7812741290780912,0.49090909090909085,0.044844373433509055,0.04049128844929656,0.33419407103617615,0.16666666666666666,0.37209302325581395,0.3869767441860465,0.6164383561643836,0.07717303599984515,0.07537803053180449,0.6905882352941176,0.16666666666666666,0.6086956521739131,0.39169230769230773,0.4703014184397161,-0.37946669679896977,-0.6230285515912588,-0.5566037735849056,0.0,-0.3333333333333333,0.9531514581373474,3.9497040723958348,7.135825109964509,0.01926040061633282,-1.1974933666684673,-0.6795287680961797,0.1561,7.0,0.5092
CUST01153,18.0,451312.77,79054.49,533.0,48,22.62,2018-07-01,1,Male,Secondary,Salaried,1,9.1,5.6,7.2,0,2018,7,1,Sunday,1.0,1,True,False,False,False,False,False,False,True,False,Mid-High,0,Med_Missed,2,-0.2299200867868589,-0.4716603617158706,0.0,0.08021168347720611,0.08888460633986696,0.1974886711728816,0.16666666666666666,0.5116279069767442,0.1675968992248062,0.2465753424657534,0.1113432868413766,0.12201181755054295,0.6270588235294118,0.16666666666666666,0.6956521739130435,0.17400000000000002,-1.4582700101317125,0.04784788637447845,-0.2473375406151571,-1.0660377358490567,0.0,0.3333333333333333,-0.11175917215428031,3.1620938107692163,4.756048780237646,0.04233700254022015,-0.36472705297087743,0.04179318900599412,0.1752,8.0,0.2262
CUST01154,22.0,380766.82,647924.8616000001,657.0,37,17.24,2015-08-24,1,Male,Secondary,Salaried,1,8.55,5.0,5.9,0,2015,8,24,Monday,1.0,1,False,False,False,True,False,False,False,True,False,Mid-Low,0,Med_Missed,0,-0.3668711985789669,5.357530151129569,0.0727272727272727,0.062197591981555306,1.0,0.5114047745626693,0.16666666666666666,0.2558139534883721,0.12589147286821706,0.3013698630136986,0.09393890906064727,1.0,0.7729411764705882,0.16666666666666666,0.5362318840579711,0.1326153846153846,-1.1725557244174267,-0.16980180169062276,6.825908896715029,0.10377358490566038,0.0,-0.8888888888888888,-0.31420507996237074,2.9036169846461855,4.152107898405339,0.054824561403508776,2.665149200562096,-0.2807564165800632,1.7016,6.17,0.1724
CUST01155,45.0,251675.2,68187.58,510.0,44,39.02,2018-01-27,1,Male,Graduate,Salaried,2,9.1,5.6,7.2,0,2018,1,27,Saturday,2.0,1,True,False,False,False,False,True,False,False,False,Low,0,High_Missed,1,-0.6174772345320487,-0.5830131264903496,0.49090909090909085,0.029233711645380286,0.07147992246668203,0.13926229715703387,0.3333333333333333,0.4186046511627908,0.29472868217054266,0.6164383561643836,0.06209074027411373,0.10523994994051637,0.6,0.3333333333333333,0.6376811594202898,0.30015384615384616,0.4703014184397161,-0.5680776888934823,-0.3824550230498633,-1.2830188679245282,0.5,-0.1111111111111111,0.505362182502352,3.6893793291555874,6.246599074696567,0.02498750624687656,-0.614301161551483,-1.1550829937121805,0.2709,7.33,0.3902
CUST01156,18.0,422756.62,172129.45,624.0,35,15.45,2020-10-31,0,Male,Secondary,Salaried,0,8.55,5.0,5.9,1,2020,10,31,Saturday,1.0,1,False,False,False,True,False,False,True,False,False,Mid-Low,0,Low_Missed,0,-0.28535624564505285,0.4820747964177697,0.0,0.07291979643247103,0.2379555248723046,0.4278625857573226,0.0,0.2093023255813954,0.11201550387596898,0.2465753424657534,0.10429820455723167,0.2656626720186963,0.7341176470588235,0.0,0.5072463768115942,0.11884615384615384,-1.4582700101317125,-0.04025408319060989,0.9099421527761548,-0.20754716981132076,-0.5,-1.1111111111111112,-0.3815616180620885,2.800325477211381,3.930648801406709,0.060790273556231005,0.8643178912389209,-0.0798935972853793,0.4072,5.83,0.1545
CUST01157,51.0,359422.43,31516.27,609.0,46,60.91,2022-07-28,1,Male,Post-Graduate,Self-Employed,1,8.55,5.0,5.9,0,2022,7,28,Thursday,3.0,1,False,False,False,True,False,False,False,True,False,Mid-Low,0,Med_Missed,1,-0.40830714126631257,-0.9587824810172572,0.6,0.05674724657719327,0.012746339712654889,0.38988886357307395,0.16666666666666666,0.4651162790697674,0.46441860465116275,0.6986301369863014,0.08867303870155192,0.04864185936957724,0.7164705882352941,0.16666666666666666,0.6666666666666666,0.4685384615384615,0.8988728470111447,-0.2356539140434916,-0.838420434080475,-0.3490566037735849,0.0,0.1111111111111111,1.329068673565381,4.12568171753114,7.804485889538144,0.016152479405588758,-2.006819614958764,-0.3948349099995657,0.0877,7.67,0.6091
CUST01158,18.0,274781.54,29987.04,689.0,48,52.14,2025-01-22,1,Male,Primary,Self-Employed,1,8.75,5.2,6.1,0,2025,1,22,Wednesday,0.0,1,False,True,False,False,False,False,True,False,False,Low,0,Med_Missed,2,-0.5726208118395136,-0.9744524358136137,0.0,0.0351339755569105,0.010297091056009108,0.5924153818890661,0.16666666666666666,0.5116279069767442,0.3964341085271318,0.2465753424657534,0.06779130097944093,0.046281662855086836,0.8105882352941176,0.16666666666666666,0.6956521739130435,0.4010769230769231,-1.4582700101317125,-0.49678957535434703,-0.8574346439767221,0.4056603773584906,0.0,0.3333333333333333,0.9990592662276577,3.9729299403316674,7.2208032794142785,0.01881821603312006,-2.1019930258038504,-0.958456836973707,0.1091,8.0,0.5214
CUST01159,47.0,211173.16,98910.58,809.0,39,66.57,2021-10-29,1,Male,Secondary,Salaried,3,9.1,5.6,7.2,0,2021,10,29,Friday,1.0,1,True,False,False,False,True,False,False,False,False,Low,1,High_Missed,0,-0.696103993514647,-0.26819585164714976,0.5272727272727272,0.018891410573234978,0.12068656010662386,0.896205159363054,0.5,0.3023255813953488,0.5082945736434108,0.6438356164383562,0.052098489761501575,0.1526574852456626,0.951764705882353,0.5,0.5652173913043478,0.512076923076923,0.613158561296859,-0.6930353423378013,-0.0004499808767453058,1.5377358490566038,1.0,-0.6666666666666666,1.5420507996237063,4.213164097564083,8.1590440616533,0.014799467219180112,0.0034601265617345725,-1.5671501087855877,0.4684,6.5,0.6657
CUST01160,28.0,202419.64,104576.73,494.0,43,88.17,2026-03-02,1,Female,Secondary,Salaried,3,8.4,4.8,5.4,0,2026,3,2,Monday,1.0,0,False,False,True,False,False,False,False,True,False,Low,0,High_Missed,1,-0.7130972340351085,-0.21013505348769937,0.18181818181818177,0.01665617651388772,0.12976159151187583,0.09875699349383549,0.5,0.39534883720930236,0.6757364341085271,0.3835616438356164,0.049938910522846915,0.16140255791660146,0.5811764705882353,0.5,0.6231884057971014,0.6782307692307692,-0.7439842958459982,-0.7200418664185121,0.07000205407131349,-1.4339622641509433,1.0,-0.2222222222222222,2.3548447789275637,4.490544660146788,9.389888178247919,0.0112145340361108,0.09315787920809997,-1.6705696457289807,0.5166,7.17,0.8817
CUST01161,50.0,367429.57,125810.12,832.0,52,34.93,2021-05-11,1,Male,Secondary,Salaried,3,8.4,4.8,5.4,0,2021,5,11,Tuesday,1.0,1,False,False,True,False,False,False,False,False,True,Mid-Low,1,High_Missed,2,-0.3927628509806893,0.007442591126526126,0.5818181818181818,0.058791890565664404,0.16376945948041943,0.9544315333789015,0.5,0.6046511627906976,0.26302325581395347,0.684931506849315,0.09064847867370042,0.19417393505987976,0.9788235294117648,0.5,0.7536231884057971,0.2686923076923077,0.8274442755825733,-0.21095013553751646,0.33401474952515137,1.7547169811320755,1.0,0.7777777777777778,0.35145813734713083,3.581572601125427,5.910160742314882,0.027831895352073477,0.3857030647319595,-0.350982133513712,0.3424,8.67,0.3493
CUST01162,73.0,423984.64,71440.19,631.0,56,24.27,2024-11-10,1,Female,Secondary,Salaried,1,8.55,5.0,5.9,0,2024,11,10,Sunday,1.0,0,False,False,False,True,False,True,False,False,False,Mid-Low,0,Med_Missed,3,-0.28297228590954787,-0.5496837701017241,0.9999999999999999,0.07323337452786119,0.07668937472245299,0.44558365610997175,0.16666666666666666,0.6976744186046513,0.1803875968992248,1.0,0.10460116913567014,0.11025999191261779,0.7423529411764705,0.16666666666666666,0.8115942028985508,0.18669230769230769,2.4703014184397163,-0.0364653728544714,-0.34201257211008834,-0.14150943396226415,0.0,1.2222222222222223,-0.04967074317968017,3.2296179214001026,4.92645917470144,0.03957261574990107,-0.5350806106014914,-0.07443215890728347,0.1685,9.33,0.2427
CUST01163,38.415780141843975,590333.35,56911.1,678.0,54,14.94,2024-04-15,0,Female,Graduate,Salaried,1,9.1,5.6,7.2,1,2024,4,15,Monday,2.0,0,True,False,False,False,False,False,True,False,False,Mid-High,0,Med_Missed,2,0.03996107567510636,-0.6985627376423804,0.37119600257898133,0.11571094952860159,0.05341926220518245,0.5645679856206172,0.16666666666666666,0.6511627906976745,0.10806201550387597,0.5262435635869037,0.14564102744329785,0.0878359565636399,0.7976470588235294,0.16666666666666666,0.782608695652174,0.11492307692307692,0.0,0.47675678719202264,-0.5226650356776771,0.3018867924528302,0.0,1.0,-0.40075258701787403,2.768831673362069,3.8652296180175374,0.06273525721455459,-0.92671625104874,0.5124641002458149,0.0964,9.0,0.1494
CUST01164,46.0,612540.12,98283.39,635.4,35,37.38,2020-08-18,0,Male,Secondary,Self-Employed,1,8.55,5.0,5.9,0,2020,8,18,Tuesday,1.0,1,False,False,False,True,False,False,False,True,False,Mid-High,0,Med_Missed,0,0.08307115982326271,-0.2746226409128109,0.509090909090909,0.12138150590501828,0.11968203870372067,0.4567226146173513,0.16666666666666666,0.2093023255813954,0.282015503875969,0.6301369863013698,0.15111965540662908,0.15168948719963732,0.7475294117647059,0.16666666666666666,0.5072463768115942,0.2875384615384616,0.5417299898682876,0.5452695304952662,-0.008248364576272005,-0.10000000000000021,0.0,-1.1111111111111112,0.4436500470366888,3.647536490579554,6.113918547053109,0.02605523710265763,-0.006828750277631229,0.5736725571968062,0.1605,5.83,0.3738
CUST01165,18.0,428149.08,647924.8616000001,730.0,48,86.58,2025-01-10,0,Male,Graduate,Salaried,0,8.4,4.8,5.4,0,2025,1,10,Friday,2.0,1,False,False,True,False,True,False,False,False,False,Mid-Low,1,Low_Missed,2,-0.27488784324499344,5.357530151129569,0.0,0.07429677509427425,1.0,0.6962102225260118,0.0,0.5116279069767442,0.6634108527131782,0.2465753424657534,0.10562857732855975,1.0,0.8588235294117647,0.0,0.6956521739130435,0.666,-1.4582700101317125,-0.02361716446028533,6.825908896715029,0.7924528301886793,-0.5,0.3333333333333333,2.2950141110065854,4.4725526613732525,9.304837451562493,0.011418131993605847,2.665149200562096,-0.056070802857959005,1.5133,8.0,0.8658
CUST01166,43.0,590333.35,250356.92,653.0,43,8.03,2024-12-03,0,Female,Post-Graduate,Unemployed,0,8.4,4.8,5.4,0,2024,12,3,Tuesday,3.0,0,False,False,True,False,True,False,False,False,False,Mid-High,0,Low_Missed,1,0.03996107567510636,1.2836683557472026,0.4545454545454545,0.11571094952860159,0.36324637439153845,0.5012784486468695,0.0,0.39534883720930236,0.054496124031007745,0.589041095890411,0.14564102744329785,0.386398076131487,0.768235294117647,0.0,0.6231884057971014,0.061769230769230764,0.3274442755825732,0.47675678719202264,1.8826104461214117,0.0660377358490566,-0.5,-0.2222222222222222,-0.6607714016933209,2.200552367428894,2.8337254630609507,0.1107419712070875,1.4086554878041497,0.5124641002458149,0.4241,7.17,0.0803
CUST01167,36.0,403747.36,81264.43,645.0,50,30.64,2018-08-04,0,Female,Graduate,Salaried,0,8.4,4.8,5.4,0,2018,8,4,Saturday,2.0,0,False,False,True,False,False,False,False,True,False,Mid-Low,0,Low_Missed,2,-0.32225899188839136,-0.4490152004892008,0.32727272727272727,0.0680657325364626,0.09242409521745094,0.48102579681527047,0.0,0.558139534883721,0.2297674418604651,0.4931506849315068,0.09960843367212618,0.12542261428172982,0.7588235294117647,0.0,0.7246376811594203,0.2356923076923077,-0.17255572441742675,-0.09890180867093026,-0.21985948759624435,-0.009433962264150943,-0.5,0.5555555555555556,0.19002822201317032,3.4544221428994533,5.535341001239219,0.0316055625790139,-0.3187801643347751,-0.16729366237953908,0.2013,8.33,0.3064
CUST01168,39.0,298474.92,95615.37,495.0,54,6.16,2017-06-17,1,Male,Graduate,Salaried,2,8.75,5.2,6.1,0,2017,6,17,Saturday,2.0,1,False,True,False,False,False,False,False,True,False,Low,0,High_Missed,2,-0.5266247662392645,-0.30196172842468005,0.38181818181818183,0.041184141656611814,0.11540887874681159,0.10128857497278543,0.3333333333333333,0.6511627906976745,0.04,0.5342465753424658,0.0736366902104652,0.14757169490901348,0.5823529411764706,0.3333333333333333,0.782608695652174,0.047384615384615386,0.04172998986828753,-0.42369031499697846,-0.04142211364435532,-1.4245283018867925,0.5,1.0,-0.7311382878645345,1.9685099809725544,2.4819347291981715,0.13966480446927373,-0.051452266186827834,-0.7789567987997364,0.3203,9.0,0.0616
CUST01169,28.0,468391.04,435936.07,656.0,33,5.89,2016-05-24,0,Female,Secondary,Salaried,2,8.75,5.2,6.1,0,2016,5,24,Tuesday,1.0,0,False,True,False,False,False,False,False,True,False,Mid-High,0,High_Missed,0,-0.19676597852145464,3.185290016090183,0.18181818181818177,0.08457266406315651,0.6604740535758112,0.5088731930837194,0.3333333333333333,0.16279069767441867,0.03790697674418604,0.3835616438356164,0.11555666355430337,0.6728188650200732,0.7717647058823529,0.3333333333333333,0.4782608695652174,0.045307692307692306,-0.7439842958459982,0.10053808529010105,4.190072966780247,0.09433962264150944,0.5,-1.3333333333333333,-0.7412982126058326,1.9300710850255671,2.4269322199023193,0.14513788098693758,2.1623626284459645,0.10966481683943978,0.9307,5.5,0.0589
CUST01170,38.415780141843975,235310.86,87828.72,718.0,48,55.63,2025-08-03,1,Male,Secondary,Salaried,1,8.4,4.8,5.4,0,2025,8,3,Sunday,1.0,1,False,False,True,False,False,False,False,True,False,Low,1,Med_Missed,2,-0.6492453878667769,-0.3817511999332502,0.37119600257898133,0.025055034938553898,0.10293760755001917,0.6658312447786132,0.16666666666666666,0.5116279069767442,0.42348837209302326,0.5262435635869037,0.058053497094423034,0.13555386620466114,0.8447058823529412,0.16666666666666666,0.6956521739130435,0.42792307692307696,0.0,-0.6185652575829856,-0.13824011844978795,0.6792452830188679,0.0,0.3333333333333333,1.1303857008466607,4.036538880125714,7.458552138317463,0.017658484901995408,-0.1903050673542864,-1.3098802821983022,0.3732,8.0,0.5563
CUST01171,22.0,579383.14,137818.67,631.0,38,49.66,2020-01-31,1,Male,Secondary,Salaried,0,8.75,5.2,6.1,0,2020,1,31,Friday,1.0,1,False,True,False,False,False,False,False,False,True,Mid-High,0,Low_Missed,0,0.018703392791013747,0.13049369244535283,0.0727272727272727,0.11291478497434171,0.18300261927702538,0.44558365610997175,0.0,0.2790697674418605,0.37720930232558136,0.3013698630136986,0.14293950323647492,0.21270779710423138,0.7423529411764705,0.0,0.5507246376811594,0.38199999999999995,-1.1725557244174267,0.44297299392327594,0.4833272075920069,-0.14150943396226415,-0.5,-0.7777777777777778,0.9057384760112889,3.925136644573529,7.046985170979147,0.019739439399921045,0.5271332611757019,0.4811140346648735,0.2379,6.33,0.4966
CUST01172,52.0,276903.79,145478.8,744.0,42,14.29,2021-07-07,0,Female,Post-Graduate,Salaried,2,8.55,5.0,5.9,0,2021,7,7,Wednesday,3.0,0,False,False,False,True,False,False,True,False,False,Low,1,High_Missed,1,-0.5685008801212392,0.20898671889279066,0.6181818181818182,0.0356758976045496,0.19527125323805933,0.7316523632313106,0.3333333333333333,0.37209302325581395,0.10302325581395348,0.7123287671232876,0.06831488086950056,0.22453035625265466,0.8752941176470588,0.3333333333333333,0.6086956521739131,0.10992307692307692,0.9703014184397161,-0.490241969850471,0.5785720822364608,0.9245283018867925,0.5,-0.3333333333333333,-0.4252116650987771,2.727199019940971,3.7802116342871597,0.06540222367560497,0.6101742093835424,-0.9415311123658756,0.5254,7.0,0.1429
CUST01173,33.0,700196.48,153099.14,741.0,47,9.46,2018-02-21,1,Male,Graduate,Self-Employed,1,8.75,5.2,6.1,0,2018,2,21,Wednesday,2.0,1,False,True,False,False,False,False,True,False,False,High,1,Med_Missed,1,0.2532387733807987,0.28707201890186,0.2727272727272727,0.14376478501906673,0.2074761586533233,0.7240576187944607,0.16666666666666666,0.4883720930232558,0.06558139534883721,0.4520547945205479,0.17274533915351478,0.23629150395916834,0.8717647058823529,0.16666666666666666,0.6811594202898551,0.07276923076923078,-0.386841438703141,0.815708576406792,0.6733222141595643,0.8962264150943396,0.0,0.2222222222222222,-0.606961429915334,2.347558458636777,3.0757112998459397,0.09560229445506692,0.6879619409495943,0.7886168381008217,0.2187,7.83,0.0946
CUST01174,23.0,373536.92,117441.12,599.0,40,68.31,2019-06-23,1,Female,Secondary,Salaried,1,8.75,5.2,6.1,0,2019,6,23,Sunday,1.0,0,False,True,False,False,False,False,False,False,True,Mid-Low,0,Med_Missed,1,-0.38090662999842845,-0.07831419607403174,0.09090909090909088,0.060351418245084165,0.15036548361840485,0.364573048783575,0.16666666666666666,0.32558139534883723,0.5217829457364341,0.3150684931506849,0.09215522181968026,0.18125731386504954,0.7047058823529412,0.16666666666666666,0.5797101449275363,0.5254615384615384,-1.1011271529888553,-0.1921076247710672,0.22995589466244837,-0.44339622641509435,0.0,-0.5555555555555556,1.6075258701787396,4.238589195929893,8.264986388373547,0.014427932477276006,0.27767343623952817,-0.3184004641432986,0.3144,6.67,0.6831
CUST01175,56.0,752583.14,110891.16,778.0,44,10.13,2019-08-17,0,Male,Graduate,Self-Employed,1,9.1,5.6,7.2,0,2019,8,17,Saturday,2.0,1,True,False,False,False,True,False,False,False,False,High,1,Med_Missed,1,0.3549371888118072,-0.14543135772920743,0.6909090909090908,0.15714185466504288,0.139874922531398,0.8177261335156072,0.16666666666666666,0.4186046511627908,0.07077519379844961,0.7671232876712328,0.18566964198465707,0.17114817870418325,0.9152941176470588,0.16666666666666666,0.6376811594202898,0.07792307692307693,1.2560157041540019,0.9773328823771917,0.14851470252521462,1.2452830188679245,0.0,-0.1111111111111111,-0.5817497648165569,2.4096441652874536,3.1827660925679098,0.08984725965858041,0.18678771475956416,0.9003060373541136,0.1473,7.33,0.1013
CUST01176,37.0,252379.3,104841.04,654.0,55,7.37,2021-09-07,0,Female,Graduate,Self-Employed,1,8.75,5.2,6.1,0,2021,9,7,Tuesday,2.0,0,False,True,False,False,True,False,False,False,False,Low,0,Med_Missed,3,-0.61611036261647,-0.20742668015456767,0.34545454545454546,0.029413505408482032,0.13018491626514256,0.5038100301258195,0.16666666666666666,0.6744186046511629,0.04937984496124031,0.5068493150684932,0.06226444864993702,0.16181049102067668,0.7694117647058824,0.16666666666666666,0.7971014492753623,0.056692307692307695,-0.10112715298885533,-0.5659053863677296,0.07328844383457801,0.07547169811320754,0.0,1.1111111111111112,-0.6856067732831609,2.124653884501384,2.7147743920996454,0.1194743130227001,0.09720544771881079,-1.148732015648254,0.4154,9.17,0.0737
CUST01177,59.0,315248.08,69870.84,654.0,41,10.44,2017-01-05,1,Male,Graduate,Salaried,0,8.55,5.0,5.9,0,2017,1,5,Thursday,2.0,1,False,False,False,True,False,True,False,False,False,Low,0,Low_Missed,1,-0.4940629691372775,-0.5657648328324203,0.7454545454545455,0.0454672116118848,0.07417586898472416,0.5038100301258195,0.0,0.34883720930232565,0.0731782945736434,0.8082191780821918,0.07777479329386855,0.10783787463790075,0.7694117647058824,0.0,0.5942028985507246,0.0803076923076923,1.470301418439716,-0.37194144717584854,-0.3615256278967754,0.07547169811320754,-0.5,-0.4444444444444444,-0.5700846660395109,2.437115985951652,3.2310988842807022,0.08741258741258742,-0.5727767097884671,-0.6632273974225233,0.2216,6.83,0.1044
CUST01178,51.0,535238.37,120007.71,658.0,36,33.0,2024-01-05,0,Male,Graduate,Salaried,1,9.1,5.6,7.2,0,2024,1,5,Friday,2.0,1,True,False,False,False,False,True,False,False,False,Mid-High,0,Med_Missed,0,-0.06699501131732834,-0.05201445745997023,0.6,0.10164230333883376,0.1544761910395649,0.513936356041619,0.16666666666666666,0.2325581395348837,0.24806201550387597,0.6986301369863014,0.13204855550491262,0.18521856022571861,0.7741176470588236,0.16666666666666666,0.5217391304347826,0.25384615384615383,0.8988728470111447,0.30677672156170677,0.26186847875876407,0.11320754716981132,0.0,-1.0,0.2788334901222954,3.5263605246161616,5.744562646538029,0.029411764705882353,0.3117168690071523,0.3460295571591307,0.2242,6.0,0.33
CUST01179,29.0,794325.45,333429.76,656.0,43,96.28,2019-06-29,1,Male,Post-Graduate,Salaried,2,8.75,5.2,6.1,0,2019,6,29,Saturday,3.0,1,False,True,False,False,False,False,False,True,False,High,0,High_Missed,1,0.4359716884998944,2.1349122154707048,0.19999999999999996,0.1678008619018838,0.4962976758790516,0.5088731930837194,0.3333333333333333,0.39534883720930236,0.7386046511627907,0.3972602739726027,0.19596787927085588,0.5146117702238207,0.7717647058823529,0.3333333333333333,0.6231884057971014,0.7406153846153847,-0.6725557244174267,1.1061170400874039,2.9155253225215247,0.09433962264150944,0.5,-0.2222222222222222,2.660018814675447,4.577593418217857,9.812237257628864,0.010279605263157895,1.8055896042583932,0.9819763698067171,0.4198,7.17,0.9628
CUST01180,37.0,1017953.15,204108.94,454.99,45,15.14,2017-10-05,1,Male,Graduate,Salaried,2,9.1,5.6,7.2,0,2017,10,5,Thursday,2.0,1,True,False,False,False,False,True,False,False,False,High,0,High_Missed,1,0.8701009637100516,0.8097672708725872,0.34545454545454546,0.2249047757163828,0.2891745847408117,0.0,0.3333333333333333,0.4418604651162792,0.10961240310077519,0.5068493150684932,0.2511390262046715,0.3150194599663437,0.5352823529411764,0.3333333333333333,0.6521739130434783,0.11646153846153846,-0.10112715298885533,1.7960574143784303,1.3075701977628031,-1.8019811320754715,0.5,0.0,-0.39322671683913457,2.7813006628418027,3.891015291668744,0.06195786864931846,1.115561277087505,1.337347206926837,0.2005,7.5,0.1514
CUST01181,39.0,451659.15,118462.39,635.0,48,55.15,2015-03-03,1,Female,Graduate,Self-Employed,2,9.1,5.6,7.2,0,2015,3,3,Tuesday,2.0,0,True,False,False,False,False,True,False,False,False,Mid-High,0,High_Missed,2,-0.22924765802089075,-0.06784928580227716,0.38181818181818183,0.08030013250953559,0.1520011722823551,0.4557099820257715,0.3333333333333333,0.5116279069767442,0.4197674418604651,0.5342465753424658,0.11142874218467681,0.1828335305848063,0.7470588235294118,0.3333333333333333,0.6956521739130435,0.42423076923076924,0.04172998986828753,0.04891654444701118,0.2426542082848206,-0.10377358490566038,0.5,0.3333333333333333,1.1123236124176858,4.0280266811844525,7.42630459919333,0.017809439002671415,0.29132066797545497,0.04320438409095437,0.2623,8.0,0.5515
CUST01182,55.0,1108893.04,164966.53,541.0,45,26.73,2016-03-03,0,Male,Secondary,Unemployed,0,9.1,5.6,7.2,0,2016,3,3,Thursday,1.0,1,True,False,False,False,False,False,False,True,False,High,0,Low_Missed,1,1.046642906114286,0.4086766597019588,0.6727272727272727,0.24812651274117897,0.22648323346573973,0.2177413230044809,0.0,0.4418604651162792,0.1994573643410853,0.7534246575342466,0.2735747890074684,0.25460750123498577,0.6364705882352941,0.0,0.6521739130434783,0.20561538461538462,1.1845871327254305,2.0766268686302283,0.8208795105640441,-0.9905660377358491,-0.5,0.0,0.042897460018814705,3.322514859627687,5.170106381884226,0.036062026685899744,0.8006828848631841,1.452692428348325,0.1488,7.5,0.2673
CUST01183,43.0,382761.64,58600.26,780.0,47,3.19,2018-02-04,0,Male,Secondary,Salaried,0,8.55,5.0,5.9,0,2018,2,4,Sunday,1.0,1,False,False,False,True,False,True,False,False,False,Mid-Low,1,Low_Missed,1,-0.36299864718763775,-0.6812539869352835,0.4545454545454545,0.06270697444783939,0.05612465829397209,0.8227892964735068,0.0,0.4883720930232558,0.01697674418604651,0.589041095890411,0.09443105071987157,0.09044298725517526,0.9176470588235294,0.0,0.6811594202898551,0.024538461538461537,0.3274442755825732,-0.16364734561276106,-0.5016622808348185,1.2641509433962264,-0.5,0.2222222222222222,-0.8428974600188147,1.4327007339340463,1.786057109949175,0.23866348448687355,-0.8756139062092075,-0.27054111191376745,0.1531,7.83,0.0319
CUST01184,40.0,766341.99,84431.24,777.0,45,15.54,2023-06-05,0,Male,Post-Graduate,Salaried,2,9.1,5.6,7.2,0,2023,6,5,Monday,3.0,1,True,False,False,False,False,True,False,False,False,High,1,High_Missed,1,0.3816472948417188,-0.4165650330528763,0.4,0.16065521273556194,0.09749612829184291,0.8151945520366572,0.3333333333333333,0.4418604651162792,0.11271317829457364,0.547945205479452,0.18906408522666301,0.13031023349143236,0.9141176470588235,0.3333333333333333,0.6521739130434783,0.11953846153846154,0.11315856129685896,1.0197819444514074,-0.18048386061957358,1.2358490566037736,0.5,0.0,-0.37817497648165577,2.805781689595545,3.9420806688854046,0.060459492140266025,-0.2553732907123294,0.9278945026246141,0.1102,7.5,0.1554
CUST01185,36.0,276208.0,174330.8,718.0,42,50.04,2024-10-28,1,Male,Graduate,Self-Employed,2,9.1,5.6,7.2,0,2024,10,28,Monday,2.0,1,True,False,False,False,False,True,False,False,False,Low,1,High_Missed,1,-0.5698516198033021,0.5046319362796344,0.32727272727272727,0.03549822582152366,0.2414812558155291,0.6658312447786132,0.3333333333333333,0.37209302325581395,0.3801550387596899,0.4931506849315068,0.06814322265218188,0.26906021103975486,0.8447058823529412,0.3333333333333333,0.6086956521739131,0.3849230769230769,-0.17255572441742675,-0.4923886342083656,0.9373133990602996,0.6792452830188679,0.5,-0.3333333333333333,0.9200376293508938,3.9326096390365346,7.0738956735309575,0.019592476489028215,0.8832677559228639,-0.9470607537525287,0.6312,7.0,0.5004
CUST01186,37.0,545850.42,240939.3,631.0,50,48.2,2025-12-12,1,Female,Secondary,Self-Employed,3,8.4,4.8,5.4,0,2025,12,12,Friday,1.0,0,False,False,True,False,False,False,False,True,False,Mid-High,0,High_Missed,2,-0.046393799683018426,1.187166403987647,0.34545454545454546,0.10435211785910634,0.34816290549948137,0.44558365610997175,0.5,0.558139534883721,0.36589147286821705,0.5068493150684932,0.13466665232305725,0.3718630265321493,0.7423529411764705,0.5,0.7246376811594203,0.3707692307692308,-0.10112715298885533,0.3395172172560913,1.7655132119557893,-0.14150943396226415,1.0,0.5555555555555556,0.8507996237064913,3.8958936234982624,6.942621983083913,0.02032520325203252,1.3542865722253505,0.37985682539322124,0.4414,8.33,0.482
CUST01187,52.0,137194.3,62160.83,569.0,48,13.68,2018-06-04,0,Male,Graduate,Salaried,0,9.1,5.6,7.2,0,2018,6,4,Monday,2.0,1,True,False,False,False,False,True,False,False,False,Low,0,Low_Missed,2,-0.8397194260960029,-0.6447689775192613,0.6181818181818182,7.165959911778486e-07,0.0618273461103197,0.2886256044150781,0.0,0.5116279069767442,0.09829457364341085,0.7123287671232876,0.03384717941373977,0.09593833125418072,0.6694117647058824,0.0,0.6956521739130435,0.10523076923076922,0.9703014184397161,-0.9212763087208721,-0.45739070276593397,-0.7264150943396226,-0.5,0.3333333333333333,-0.44816556914393235,2.6864860231863696,3.698648401781386,0.0681198910081744,-0.7732091646328598,-2.6989688961963827,0.4531,8.0,0.1368
CUST01188,38.0,252509.59,73854.12,597.0,44,41.03,2022-04-28,1,Other,Primary,Self-Employed,0,8.55,5.0,5.9,0,2022,4,28,Thursday,0.0,2,False,False,False,True,False,True,False,False,False,Low,0,Low_Missed,1,-0.6158574301610223,-0.5249483320174796,0.36363636363636365,0.02944677529826263,0.08055557850457662,0.35950988582567533,0.0,0.4186046511627908,0.31031007751937983,0.5205479452054794,0.06229659247082328,0.11398562453310247,0.7023529411764706,0.0,0.6376811594202898,0.31561538461538463,-0.0296985815602839,-0.5655034132160744,-0.3119981389019722,-0.46226415094339623,-0.5,-0.1111111111111111,0.5809971777986831,3.7383836490170252,6.4054664154923175,0.0237925291458482,-0.4789092639229989,-1.1475594486583065,0.2925,7.33,0.4103
CUST01189,34.0,558683.5,365428.34,805.0,49,22.24,2018-01-31,1,Male,Graduate,Salaried,1,9.1,5.6,7.2,0,2018,1,31,Wednesday,2.0,1,True,False,False,False,True,False,False,False,False,Mid-High,1,Med_Missed,2,-0.021480894353696774,2.462800304343931,0.2909090909090909,0.10762907815648706,0.5475473107146045,0.8860788334472542,0.16666666666666666,0.5348837209302326,0.16465116279069764,0.4657534246575342,0.13783269902609718,0.5639980214644074,0.9470588235294117,0.16666666666666666,0.7101449275362319,0.17107692307692307,-0.31541286727456963,0.3791100763630206,3.313390729623041,1.5,0.0,0.4444444444444444,-0.1260583254938853,3.1458749319837103,4.715930449020639,0.04302925989672978,1.929107798351639,0.41958559814855634,0.6541,8.17,0.2224
CUST01190,32.0,229528.06,104585.14,595.0,46,32.08,2016-08-21,0,Female,Secondary,Salaried,1,9.1,5.6,7.2,0,2016,8,21,Sunday,1.0,0,True,False,False,False,True,False,False,False,False,Low,0,High_Missed,1,-0.6604715587422333,-0.21004887657524185,0.2545454545454545,0.023578381944284924,0.12977506115424642,0.35444672286777545,0.16666666666666666,0.4651162790697674,0.2409302325581395,0.4383561643835616,0.056626823616634424,0.1614155378167387,0.7,0.16666666666666666,0.6666666666666666,0.24676923076923077,-0.4582700101317125,-0.636406460602335,0.07010662271385092,-0.4811320754716981,0.0,0.1111111111111111,0.24421448730009404,3.4989288701554906,5.663920903402518,0.030229746070133012,0.09328684778887092,-1.3681351898511684,0.4557,7.67,0.3208
CUST01191,32.0,547695.53,294789.61,462.0,44,57.28,2021-03-29,1,Male,Graduate,Salaried,1,8.4,4.8,5.4,0,2021,3,29,Monday,2.0,1,False,False,True,False,False,False,False,True,False,Mid-High,0,High_Missed,1,-0.04281188086445075,1.7389682411670082,0.2545454545454545,0.10482327148818837,0.4344107553503597,0.017746386167438732,0.16666666666666666,0.4186046511627908,0.43627906976744185,0.4383561643835616,0.13512185905692362,0.45497499397081315,0.5435294117647059,0.16666666666666666,0.6376811594202898,0.44061538461538463,-0.4582700101317125,0.34520978523406587,2.435079658676014,-1.7358490566037736,0.0,-0.1111111111111111,1.1924741298212609,4.065258981327004,7.5683551713698005,0.017158544955387784,1.636976681421859,0.38564691093379866,0.5382,7.33,0.5728
CUST01192,23.0,696086.39,111760.6,732.0,44,14.17,2022-05-24,0,Male,Graduate,Salaried,1,9.1,5.6,7.2,0,2022,5,24,Tuesday,2.0,1,True,False,False,False,False,False,False,True,False,High,1,High_Missed,1,0.24525984057082706,-0.1365222430125563,0.09090909090909088,0.1427152628662662,0.14126743690270516,0.7012733854839117,0.16666666666666666,0.4186046511627908,0.10209302325581396,0.3150684931506849,0.1717313396386908,0.17249006269649214,0.8611764705882353,0.16666666666666666,0.6376811594202898,0.109,-1.1011271529888553,0.8030280496519678,0.15932518535133824,0.8113207547169812,0.0,-0.1111111111111111,-0.42972718720602077,2.719319793360441,3.7643060449437424,0.06591957811470006,0.19920058410987457,0.7793735961841528,0.1606,7.33,0.1417
CUST01193,30.0,344324.53,114428.81,770.0,39,17.91,2023-09-29,0,Female,Secondary,Self-Employed,3,8.55,5.0,5.9,0,2023,9,29,Friday,1.0,0,False,False,False,True,False,True,False,False,False,Mid-Low,1,High_Missed,0,-0.4376167499784507,-0.10918120857876495,0.21818181818181814,0.05289195861250945,0.14554090116782475,0.7974734816840079,0.5,0.3023255813953488,0.13108527131782943,0.410958904109589,0.08494823869112364,0.1766081482309954,0.9058823529411765,0.5,0.5652173913043478,0.13776923076923078,-0.6011271529888553,-0.2822342382922696,0.19250129685010894,1.169811320754717,1.0,-0.6666666666666666,-0.28899341486359365,2.9396908826703663,4.232020793899765,0.052882072977260705,0.236615187587693,-0.481260229684464,0.3323,6.5,0.1791
CUST01194,54.0,272535.33,82183.14,783.0,47,58.0,2016-05-04,1,Other,Primary,Salaried,4,8.75,5.2,6.1,0,2016,5,4,Wednesday,0.0,2,False,True,False,False,False,False,False,True,False,Low,1,High_Missed,1,-0.5769813875609908,-0.4396012181772131,0.6545454545454545,0.03456040000142582,0.09389552151261062,0.8303840409103567,0.6666666666666666,0.4883720930232558,0.4418604651162791,0.7397260273972602,0.06723713894157976,0.12684054104214357,0.9211764705882353,0.6666666666666666,0.6811594202898551,0.4461538461538462,1.1131585612968589,-0.5037196245751556,-0.20843638919130775,1.2924528301886793,1.5,0.2222222222222222,1.2195672624647225,4.07753744390572,7.615773105863909,0.01694915254237288,-0.30009823316229817,-0.9765664150532571,0.3016,7.83,0.58
CUST01195,36.0,349027.74,173777.86,733.0,48,89.7,2023-08-02,0,Female,Graduate,Salaried,1,8.75,5.2,6.1,0,2023,8,2,Wednesday,2.0,0,False,True,False,False,False,True,False,False,False,Mid-Low,1,High_Missed,2,-0.4284863911344383,0.49896598360731076,0.32727272727272727,0.05409293549726696,0.24059565485805,0.7038049669628617,0.16666666666666666,0.5116279069767442,0.6875968992248062,0.4931506849315068,0.08610856672727743,0.26820680961503635,0.8623529411764705,0.16666666666666666,0.6956521739130435,0.6900000000000001,-0.17255572441742675,-0.2677238065891789,0.9304382284057671,0.8207547169811321,0.0,0.3333333333333333,2.4124176857949204,4.507557357121091,9.47100839404126,0.011025358324145534,0.8785337411660428,-0.4537918934835463,0.4979,8.0,0.897
CUST01196,46.0,272963.63,222941.91,746.0,57,45.82,2018-06-28,0,Male,Secondary,Salaried,1,8.4,4.8,5.4,0,2018,6,28,Thursday,1.0,1,False,False,True,False,False,False,False,False,True,Low,1,High_Missed,3,-0.576149927198198,1.0027479137982043,0.509090909090909,0.03466976751844965,0.31933788684262127,0.7367155261892102,0.16666666666666666,0.7209302325581395,0.34744186046511627,0.6301369863013698,0.06734280475235255,0.3440860556723542,0.8776470588235294,0.16666666666666666,0.8260869565217391,0.35246153846153844,0.5417299898682876,-0.5023982253821718,1.5417364412642538,0.9433962264150944,0.0,1.3333333333333333,0.7612417685794921,3.846310462062765,6.769047200308179,0.021358393848782572,1.2432786236334252,-0.9730976727103156,0.8167,9.5,0.4582
CUST01197,18.0,420581.36,53050.45,654.0,53,30.63,2018-03-14,1,Male,Primary,Salaried,1,8.4,4.8,5.4,0,2018,3,14,Wednesday,0.0,1,False,False,True,False,False,False,False,True,False,Mid-Low,0,High_Missed,2,-0.2895790858709893,-0.7381226540608097,0.0,0.07236433814369854,0.04723595961088367,0.5038100301258195,0.16666666666666666,0.627906976744186,0.22968992248062015,0.2465753424657534,0.10376154658024915,0.0818774724417829,0.7694117647058824,0.16666666666666666,0.7681159420289855,0.23561538461538462,-1.4582700101317125,-0.04696523614071538,-0.5706677621713674,0.07547169811320754,0.0,0.8888888888888888,0.1896519285042333,3.4541060373175574,5.534437640808685,0.03161555485298767,-1.050333528549391,-0.08962103038216422,0.1261,8.83,0.3063
CUST01198,44.0,465582.84,79899.88,484.0,56,45.53,2015-05-13,1,Female,Graduate,Salaried,2,9.1,5.6,7.2,0,2015,5,13,Wednesday,2.0,0,True,False,False,False,False,True,False,False,False,Mid-High,0,High_Missed,3,-0.20221754749365772,-0.4629976863267585,0.47272727272727266,0.08385558290203975,0.09023860169821186,0.07344117870433653,0.3333333333333333,0.6976744186046513,0.3451937984496124,0.6027397260273972,0.11486385307143591,0.12331658304127034,0.5694117647058824,0.3333333333333333,0.8115942028985508,0.35023076923076923,0.39887284701114467,0.09187417398088477,-0.23682609177869152,-1.528301886792453,0.5,1.2222222222222223,0.75032925682032,3.8400972658565573,6.747592163134936,0.02149151085321298,-0.3469789608217092,0.09873838484320642,0.1716,9.33,0.4553
CUST01199,36.0,379646.16,170936.45,652.0,54,15.47,2017-05-08,0,Male,Secondary,Salaried,0,8.75,5.2,6.1,0,2017,5,8,Monday,1.0,1,False,True,False,False,True,False,False,False,False,Mid-Low,0,Low_Missed,2,-0.36904673995222714,0.46985017613693975,0.32727272727272727,0.061911428540911057,0.23604478963471548,0.4987468671679198,0.0,0.6511627906976745,0.11217054263565891,0.4931506849315068,0.09366243124719727,0.26382140913359264,0.7670588235294118,0.0,0.782608695652174,0.11900000000000001,-0.17255572441742675,-0.17325928294117,0.8951085748276298,0.05660377358490566,-0.5,1.0,-0.38080903104421454,2.801540544189549,3.9331920878594273,0.060716454159077116,0.853931972226071,-0.28652728455389365,0.4503,9.0,0.1547
CUST01200,33.0,1021905.54,91333.31,700.0,55,25.57,2020-08-08,1,Female,Secondary,Self-Employed,2,8.4,4.8,5.4,0,2020,8,8,Saturday,1.0,0,False,False,True,False,False,False,True,False,False,High,0,High_Missed,3,0.8777737529309213,-0.34583981519729573,0.2727272727272727,0.22591402876473626,0.1085506365578167,0.620262778157515,0.3333333333333333,0.6744186046511629,0.19046511627906976,0.4520547945205479,0.2521141195827715,0.14096281129645108,0.8235294117647058,0.3333333333333333,0.7971014492753623,0.1966923076923077,-0.386841438703141,1.808251402135511,-0.0946645870645233,0.5094339622641509,0.5,1.1111111111111112,-0.0007525870178739257,3.279782759771722,5.056678751908213,0.03763643206624012,-0.12613596058465334,1.3426487608000746,0.0894,9.17,0.2557
